Timestamp,FIT-102-SoftWaterSupply-01_Total(m³)
09-Jan-26 7:00:00 PM ICT,6.0
09-Jan-26 8:00:00 PM ICT,6.0
09-Jan-26 9:00:00 PM ICT,6.0
09-Jan-26 10:00:00 PM ICT,6.0
09-Jan-26 11:00:00 PM ICT,6.0
10-Jan-26 12:00:00 AM ICT,6.0
10-Jan-26 1:00:00 AM ICT,6.0
10-Jan-26 2:00:00 AM ICT,6.0
10-Jan-26 3:00:00 AM ICT,6.0
10-Jan-26 4:00:00 AM ICT,6.0
10-Jan-26 5:00:00 AM ICT,6.0
10-Jan-26 6:00:00 AM ICT,6.0
10-Jan-26 7:00:00 AM ICT,6.0
10-Jan-26 8:00:00 AM ICT,6.0
10-Jan-26 9:00:00 AM ICT,6.0
10-Jan-26 10:00:00 AM ICT,6.0
10-Jan-26 11:00:00 AM ICT,6.0
10-Jan-26 12:00:00 PM ICT,6.0
10-Jan-26 1:00:00 PM ICT,6.0
10-Jan-26 2:00:00 PM ICT,6.0
10-Jan-26 3:00:00 PM ICT,6.0
10-Jan-26 4:00:00 PM ICT,6.0
10-Jan-26 5:00:00 PM ICT,6.0
10-Jan-26 6:00:00 PM ICT,6.0
10-Jan-26 7:00:00 PM ICT,6.0
10-Jan-26 8:00:00 PM ICT,6.0
10-Jan-26 9:00:00 PM ICT,6.0
10-Jan-26 10:00:00 PM ICT,6.0
10-Jan-26 11:00:00 PM ICT,6.0
11-Jan-26 12:00:00 AM ICT,6.0
11-Jan-26 1:00:00 AM ICT,6.0
11-Jan-26 2:00:00 AM ICT,6.0
11-Jan-26 3:00:00 AM ICT,6.0
11-Jan-26 4:00:00 AM ICT,6.0
11-Jan-26 5:00:00 AM ICT,6.0
11-Jan-26 6:00:00 AM ICT,6.0
11-Jan-26 7:00:00 AM ICT,6.0
11-Jan-26 8:00:00 AM ICT,6.0
11-Jan-26 9:00:00 AM ICT,6.0
11-Jan-26 10:00:00 AM ICT,6.0
11-Jan-26 11:00:00 AM ICT,6.0
11-Jan-26 12:00:00 PM ICT,6.0
11-Jan-26 1:00:00 PM ICT,6.0
11-Jan-26 2:00:00 PM ICT,6.0
11-Jan-26 3:00:00 PM ICT,6.0
11-Jan-26 4:00:00 PM ICT,6.0
11-Jan-26 5:00:00 PM ICT,6.0
11-Jan-26 6:00:00 PM ICT,6.0
11-Jan-26 7:00:00 PM ICT,6.0
11-Jan-26 8:00:00 PM ICT,6.0
11-Jan-26 9:00:00 PM ICT,6.0
11-Jan-26 10:00:00 PM ICT,6.0
11-Jan-26 11:00:00 PM ICT,6.0
12-Jan-26 12:00:00 AM ICT,6.0
12-Jan-26 1:00:00 AM ICT,6.0
12-Jan-26 2:00:00 AM ICT,6.0
12-Jan-26 3:00:00 AM ICT,6.0
12-Jan-26 4:00:00 AM ICT,6.0
12-Jan-26 5:00:00 AM ICT,6.0
12-Jan-26 6:00:00 AM ICT,6.0
12-Jan-26 7:00:00 AM ICT,6.0
12-Jan-26 8:00:00 AM ICT,6.0
12-Jan-26 9:00:00 AM ICT,6.0
12-Jan-26 10:00:00 AM ICT,6.0
12-Jan-26 11:00:00 AM ICT,6.0
12-Jan-26 12:00:00 PM ICT,6.0
12-Jan-26 1:00:00 PM ICT,6.0
12-Jan-26 2:00:00 PM ICT,6.0
12-Jan-26 3:00:00 PM ICT,6.0
12-Jan-26 4:00:00 PM ICT,6.0
12-Jan-26 5:00:00 PM ICT,6.0
12-Jan-26 6:00:00 PM ICT,6.0
12-Jan-26 7:00:00 PM ICT,6.0
12-Jan-26 8:00:00 PM ICT,6.0
12-Jan-26 9:00:00 PM ICT,6.0
12-Jan-26 10:00:00 PM ICT,6.0
12-Jan-26 11:00:00 PM ICT,6.0
13-Jan-26 12:00:00 AM ICT,6.0
13-Jan-26 1:00:00 AM ICT,6.0
13-Jan-26 2:00:00 AM ICT,6.0
13-Jan-26 3:00:00 AM ICT,6.0
13-Jan-26 4:00:00 AM ICT,6.0
13-Jan-26 5:00:00 AM ICT,6.0
13-Jan-26 6:00:00 AM ICT,6.0
13-Jan-26 7:00:00 AM ICT,6.0
13-Jan-26 8:00:00 AM ICT,6.0
13-Jan-26 9:00:00 AM ICT,6.0
13-Jan-26 10:00:00 AM ICT,6.0
13-Jan-26 11:00:00 AM ICT,6.0
13-Jan-26 12:00:00 PM ICT,6.0
13-Jan-26 1:00:00 PM ICT,6.0
13-Jan-26 2:00:00 PM ICT,6.0
13-Jan-26 3:00:00 PM ICT,6.0
13-Jan-26 4:00:00 PM ICT,6.0
13-Jan-26 5:00:00 PM ICT,6.0
13-Jan-26 6:00:00 PM ICT,6.0
13-Jan-26 7:00:00 PM ICT,6.0
13-Jan-26 8:00:00 PM ICT,6.0
13-Jan-26 9:00:00 PM ICT,6.0
13-Jan-26 10:00:00 PM ICT,6.0
13-Jan-26 11:00:00 PM ICT,6.0
14-Jan-26 12:00:00 AM ICT,6.0
14-Jan-26 1:00:00 AM ICT,6.0
14-Jan-26 2:00:00 AM ICT,6.0
14-Jan-26 3:00:00 AM ICT,6.0
14-Jan-26 4:00:00 AM ICT,6.0
14-Jan-26 5:00:00 AM ICT,6.0
14-Jan-26 6:00:00 AM ICT,6.0
14-Jan-26 7:00:00 AM ICT,6.0
14-Jan-26 8:00:00 AM ICT,6.0
14-Jan-26 9:00:00 AM ICT,6.0
14-Jan-26 10:00:00 AM ICT,6.0
14-Jan-26 11:00:00 AM ICT,6.0
14-Jan-26 12:00:00 PM ICT,6.0
14-Jan-26 1:00:00 PM ICT,6.0
14-Jan-26 2:00:00 PM ICT,6.0
14-Jan-26 3:00:00 PM ICT,6.0
14-Jan-26 4:00:00 PM ICT,6.0
14-Jan-26 5:00:00 PM ICT,6.0
14-Jan-26 6:00:00 PM ICT,6.0
14-Jan-26 7:00:00 PM ICT,6.0
14-Jan-26 8:00:00 PM ICT,6.0
14-Jan-26 9:00:00 PM ICT,6.0
14-Jan-26 10:00:00 PM ICT,6.0
14-Jan-26 11:00:00 PM ICT,6.0
15-Jan-26 12:00:00 AM ICT,6.0
15-Jan-26 1:00:00 AM ICT,6.0
15-Jan-26 2:00:00 AM ICT,6.0
15-Jan-26 3:00:00 AM ICT,6.0
15-Jan-26 4:00:00 AM ICT,6.0
15-Jan-26 5:00:00 AM ICT,6.0
15-Jan-26 6:00:00 AM ICT,6.0
15-Jan-26 7:00:00 AM ICT,6.0
15-Jan-26 8:00:00 AM ICT,6.0
15-Jan-26 9:00:00 AM ICT,6.0
15-Jan-26 10:00:00 AM ICT,6.0
15-Jan-26 11:00:00 AM ICT,6.0
15-Jan-26 12:00:00 PM ICT,6.0
15-Jan-26 1:00:00 PM ICT,6.0
15-Jan-26 2:00:00 PM ICT,6.0
15-Jan-26 3:00:00 PM ICT,6.0
15-Jan-26 4:00:00 PM ICT,6.0
15-Jan-26 5:00:00 PM ICT,6.0
15-Jan-26 6:00:00 PM ICT,6.0
15-Jan-26 7:00:00 PM ICT,6.0
15-Jan-26 8:00:00 PM ICT,6.0
15-Jan-26 9:00:00 PM ICT,6.0
15-Jan-26 10:00:00 PM ICT,6.0
15-Jan-26 11:00:00 PM ICT,6.0
16-Jan-26 12:00:00 AM ICT,6.0
16-Jan-26 1:00:00 AM ICT,6.0
16-Jan-26 2:00:00 AM ICT,6.0
16-Jan-26 3:00:00 AM ICT,6.0
16-Jan-26 4:00:00 AM ICT,6.0
16-Jan-26 5:00:00 AM ICT,6.0
16-Jan-26 6:00:00 AM ICT,6.0
16-Jan-26 7:00:00 AM ICT,6.0
16-Jan-26 8:00:00 AM ICT,6.0
16-Jan-26 9:00:00 AM ICT,6.0
16-Jan-26 10:00:00 AM ICT,6.0
16-Jan-26 11:00:00 AM ICT,6.0
16-Jan-26 12:00:00 PM ICT,6.0
16-Jan-26 1:00:00 PM ICT,6.0
16-Jan-26 2:00:00 PM ICT,6.0
16-Jan-26 3:00:00 PM ICT,6.0
16-Jan-26 4:00:00 PM ICT,6.0
16-Jan-26 5:00:00 PM ICT,6.0
16-Jan-26 6:00:00 PM ICT,6.0
17-Jan-26 3:00:00 PM ICT,6.0
17-Jan-26 4:00:00 PM ICT,6.0
17-Jan-26 5:00:00 PM ICT,6.0
17-Jan-26 6:00:00 PM ICT,6.0
17-Jan-26 7:00:00 PM ICT,6.0
17-Jan-26 8:00:00 PM ICT,6.0
17-Jan-26 9:00:00 PM ICT,6.0
17-Jan-26 10:00:00 PM ICT,6.0
17-Jan-26 11:00:00 PM ICT,6.0
18-Jan-26 12:00:00 AM ICT,6.0
18-Jan-26 1:00:00 AM ICT,6.0
18-Jan-26 2:00:00 AM ICT,6.0
18-Jan-26 3:00:00 AM ICT,6.0
18-Jan-26 4:00:00 AM ICT,6.0
18-Jan-26 5:00:00 AM ICT,6.0
18-Jan-26 6:00:00 AM ICT,6.0
18-Jan-26 7:00:00 AM ICT,6.0
18-Jan-26 8:00:00 AM ICT,6.0
18-Jan-26 9:00:00 AM ICT,6.0
18-Jan-26 10:00:00 AM ICT,6.0
18-Jan-26 11:00:00 AM ICT,6.0
18-Jan-26 12:00:00 PM ICT,6.0
18-Jan-26 1:00:00 PM ICT,6.0
18-Jan-26 2:00:00 PM ICT,6.0
18-Jan-26 3:00:00 PM ICT,6.0
18-Jan-26 4:00:00 PM ICT,6.0
18-Jan-26 5:00:00 PM ICT,6.0
18-Jan-26 6:00:00 PM ICT,6.0
18-Jan-26 7:00:00 PM ICT,6.0
18-Jan-26 8:00:00 PM ICT,6.0
18-Jan-26 9:00:00 PM ICT,6.0
18-Jan-26 10:00:00 PM ICT,6.0
18-Jan-26 11:00:00 PM ICT,6.0
19-Jan-26 12:00:00 AM ICT,6.0
19-Jan-26 1:00:00 AM ICT,6.0
19-Jan-26 2:00:00 AM ICT,6.0
19-Jan-26 3:00:00 AM ICT,6.0
19-Jan-26 4:00:00 AM ICT,6.0
19-Jan-26 5:00:00 AM ICT,6.0
19-Jan-26 6:00:00 AM ICT,6.0
19-Jan-26 7:00:00 AM ICT,6.0
19-Jan-26 8:00:00 AM ICT,6.0
19-Jan-26 9:00:00 AM ICT,6.0
19-Jan-26 10:00:00 AM ICT,6.0
19-Jan-26 11:00:00 AM ICT,6.0
19-Jan-26 12:00:00 PM ICT,6.0
19-Jan-26 1:00:00 PM ICT,6.0
19-Jan-26 2:00:00 PM ICT,6.0
19-Jan-26 3:00:00 PM ICT,6.0
19-Jan-26 4:00:00 PM ICT,6.0
19-Jan-26 5:00:00 PM ICT,6.0
19-Jan-26 6:00:00 PM ICT,6.0
19-Jan-26 7:00:00 PM ICT,6.0
19-Jan-26 8:00:00 PM ICT,6.0
19-Jan-26 9:00:00 PM ICT,6.0
19-Jan-26 10:00:00 PM ICT,6.0
19-Jan-26 11:00:00 PM ICT,6.0
20-Jan-26 12:00:00 AM ICT,6.0
20-Jan-26 1:00:00 AM ICT,6.0
20-Jan-26 2:00:00 AM ICT,6.0
20-Jan-26 3:00:00 AM ICT,6.0
20-Jan-26 4:00:00 AM ICT,6.0
20-Jan-26 5:00:00 AM ICT,6.0
20-Jan-26 6:00:00 AM ICT,6.0
20-Jan-26 7:00:00 AM ICT,6.0
20-Jan-26 8:00:00 AM ICT,6.0
20-Jan-26 9:00:00 AM ICT,6.0
20-Jan-26 10:00:00 AM ICT,6.0
20-Jan-26 11:00:00 AM ICT,6.0
20-Jan-26 12:00:00 PM ICT,6.0
20-Jan-26 1:00:00 PM ICT,6.0
20-Jan-26 2:00:00 PM ICT,6.0
20-Jan-26 3:00:00 PM ICT,6.0
20-Jan-26 4:00:00 PM ICT,6.0
20-Jan-26 5:00:00 PM ICT,6.0
20-Jan-26 6:00:00 PM ICT,6.0
20-Jan-26 7:00:00 PM ICT,6.0
20-Jan-26 8:00:00 PM ICT,6.0
20-Jan-26 9:00:00 PM ICT,6.0
20-Jan-26 10:00:00 PM ICT,6.0
20-Jan-26 11:00:00 PM ICT,6.0
21-Jan-26 12:00:00 AM ICT,6.0
21-Jan-26 1:00:00 AM ICT,6.0
21-Jan-26 2:00:00 AM ICT,6.0
21-Jan-26 3:00:00 AM ICT,6.0
21-Jan-26 4:00:00 AM ICT,6.0
21-Jan-26 5:00:00 AM ICT,6.0
21-Jan-26 6:00:00 AM ICT,6.0
21-Jan-26 7:00:00 AM ICT,6.0
21-Jan-26 8:00:00 AM ICT,6.0
21-Jan-26 9:00:00 AM ICT,6.0
21-Jan-26 10:00:00 AM ICT,6.0
21-Jan-26 11:00:00 AM ICT,6.0
21-Jan-26 12:00:00 PM ICT,6.0
21-Jan-26 1:00:00 PM ICT,6.0
21-Jan-26 2:00:00 PM ICT,6.0
21-Jan-26 3:00:00 PM ICT,6.0
21-Jan-26 4:00:00 PM ICT,6.0
21-Jan-26 5:00:00 PM ICT,6.0
21-Jan-26 6:00:00 PM ICT,6.0
21-Jan-26 7:00:00 PM ICT,6.0
21-Jan-26 8:00:00 PM ICT,6.0
21-Jan-26 9:00:00 PM ICT,6.0
21-Jan-26 10:00:00 PM ICT,6.0
21-Jan-26 11:00:00 PM ICT,6.0
22-Jan-26 12:00:00 AM ICT,6.0
22-Jan-26 1:00:00 AM ICT,6.0
22-Jan-26 2:00:00 AM ICT,6.0
22-Jan-26 3:00:00 AM ICT,6.0
22-Jan-26 4:00:00 AM ICT,6.0
22-Jan-26 5:00:00 AM ICT,6.0
22-Jan-26 6:00:00 AM ICT,6.0
22-Jan-26 7:00:00 AM ICT,6.0
22-Jan-26 8:00:00 AM ICT,6.0
22-Jan-26 9:00:00 AM ICT,6.0
22-Jan-26 10:00:00 AM ICT,6.0
22-Jan-26 11:00:00 AM ICT,6.0
22-Jan-26 12:00:00 PM ICT,6.0
22-Jan-26 1:00:00 PM ICT,6.0
22-Jan-26 2:00:00 PM ICT,6.0
22-Jan-26 3:00:00 PM ICT,6.0
22-Jan-26 4:00:00 PM ICT,6.0
22-Jan-26 5:00:00 PM ICT,6.0
22-Jan-26 6:00:00 PM ICT,6.0
22-Jan-26 7:00:00 PM ICT,6.0
22-Jan-26 8:00:00 PM ICT,6.0
22-Jan-26 9:00:00 PM ICT,6.0
22-Jan-26 10:00:00 PM ICT,6.0
22-Jan-26 11:00:00 PM ICT,6.0
23-Jan-26 12:00:00 AM ICT,6.0
23-Jan-26 1:00:00 AM ICT,6.0
23-Jan-26 2:00:00 AM ICT,6.0
23-Jan-26 3:00:00 AM ICT,6.0
23-Jan-26 4:00:00 AM ICT,6.0
23-Jan-26 5:00:00 AM ICT,6.0
23-Jan-26 6:00:00 AM ICT,6.0
23-Jan-26 7:00:00 AM ICT,6.0
23-Jan-26 8:00:00 AM ICT,6.0
23-Jan-26 9:00:00 AM ICT,6.0
23-Jan-26 10:00:00 AM ICT,6.0
23-Jan-26 11:00:00 AM ICT,6.0
23-Jan-26 12:00:00 PM ICT,6.0
23-Jan-26 1:00:00 PM ICT,6.0
23-Jan-26 2:00:00 PM ICT,6.0
23-Jan-26 3:00:00 PM ICT,6.0
23-Jan-26 4:00:00 PM ICT,6.0
23-Jan-26 5:00:00 PM ICT,6.0
23-Jan-26 6:00:00 PM ICT,6.0
23-Jan-26 7:00:00 PM ICT,6.0
23-Jan-26 8:00:00 PM ICT,6.0
23-Jan-26 9:00:00 PM ICT,6.0
23-Jan-26 10:00:00 PM ICT,6.0
23-Jan-26 11:00:00 PM ICT,6.0
24-Jan-26 12:00:00 AM ICT,6.0
24-Jan-26 1:00:00 AM ICT,6.0
24-Jan-26 2:00:00 AM ICT,6.0
24-Jan-26 3:00:00 AM ICT,6.0
24-Jan-26 4:00:00 AM ICT,6.0
24-Jan-26 5:00:00 AM ICT,6.0
24-Jan-26 6:00:00 AM ICT,6.0
24-Jan-26 7:00:00 AM ICT,6.0
24-Jan-26 8:00:00 AM ICT,6.0
24-Jan-26 9:00:00 AM ICT,6.0
24-Jan-26 10:00:00 AM ICT,6.0
24-Jan-26 11:00:00 AM ICT,6.0
24-Jan-26 12:00:00 PM ICT,6.0
24-Jan-26 1:00:00 PM ICT,6.0
24-Jan-26 2:00:00 PM ICT,6.0
24-Jan-26 3:00:00 PM ICT,6.0
24-Jan-26 4:00:00 PM ICT,6.0
24-Jan-26 5:00:00 PM ICT,6.0
24-Jan-26 6:00:00 PM ICT,6.0
24-Jan-26 7:00:00 PM ICT,6.0
24-Jan-26 8:00:00 PM ICT,6.0
24-Jan-26 9:00:00 PM ICT,6.0
24-Jan-26 10:00:00 PM ICT,6.0
24-Jan-26 11:00:00 PM ICT,6.0
25-Jan-26 12:00:00 AM ICT,6.0
25-Jan-26 1:00:00 AM ICT,6.0
25-Jan-26 2:00:00 AM ICT,6.0
25-Jan-26 3:00:00 AM ICT,6.0
25-Jan-26 4:00:00 AM ICT,6.0
25-Jan-26 5:00:00 AM ICT,6.0
25-Jan-26 6:00:00 AM ICT,6.0
25-Jan-26 7:00:00 AM ICT,6.0
25-Jan-26 8:00:00 AM ICT,6.0
25-Jan-26 10:00:00 AM ICT,6.0
25-Jan-26 11:00:00 AM ICT,6.0
25-Jan-26 12:00:00 PM ICT,6.0
25-Jan-26 1:00:00 PM ICT,6.0
25-Jan-26 2:00:00 PM ICT,6.0
25-Jan-26 3:00:00 PM ICT,6.0
25-Jan-26 4:00:00 PM ICT,6.0
25-Jan-26 5:00:00 PM ICT,6.0
25-Jan-26 6:00:00 PM ICT,6.0
25-Jan-26 7:00:00 PM ICT,6.0
25-Jan-26 8:00:00 PM ICT,6.0
25-Jan-26 9:00:00 PM ICT,6.0
25-Jan-26 10:00:00 PM ICT,6.0
25-Jan-26 11:00:00 PM ICT,6.0
26-Jan-26 12:00:00 AM ICT,6.0
26-Jan-26 1:00:00 AM ICT,6.0
26-Jan-26 2:00:00 AM ICT,6.0
26-Jan-26 3:00:00 AM ICT,6.0
26-Jan-26 4:00:00 AM ICT,6.0
26-Jan-26 5:00:00 AM ICT,6.0
26-Jan-26 6:00:00 AM ICT,6.0
26-Jan-26 7:00:00 AM ICT,6.0
26-Jan-26 8:00:00 AM ICT,6.0
26-Jan-26 9:00:00 AM ICT,6.0
26-Jan-26 10:00:00 AM ICT,6.0
26-Jan-26 11:00:00 AM ICT,6.0
26-Jan-26 12:00:00 PM ICT,6.0
26-Jan-26 1:00:00 PM ICT,6.0
26-Jan-26 2:00:00 PM ICT,6.0
26-Jan-26 3:00:00 PM ICT,6.0
26-Jan-26 4:00:00 PM ICT,6.0
26-Jan-26 5:00:00 PM ICT,6.0
26-Jan-26 6:00:00 PM ICT,6.0
26-Jan-26 7:00:00 PM ICT,6.0
26-Jan-26 8:00:00 PM ICT,6.0
26-Jan-26 9:00:00 PM ICT,6.0
26-Jan-26 10:00:00 PM ICT,6.0
26-Jan-26 11:00:00 PM ICT,6.0
27-Jan-26 12:00:00 AM ICT,6.0
27-Jan-26 1:00:00 AM ICT,6.0
27-Jan-26 2:00:00 AM ICT,6.0
27-Jan-26 3:00:00 AM ICT,6.0
27-Jan-26 4:00:00 AM ICT,6.0
27-Jan-26 5:00:00 AM ICT,6.0
27-Jan-26 6:00:00 AM ICT,6.0
27-Jan-26 7:00:00 AM ICT,6.0
27-Jan-26 8:00:00 AM ICT,6.0
27-Jan-26 9:00:00 AM ICT,6.0
27-Jan-26 10:00:00 AM ICT,6.0
27-Jan-26 11:00:00 AM ICT,6.0
27-Jan-26 12:00:00 PM ICT,6.0
27-Jan-26 1:00:00 PM ICT,6.0
27-Jan-26 2:00:00 PM ICT,6.0
27-Jan-26 3:00:00 PM ICT,6.0
27-Jan-26 4:00:00 PM ICT,6.0
27-Jan-26 5:00:00 PM ICT,6.0
27-Jan-26 6:00:00 PM ICT,6.0
27-Jan-26 7:00:00 PM ICT,6.0
27-Jan-26 8:00:00 PM ICT,6.0
27-Jan-26 9:00:00 PM ICT,6.0
27-Jan-26 10:00:00 PM ICT,6.0
27-Jan-26 11:00:00 PM ICT,6.0
28-Jan-26 12:00:00 AM ICT,6.0
28-Jan-26 1:00:00 AM ICT,6.0
28-Jan-26 2:00:00 AM ICT,6.0
28-Jan-26 3:00:00 AM ICT,6.0
28-Jan-26 4:00:00 AM ICT,6.0
28-Jan-26 5:00:00 AM ICT,6.0
28-Jan-26 6:00:00 AM ICT,6.0
28-Jan-26 7:00:00 AM ICT,6.0
28-Jan-26 8:00:00 AM ICT,6.0
28-Jan-26 9:00:00 AM ICT,6.0
28-Jan-26 10:00:00 AM ICT,6.0
28-Jan-26 11:00:00 AM ICT,6.0
28-Jan-26 12:00:00 PM ICT,6.0
28-Jan-26 1:00:00 PM ICT,6.0
28-Jan-26 2:00:00 PM ICT,6.0
28-Jan-26 3:00:00 PM ICT,6.0
28-Jan-26 4:00:00 PM ICT,6.0
28-Jan-26 5:00:00 PM ICT,6.0
28-Jan-26 6:00:00 PM ICT,6.0
28-Jan-26 7:00:00 PM ICT,6.0
28-Jan-26 8:00:00 PM ICT,6.0
28-Jan-26 9:00:00 PM ICT,6.0
28-Jan-26 10:00:00 PM ICT,6.0
28-Jan-26 11:00:00 PM ICT,6.0
29-Jan-26 12:00:00 AM ICT,6.0
29-Jan-26 1:00:00 AM ICT,6.0
29-Jan-26 2:00:00 AM ICT,6.0
29-Jan-26 3:00:00 AM ICT,6.0
29-Jan-26 4:00:00 AM ICT,6.0
29-Jan-26 5:00:00 AM ICT,6.0
29-Jan-26 6:00:00 AM ICT,6.0
29-Jan-26 7:00:00 AM ICT,6.0
29-Jan-26 8:00:00 AM ICT,6.0
29-Jan-26 9:00:00 AM ICT,6.0
29-Jan-26 10:00:00 AM ICT,6.0
29-Jan-26 11:00:00 AM ICT,6.0
29-Jan-26 12:00:00 PM ICT,6.0
29-Jan-26 1:00:00 PM ICT,6.0
29-Jan-26 2:00:00 PM ICT,6.0
29-Jan-26 3:00:00 PM ICT,6.0
29-Jan-26 4:00:00 PM ICT,6.0
29-Jan-26 5:00:00 PM ICT,6.0
29-Jan-26 6:00:00 PM ICT,6.0
29-Jan-26 7:00:00 PM ICT,6.0
29-Jan-26 8:00:00 PM ICT,6.0
29-Jan-26 9:00:00 PM ICT,6.0
29-Jan-26 10:00:00 PM ICT,6.0
29-Jan-26 11:00:00 PM ICT,6.0
30-Jan-26 12:00:00 AM ICT,6.0
30-Jan-26 1:00:00 AM ICT,6.0
30-Jan-26 2:00:00 AM ICT,6.0
30-Jan-26 3:00:00 AM ICT,6.0
30-Jan-26 4:00:00 AM ICT,6.0
30-Jan-26 5:00:00 AM ICT,6.0
30-Jan-26 6:00:00 AM ICT,6.0
30-Jan-26 7:00:00 AM ICT,6.0
30-Jan-26 8:00:00 AM ICT,6.0
30-Jan-26 9:00:00 AM ICT,6.0
30-Jan-26 10:00:00 AM ICT,6.0
30-Jan-26 11:00:00 AM ICT,6.0
30-Jan-26 12:00:00 PM ICT,6.0
30-Jan-26 1:00:00 PM ICT,6.0
30-Jan-26 2:00:00 PM ICT,6.0
30-Jan-26 3:00:00 PM ICT,6.0
30-Jan-26 4:00:00 PM ICT,6.0
30-Jan-26 5:00:00 PM ICT,6.0
30-Jan-26 6:00:00 PM ICT,6.0
30-Jan-26 7:00:00 PM ICT,6.0
30-Jan-26 8:00:00 PM ICT,6.0
30-Jan-26 9:00:00 PM ICT,6.0
30-Jan-26 10:00:00 PM ICT,6.0
30-Jan-26 11:00:00 PM ICT,6.0
31-Jan-26 12:00:00 AM ICT,6.0
31-Jan-26 1:00:00 AM ICT,6.0
31-Jan-26 2:00:00 AM ICT,6.0
31-Jan-26 3:00:00 AM ICT,6.0
31-Jan-26 4:00:00 AM ICT,6.0
31-Jan-26 5:00:00 AM ICT,6.0
31-Jan-26 6:00:00 AM ICT,6.0
31-Jan-26 7:00:00 AM ICT,6.0
31-Jan-26 8:00:00 AM ICT,6.0
31-Jan-26 9:00:00 AM ICT,6.0
31-Jan-26 10:00:00 AM ICT,6.0
31-Jan-26 11:00:00 AM ICT,6.0
31-Jan-26 12:00:00 PM ICT,6.0
31-Jan-26 1:00:00 PM ICT,6.0
31-Jan-26 2:00:00 PM ICT,6.0
31-Jan-26 3:00:00 PM ICT,6.0
31-Jan-26 4:00:00 PM ICT,6.0
31-Jan-26 5:00:00 PM ICT,6.0
31-Jan-26 6:00:00 PM ICT,6.0
31-Jan-26 7:00:00 PM ICT,6.0
31-Jan-26 8:00:00 PM ICT,6.0
31-Jan-26 9:00:00 PM ICT,6.0
31-Jan-26 10:00:00 PM ICT,6.0
31-Jan-26 11:00:00 PM ICT,6.0
01-Feb-26 12:00:00 AM ICT,6.0
01-Feb-26 1:00:00 AM ICT,6.0
01-Feb-26 2:00:00 AM ICT,6.0
01-Feb-26 3:00:00 AM ICT,6.0
01-Feb-26 4:00:00 AM ICT,6.0
01-Feb-26 5:00:00 AM ICT,6.0
01-Feb-26 6:00:00 AM ICT,6.0
01-Feb-26 7:00:00 AM ICT,6.0
01-Feb-26 8:00:00 AM ICT,6.0
01-Feb-26 9:00:00 AM ICT,6.0
01-Feb-26 10:00:00 AM ICT,6.0
01-Feb-26 11:00:00 AM ICT,6.0
01-Feb-26 12:00:00 PM ICT,6.0
01-Feb-26 1:00:00 PM ICT,6.0
01-Feb-26 2:00:00 PM ICT,6.0
01-Feb-26 3:00:00 PM ICT,6.0
01-Feb-26 4:00:00 PM ICT,6.0
01-Feb-26 5:00:00 PM ICT,6.0
01-Feb-26 6:00:00 PM ICT,6.0
01-Feb-26 7:00:00 PM ICT,6.0
01-Feb-26 8:00:00 PM ICT,6.0
01-Feb-26 9:00:00 PM ICT,6.0
01-Feb-26 10:00:00 PM ICT,6.0
01-Feb-26 11:00:00 PM ICT,6.0
02-Feb-26 12:00:00 AM ICT,6.0
02-Feb-26 1:00:00 AM ICT,6.0
02-Feb-26 2:00:00 AM ICT,6.0
02-Feb-26 3:00:00 AM ICT,6.0
02-Feb-26 4:00:00 AM ICT,6.0
02-Feb-26 5:00:00 AM ICT,6.0
02-Feb-26 6:00:00 AM ICT,6.0
02-Feb-26 7:00:00 AM ICT,6.0
02-Feb-26 8:00:00 AM ICT,6.0
02-Feb-26 9:00:00 AM ICT,6.0
02-Feb-26 10:00:00 AM ICT,6.0
02-Feb-26 11:00:00 AM ICT,6.0
02-Feb-26 12:00:00 PM ICT,6.0
02-Feb-26 1:00:00 PM ICT,6.0
02-Feb-26 2:00:00 PM ICT,6.0
02-Feb-26 3:00:00 PM ICT,6.0
02-Feb-26 4:00:00 PM ICT,6.0
02-Feb-26 5:00:00 PM ICT,6.0
02-Feb-26 6:00:00 PM ICT,6.0
02-Feb-26 7:00:00 PM ICT,6.0
02-Feb-26 8:00:00 PM ICT,6.0
02-Feb-26 9:00:00 PM ICT,6.0
02-Feb-26 10:00:00 PM ICT,6.0
02-Feb-26 11:00:00 PM ICT,6.0
03-Feb-26 12:00:00 AM ICT,6.0
03-Feb-26 1:00:00 AM ICT,6.0
03-Feb-26 2:00:00 AM ICT,6.0
03-Feb-26 3:00:00 AM ICT,6.0
03-Feb-26 4:00:00 AM ICT,6.0
03-Feb-26 5:00:00 AM ICT,6.0
03-Feb-26 6:00:00 AM ICT,6.0
03-Feb-26 7:00:00 AM ICT,6.0
03-Feb-26 8:00:00 AM ICT,6.0
03-Feb-26 9:00:00 AM ICT,6.0
03-Feb-26 10:00:00 AM ICT,6.0
03-Feb-26 11:00:00 AM ICT,6.0
03-Feb-26 12:00:00 PM ICT,6.0
03-Feb-26 1:00:00 PM ICT,6.0
03-Feb-26 2:00:00 PM ICT,6.0
03-Feb-26 3:00:00 PM ICT,6.0
03-Feb-26 4:00:00 PM ICT,6.0
03-Feb-26 5:00:00 PM ICT,6.0
03-Feb-26 6:00:00 PM ICT,6.0
03-Feb-26 7:00:00 PM ICT,6.0
03-Feb-26 8:00:00 PM ICT,6.0
03-Feb-26 9:00:00 PM ICT,6.0
03-Feb-26 10:00:00 PM ICT,6.0
03-Feb-26 11:00:00 PM ICT,6.0
04-Feb-26 12:00:00 AM ICT,6.0
04-Feb-26 1:00:00 AM ICT,6.0
04-Feb-26 2:00:00 AM ICT,6.0
04-Feb-26 3:00:00 AM ICT,6.0
04-Feb-26 4:00:00 AM ICT,6.0
04-Feb-26 5:00:00 AM ICT,6.0
04-Feb-26 6:00:00 AM ICT,6.0
04-Feb-26 7:00:00 AM ICT,6.0
04-Feb-26 8:00:00 AM ICT,6.0
04-Feb-26 9:00:00 AM ICT,6.0
04-Feb-26 10:00:00 AM ICT,6.0
04-Feb-26 11:00:00 AM ICT,6.0
04-Feb-26 12:00:00 PM ICT,6.0
04-Feb-26 1:00:00 PM ICT,6.0
04-Feb-26 2:00:00 PM ICT,6.0
04-Feb-26 3:00:00 PM ICT,6.0
04-Feb-26 4:00:00 PM ICT,6.0
04-Feb-26 5:00:00 PM ICT,6.0
04-Feb-26 6:00:00 PM ICT,6.0
04-Feb-26 7:00:00 PM ICT,6.0
04-Feb-26 8:00:00 PM ICT,6.0
04-Feb-26 9:00:00 PM ICT,6.0
04-Feb-26 10:00:00 PM ICT,6.0
04-Feb-26 11:00:00 PM ICT,6.0
05-Feb-26 12:00:00 AM ICT,6.0
05-Feb-26 1:00:00 AM ICT,6.0
05-Feb-26 2:00:00 AM ICT,6.0
05-Feb-26 3:00:00 AM ICT,6.0
05-Feb-26 4:00:00 AM ICT,6.0
05-Feb-26 5:00:00 AM ICT,6.0
05-Feb-26 6:00:00 AM ICT,6.0
05-Feb-26 7:00:00 AM ICT,6.0
05-Feb-26 8:00:00 AM ICT,6.0
05-Feb-26 9:00:00 AM ICT,6.0
05-Feb-26 10:00:00 AM ICT,6.0
05-Feb-26 11:00:00 AM ICT,6.0
05-Feb-26 12:00:00 PM ICT,6.0
05-Feb-26 1:00:00 PM ICT,6.0
05-Feb-26 2:00:00 PM ICT,6.0
05-Feb-26 3:00:00 PM ICT,6.0
05-Feb-26 4:00:00 PM ICT,6.0
05-Feb-26 5:00:00 PM ICT,6.0
05-Feb-26 6:00:00 PM ICT,6.0
05-Feb-26 7:00:00 PM ICT,6.0
05-Feb-26 8:00:00 PM ICT,6.0
05-Feb-26 9:00:00 PM ICT,6.0
05-Feb-26 10:00:00 PM ICT,6.0
05-Feb-26 11:00:00 PM ICT,6.0
06-Feb-26 12:00:00 AM ICT,6.0
06-Feb-26 1:00:00 AM ICT,6.0
06-Feb-26 2:00:00 AM ICT,6.0
06-Feb-26 3:00:00 AM ICT,6.0
06-Feb-26 4:00:00 AM ICT,6.0
06-Feb-26 5:00:00 AM ICT,6.0
06-Feb-26 6:00:00 AM ICT,6.0
06-Feb-26 7:00:00 AM ICT,6.0
06-Feb-26 8:00:00 AM ICT,6.0
06-Feb-26 9:00:00 AM ICT,6.0
06-Feb-26 10:00:00 AM ICT,6.0
06-Feb-26 11:00:00 AM ICT,6.0
06-Feb-26 12:00:00 PM ICT,6.0
06-Feb-26 1:00:00 PM ICT,6.0
06-Feb-26 2:00:00 PM ICT,6.0
06-Feb-26 3:00:00 PM ICT,6.0
06-Feb-26 4:00:00 PM ICT,6.0
06-Feb-26 5:00:00 PM ICT,6.0
06-Feb-26 6:00:00 PM ICT,6.0
06-Feb-26 7:00:00 PM ICT,6.0
06-Feb-26 8:00:00 PM ICT,6.0
06-Feb-26 9:00:00 PM ICT,6.0
06-Feb-26 10:00:00 PM ICT,6.0
06-Feb-26 11:00:00 PM ICT,6.0
07-Feb-26 12:00:00 AM ICT,6.0
07-Feb-26 1:00:00 AM ICT,6.0
07-Feb-26 2:00:00 AM ICT,6.0
07-Feb-26 3:00:00 AM ICT,6.0
07-Feb-26 4:00:00 AM ICT,6.0
07-Feb-26 5:00:00 AM ICT,6.0
07-Feb-26 6:00:00 AM ICT,6.0
07-Feb-26 7:00:00 AM ICT,6.0
07-Feb-26 8:00:00 AM ICT,6.0
07-Feb-26 9:00:00 AM ICT,6.0
07-Feb-26 10:00:00 AM ICT,6.0
07-Feb-26 11:00:00 AM ICT,6.0
07-Feb-26 12:00:00 PM ICT,6.0
07-Feb-26 1:00:00 PM ICT,6.0
07-Feb-26 2:00:00 PM ICT,6.0
07-Feb-26 3:00:00 PM ICT,6.0
07-Feb-26 4:00:00 PM ICT,6.0
07-Feb-26 5:00:00 PM ICT,6.0
07-Feb-26 6:00:00 PM ICT,6.0
07-Feb-26 7:00:00 PM ICT,6.0
07-Feb-26 8:00:00 PM ICT,6.0
07-Feb-26 9:00:00 PM ICT,6.0
07-Feb-26 10:00:00 PM ICT,6.0
07-Feb-26 11:00:00 PM ICT,6.0
08-Feb-26 12:00:00 AM ICT,6.0
08-Feb-26 1:00:00 AM ICT,6.0
08-Feb-26 2:00:00 AM ICT,6.0
08-Feb-26 3:00:00 AM ICT,6.0
08-Feb-26 4:00:00 AM ICT,6.0
08-Feb-26 5:00:00 AM ICT,6.0
08-Feb-26 6:00:00 AM ICT,6.0
08-Feb-26 7:00:00 AM ICT,6.0
08-Feb-26 8:00:00 AM ICT,6.0
08-Feb-26 9:00:00 AM ICT,6.0
08-Feb-26 10:00:00 AM ICT,6.0
08-Feb-26 11:00:00 AM ICT,6.0
08-Feb-26 12:00:00 PM ICT,6.0
08-Feb-26 1:00:00 PM ICT,6.0
08-Feb-26 2:00:00 PM ICT,6.0
08-Feb-26 3:00:00 PM ICT,6.0
08-Feb-26 4:00:00 PM ICT,6.0
08-Feb-26 5:00:00 PM ICT,6.0
08-Feb-26 6:00:00 PM ICT,6.0
08-Feb-26 7:00:00 PM ICT,6.0
08-Feb-26 8:00:00 PM ICT,6.0
08-Feb-26 9:00:00 PM ICT,6.0
08-Feb-26 10:00:00 PM ICT,6.0
08-Feb-26 11:00:00 PM ICT,6.0
09-Feb-26 12:00:00 AM ICT,6.0
09-Feb-26 1:00:00 AM ICT,6.0
09-Feb-26 2:00:00 AM ICT,6.0
09-Feb-26 3:00:00 AM ICT,6.0
09-Feb-26 4:00:00 AM ICT,6.0
09-Feb-26 5:00:00 AM ICT,6.0
09-Feb-26 6:00:00 AM ICT,6.0
09-Feb-26 7:00:00 AM ICT,6.0
09-Feb-26 8:00:00 AM ICT,6.0
09-Feb-26 9:00:00 AM ICT,6.0
09-Feb-26 10:00:00 AM ICT,6.0
09-Feb-26 11:00:00 AM ICT,6.0
09-Feb-26 12:00:00 PM ICT,6.0
09-Feb-26 1:00:00 PM ICT,6.0
09-Feb-26 2:00:00 PM ICT,6.0
09-Feb-26 3:00:00 PM ICT,6.0
09-Feb-26 4:00:00 PM ICT,6.0
09-Feb-26 5:00:00 PM ICT,6.0
09-Feb-26 6:00:00 PM ICT,6.0
09-Feb-26 7:00:00 PM ICT,6.0
09-Feb-26 8:00:00 PM ICT,6.0
09-Feb-26 9:00:00 PM ICT,6.0
09-Feb-26 10:00:00 PM ICT,6.0
09-Feb-26 11:00:00 PM ICT,6.0
10-Feb-26 12:00:00 AM ICT,6.0
10-Feb-26 1:00:00 AM ICT,6.0
10-Feb-26 2:00:00 AM ICT,6.0
10-Feb-26 3:00:00 AM ICT,6.0
10-Feb-26 4:00:00 AM ICT,6.0
10-Feb-26 5:00:00 AM ICT,6.0
10-Feb-26 6:00:00 AM ICT,6.0
10-Feb-26 7:00:00 AM ICT,6.0
10-Feb-26 8:00:00 AM ICT,6.0
10-Feb-26 9:00:00 AM ICT,6.0
10-Feb-26 10:00:00 AM ICT,6.0
10-Feb-26 11:00:00 AM ICT,6.0
10-Feb-26 12:00:00 PM ICT,6.0
10-Feb-26 1:00:00 PM ICT,6.0
10-Feb-26 2:00:00 PM ICT,6.0
10-Feb-26 3:00:00 PM ICT,6.0
10-Feb-26 4:00:00 PM ICT,6.0
10-Feb-26 5:00:00 PM ICT,6.0
10-Feb-26 6:00:00 PM ICT,6.0
10-Feb-26 7:00:00 PM ICT,6.0
10-Feb-26 8:00:00 PM ICT,6.0
10-Feb-26 9:00:00 PM ICT,6.0
10-Feb-26 10:00:00 PM ICT,6.0
10-Feb-26 11:00:00 PM ICT,6.0
11-Feb-26 12:00:00 AM ICT,6.0
11-Feb-26 1:00:00 AM ICT,6.0
11-Feb-26 2:00:00 AM ICT,6.0
11-Feb-26 3:00:00 AM ICT,6.0
11-Feb-26 4:00:00 AM ICT,6.0
11-Feb-26 5:00:00 AM ICT,6.0
11-Feb-26 6:00:00 AM ICT,6.0
11-Feb-26 7:00:00 AM ICT,6.0
11-Feb-26 8:00:00 AM ICT,6.0
11-Feb-26 9:00:00 AM ICT,6.0
11-Feb-26 10:00:00 AM ICT,6.0
11-Feb-26 11:00:00 AM ICT,6.0
11-Feb-26 12:00:00 PM ICT,6.0
11-Feb-26 1:00:00 PM ICT,6.0
11-Feb-26 2:00:00 PM ICT,6.0
11-Feb-26 3:00:00 PM ICT,6.0
11-Feb-26 4:00:00 PM ICT,6.0
11-Feb-26 5:00:00 PM ICT,6.0
11-Feb-26 6:00:00 PM ICT,6.0
11-Feb-26 7:00:00 PM ICT,6.0
11-Feb-26 8:00:00 PM ICT,6.0
11-Feb-26 9:00:00 PM ICT,6.0
11-Feb-26 10:00:00 PM ICT,6.0
11-Feb-26 11:00:00 PM ICT,6.0
12-Feb-26 12:00:00 AM ICT,6.0
12-Feb-26 1:00:00 AM ICT,6.0
12-Feb-26 2:00:00 AM ICT,6.0
12-Feb-26 3:00:00 AM ICT,6.0
12-Feb-26 4:00:00 AM ICT,6.0
12-Feb-26 5:00:00 AM ICT,6.0
12-Feb-26 6:00:00 AM ICT,6.0
12-Feb-26 7:00:00 AM ICT,6.0
12-Feb-26 8:00:00 AM ICT,6.0
12-Feb-26 9:00:00 AM ICT,6.0
12-Feb-26 10:00:00 AM ICT,6.0
12-Feb-26 11:00:00 AM ICT,6.0
12-Feb-26 12:00:00 PM ICT,6.0
12-Feb-26 1:00:00 PM ICT,6.0
12-Feb-26 2:00:00 PM ICT,6.0
12-Feb-26 3:00:00 PM ICT,6.0
12-Feb-26 4:00:00 PM ICT,6.0
12-Feb-26 5:00:00 PM ICT,6.0
12-Feb-26 6:00:00 PM ICT,6.0
12-Feb-26 7:00:00 PM ICT,6.0
12-Feb-26 8:00:00 PM ICT,6.0
12-Feb-26 9:00:00 PM ICT,6.0
12-Feb-26 10:00:00 PM ICT,6.0
12-Feb-26 11:00:00 PM ICT,6.0
13-Feb-26 12:00:00 AM ICT,6.0
13-Feb-26 1:00:00 AM ICT,6.0
13-Feb-26 2:00:00 AM ICT,6.0
13-Feb-26 3:00:00 AM ICT,6.0
13-Feb-26 4:00:00 AM ICT,6.0
13-Feb-26 5:00:00 AM ICT,6.0
13-Feb-26 6:00:00 AM ICT,6.0
13-Feb-26 7:00:00 AM ICT,6.0
13-Feb-26 8:00:00 AM ICT,6.0
13-Feb-26 9:00:00 AM ICT,6.0
13-Feb-26 10:00:00 AM ICT,6.0
13-Feb-26 11:00:00 AM ICT,6.0
13-Feb-26 12:00:00 PM ICT,6.0
13-Feb-26 1:00:00 PM ICT,6.0
13-Feb-26 2:00:00 PM ICT,6.0
13-Feb-26 3:00:00 PM ICT,6.0
13-Feb-26 4:00:00 PM ICT,6.0
13-Feb-26 5:00:00 PM ICT,6.0
13-Feb-26 6:00:00 PM ICT,6.0
13-Feb-26 7:00:00 PM ICT,6.0
13-Feb-26 8:00:00 PM ICT,6.0
13-Feb-26 9:00:00 PM ICT,6.0
13-Feb-26 10:00:00 PM ICT,6.0
13-Feb-26 11:00:00 PM ICT,6.0
14-Feb-26 12:00:00 AM ICT,6.0
14-Feb-26 1:00:00 AM ICT,6.0
14-Feb-26 2:00:00 AM ICT,6.0
14-Feb-26 3:00:00 AM ICT,6.0
14-Feb-26 4:00:00 AM ICT,6.0
14-Feb-26 5:00:00 AM ICT,6.0
14-Feb-26 6:00:00 AM ICT,6.0
14-Feb-26 7:00:00 AM ICT,6.0
14-Feb-26 8:00:00 AM ICT,6.0
14-Feb-26 9:00:00 AM ICT,6.0
14-Feb-26 10:00:00 AM ICT,6.0
14-Feb-26 11:00:00 AM ICT,6.0
14-Feb-26 12:00:00 PM ICT,6.0
14-Feb-26 1:00:00 PM ICT,6.0
14-Feb-26 2:00:00 PM ICT,6.0
14-Feb-26 3:00:00 PM ICT,6.0
14-Feb-26 4:00:00 PM ICT,6.0
14-Feb-26 5:00:00 PM ICT,6.0
14-Feb-26 6:00:00 PM ICT,6.0
14-Feb-26 7:00:00 PM ICT,6.0
14-Feb-26 8:00:00 PM ICT,6.0
14-Feb-26 9:00:00 PM ICT,6.0
14-Feb-26 10:00:00 PM ICT,6.0
14-Feb-26 11:00:00 PM ICT,6.0
15-Feb-26 12:00:00 AM ICT,6.0
15-Feb-26 1:00:00 AM ICT,6.0
15-Feb-26 2:00:00 AM ICT,6.0
15-Feb-26 3:00:00 AM ICT,6.0
15-Feb-26 4:00:00 AM ICT,6.0
15-Feb-26 5:00:00 AM ICT,6.0
15-Feb-26 6:00:00 AM ICT,6.0
15-Feb-26 7:00:00 AM ICT,6.0
15-Feb-26 8:00:00 AM ICT,6.0
15-Feb-26 9:00:00 AM ICT,6.0
15-Feb-26 10:00:00 AM ICT,6.0
15-Feb-26 11:00:00 AM ICT,6.0
15-Feb-26 12:00:00 PM ICT,6.0
15-Feb-26 1:00:00 PM ICT,6.0
15-Feb-26 2:00:00 PM ICT,6.0
15-Feb-26 3:00:00 PM ICT,6.0
15-Feb-26 4:00:00 PM ICT,6.0
15-Feb-26 5:00:00 PM ICT,6.0
15-Feb-26 6:00:00 PM ICT,6.0
15-Feb-26 7:00:00 PM ICT,6.0
15-Feb-26 8:00:00 PM ICT,6.0
15-Feb-26 9:00:00 PM ICT,6.0
15-Feb-26 10:00:00 PM ICT,6.0
15-Feb-26 11:00:00 PM ICT,6.0
16-Feb-26 12:00:00 AM ICT,6.0
16-Feb-26 1:00:00 AM ICT,6.0
16-Feb-26 2:00:00 AM ICT,6.0
16-Feb-26 3:00:00 AM ICT,6.0
16-Feb-26 4:00:00 AM ICT,6.0
16-Feb-26 5:00:00 AM ICT,6.0
16-Feb-26 6:00:00 AM ICT,6.0
16-Feb-26 7:00:00 AM ICT,6.0
16-Feb-26 8:00:00 AM ICT,6.0
16-Feb-26 9:00:00 AM ICT,6.0
16-Feb-26 10:00:00 AM ICT,6.0
16-Feb-26 11:00:00 AM ICT,6.0
16-Feb-26 12:00:00 PM ICT,6.0
16-Feb-26 1:00:00 PM ICT,6.0
16-Feb-26 2:00:00 PM ICT,6.0
16-Feb-26 3:00:00 PM ICT,6.0
16-Feb-26 4:00:00 PM ICT,6.0
16-Feb-26 5:00:00 PM ICT,6.0
16-Feb-26 6:00:00 PM ICT,6.0
16-Feb-26 7:00:00 PM ICT,6.0
16-Feb-26 8:00:00 PM ICT,6.0
16-Feb-26 9:00:00 PM ICT,6.0
16-Feb-26 10:00:00 PM ICT,6.0
16-Feb-26 11:00:00 PM ICT,6.0
17-Feb-26 12:00:00 AM ICT,6.0
17-Feb-26 1:00:00 AM ICT,6.0
17-Feb-26 2:00:00 AM ICT,6.0
17-Feb-26 3:00:00 AM ICT,6.0
17-Feb-26 4:00:00 AM ICT,6.0
17-Feb-26 5:00:00 AM ICT,6.0
17-Feb-26 6:00:00 AM ICT,6.0
17-Feb-26 7:00:00 AM ICT,6.0
17-Feb-26 8:00:00 AM ICT,6.0
17-Feb-26 9:00:00 AM ICT,6.0
17-Feb-26 10:00:00 AM ICT,6.0
17-Feb-26 11:00:00 AM ICT,6.0
17-Feb-26 12:00:00 PM ICT,6.0
17-Feb-26 1:00:00 PM ICT,6.0
17-Feb-26 2:00:00 PM ICT,6.0
17-Feb-26 3:00:00 PM ICT,6.0
17-Feb-26 4:00:00 PM ICT,6.0
17-Feb-26 5:00:00 PM ICT,6.0
17-Feb-26 6:00:00 PM ICT,6.0
17-Feb-26 7:00:00 PM ICT,6.0
17-Feb-26 8:00:00 PM ICT,6.0
17-Feb-26 9:00:00 PM ICT,6.0
17-Feb-26 10:00:00 PM ICT,6.0
17-Feb-26 11:00:00 PM ICT,6.0
18-Feb-26 12:00:00 AM ICT,6.0
18-Feb-26 1:00:00 AM ICT,6.0
18-Feb-26 2:00:00 AM ICT,6.0
18-Feb-26 3:00:00 AM ICT,6.0
18-Feb-26 4:00:00 AM ICT,6.0
18-Feb-26 5:00:00 AM ICT,6.0
18-Feb-26 6:00:00 AM ICT,6.0
18-Feb-26 7:00:00 AM ICT,6.0
18-Feb-26 8:00:00 AM ICT,6.0
18-Feb-26 9:00:00 AM ICT,6.0
18-Feb-26 10:00:00 AM ICT,6.0
18-Feb-26 11:00:00 AM ICT,6.0
18-Feb-26 12:00:00 PM ICT,6.0
18-Feb-26 1:00:00 PM ICT,6.0
18-Feb-26 2:00:00 PM ICT,6.0
18-Feb-26 3:00:00 PM ICT,6.0
18-Feb-26 4:00:00 PM ICT,6.0
18-Feb-26 5:00:00 PM ICT,6.0
18-Feb-26 6:00:00 PM ICT,6.0
18-Feb-26 7:00:00 PM ICT,6.0
18-Feb-26 8:00:00 PM ICT,6.0
18-Feb-26 9:00:00 PM ICT,6.0
18-Feb-26 10:00:00 PM ICT,6.0
18-Feb-26 11:00:00 PM ICT,6.0
19-Feb-26 12:00:00 AM ICT,6.0
19-Feb-26 1:00:00 AM ICT,6.0
19-Feb-26 2:00:00 AM ICT,6.0
19-Feb-26 3:00:00 AM ICT,6.0
19-Feb-26 4:00:00 AM ICT,6.0
19-Feb-26 5:00:00 AM ICT,6.0
19-Feb-26 6:00:00 AM ICT,6.0
19-Feb-26 7:00:00 AM ICT,6.0
19-Feb-26 8:00:00 AM ICT,6.0
19-Feb-26 9:00:00 AM ICT,6.0
19-Feb-26 10:00:00 AM ICT,6.0
19-Feb-26 11:00:00 AM ICT,6.0
19-Feb-26 12:00:00 PM ICT,6.0
19-Feb-26 1:00:00 PM ICT,6.0
19-Feb-26 2:00:00 PM ICT,6.0
19-Feb-26 3:00:00 PM ICT,6.0
19-Feb-26 4:00:00 PM ICT,6.0
19-Feb-26 5:00:00 PM ICT,6.0
19-Feb-26 6:00:00 PM ICT,6.0
19-Feb-26 7:00:00 PM ICT,6.0
19-Feb-26 8:00:00 PM ICT,6.0
19-Feb-26 9:00:00 PM ICT,6.0
19-Feb-26 10:00:00 PM ICT,6.0
19-Feb-26 11:00:00 PM ICT,6.0
20-Feb-26 12:00:00 AM ICT,6.0
20-Feb-26 1:00:00 AM ICT,6.0
20-Feb-26 2:00:00 AM ICT,6.0
20-Feb-26 3:00:00 AM ICT,6.0
20-Feb-26 4:00:00 AM ICT,6.0
20-Feb-26 5:00:00 AM ICT,6.0
20-Feb-26 6:00:00 AM ICT,6.0
20-Feb-26 7:00:00 AM ICT,6.0
20-Feb-26 8:00:00 AM ICT,6.0
20-Feb-26 9:00:00 AM ICT,6.0
20-Feb-26 10:00:00 AM ICT,6.0
20-Feb-26 11:00:00 AM ICT,6.0
20-Feb-26 12:00:00 PM ICT,6.0
20-Feb-26 1:00:00 PM ICT,6.0
20-Feb-26 2:00:00 PM ICT,6.0
20-Feb-26 3:00:00 PM ICT,6.0
20-Feb-26 4:00:00 PM ICT,6.0
20-Feb-26 5:00:00 PM ICT,6.0
20-Feb-26 6:00:00 PM ICT,6.0
20-Feb-26 7:00:00 PM ICT,6.0
20-Feb-26 8:00:00 PM ICT,6.0
20-Feb-26 9:00:00 PM ICT,6.0
20-Feb-26 10:00:00 PM ICT,6.0
20-Feb-26 11:00:00 PM ICT,6.0
21-Feb-26 12:00:00 AM ICT,6.0
21-Feb-26 1:00:00 AM ICT,6.0
21-Feb-26 2:00:00 AM ICT,6.0
21-Feb-26 3:00:00 AM ICT,6.0
21-Feb-26 4:00:00 AM ICT,6.0
21-Feb-26 5:00:00 AM ICT,6.0
21-Feb-26 6:00:00 AM ICT,6.0
21-Feb-26 7:00:00 AM ICT,6.0
21-Feb-26 8:00:00 AM ICT,6.0
21-Feb-26 9:00:00 AM ICT,6.0
21-Feb-26 10:00:00 AM ICT,6.0
21-Feb-26 11:00:00 AM ICT,6.0
21-Feb-26 12:00:00 PM ICT,6.0
21-Feb-26 1:00:00 PM ICT,6.0
21-Feb-26 2:00:00 PM ICT,6.0
21-Feb-26 3:00:00 PM ICT,6.0
21-Feb-26 4:00:00 PM ICT,6.0
21-Feb-26 5:00:00 PM ICT,6.0
21-Feb-26 6:00:00 PM ICT,6.0
21-Feb-26 7:00:00 PM ICT,6.0
21-Feb-26 8:00:00 PM ICT,6.0
21-Feb-26 9:00:00 PM ICT,6.0
21-Feb-26 10:00:00 PM ICT,6.0
21-Feb-26 11:00:00 PM ICT,6.0
22-Feb-26 12:00:00 AM ICT,6.0
22-Feb-26 1:00:00 AM ICT,6.0
22-Feb-26 2:00:00 AM ICT,6.0
22-Feb-26 3:00:00 AM ICT,6.0
22-Feb-26 4:00:00 AM ICT,6.0
22-Feb-26 5:00:00 AM ICT,6.0
22-Feb-26 6:00:00 AM ICT,6.0
22-Feb-26 7:00:00 AM ICT,6.0
22-Feb-26 8:00:00 AM ICT,6.0
22-Feb-26 9:00:00 AM ICT,6.0
22-Feb-26 11:00:00 AM ICT,6.0
22-Feb-26 12:00:00 PM ICT,6.0
22-Feb-26 1:00:00 PM ICT,6.0
22-Feb-26 2:00:00 PM ICT,6.0
22-Feb-26 3:00:00 PM ICT,6.0
22-Feb-26 4:00:00 PM ICT,6.0
22-Feb-26 5:00:00 PM ICT,6.0
22-Feb-26 6:00:00 PM ICT,6.0
22-Feb-26 7:00:00 PM ICT,6.0
22-Feb-26 8:00:00 PM ICT,6.0
22-Feb-26 9:00:00 PM ICT,6.0
22-Feb-26 10:00:00 PM ICT,6.0
22-Feb-26 11:00:00 PM ICT,6.0
23-Feb-26 12:00:00 AM ICT,6.0
23-Feb-26 1:00:00 AM ICT,6.0
23-Feb-26 2:00:00 AM ICT,6.0
23-Feb-26 3:00:00 AM ICT,6.0
23-Feb-26 4:00:00 AM ICT,6.0
23-Feb-26 5:00:00 AM ICT,6.0
23-Feb-26 6:00:00 AM ICT,6.0
23-Feb-26 7:00:00 AM ICT,6.0
23-Feb-26 8:00:00 AM ICT,6.0
23-Feb-26 9:00:00 AM ICT,6.0
23-Feb-26 10:00:00 AM ICT,6.0
23-Feb-26 11:00:00 AM ICT,6.0
23-Feb-26 12:00:00 PM ICT,6.0
23-Feb-26 1:00:00 PM ICT,6.0
23-Feb-26 2:00:00 PM ICT,6.0
23-Feb-26 3:00:00 PM ICT,6.0
23-Feb-26 4:00:00 PM ICT,6.0
23-Feb-26 5:00:00 PM ICT,6.0
23-Feb-26 6:00:00 PM ICT,6.0
23-Feb-26 7:00:00 PM ICT,6.0
23-Feb-26 8:00:00 PM ICT,6.0
23-Feb-26 9:00:00 PM ICT,6.0
23-Feb-26 10:00:00 PM ICT,6.0
23-Feb-26 11:00:00 PM ICT,6.0
24-Feb-26 12:00:00 AM ICT,6.0
24-Feb-26 1:00:00 AM ICT,6.0
24-Feb-26 2:00:00 AM ICT,6.0
24-Feb-26 3:00:00 AM ICT,6.0
24-Feb-26 4:00:00 AM ICT,6.0
24-Feb-26 5:00:00 AM ICT,6.0
24-Feb-26 6:00:00 AM ICT,6.0
24-Feb-26 7:00:00 AM ICT,6.0
24-Feb-26 8:00:00 AM ICT,6.0
24-Feb-26 9:00:00 AM ICT,6.0
24-Feb-26 10:00:00 AM ICT,6.0
24-Feb-26 11:00:00 AM ICT,6.0
24-Feb-26 12:00:00 PM ICT,6.0
24-Feb-26 1:00:00 PM ICT,6.0
24-Feb-26 2:00:00 PM ICT,6.0
24-Feb-26 3:00:00 PM ICT,6.0
24-Feb-26 4:00:00 PM ICT,6.0
24-Feb-26 5:00:00 PM ICT,6.0
24-Feb-26 6:00:00 PM ICT,6.0
24-Feb-26 7:00:00 PM ICT,6.0
24-Feb-26 8:00:00 PM ICT,6.0
24-Feb-26 9:00:00 PM ICT,6.0
24-Feb-26 10:00:00 PM ICT,6.0
24-Feb-26 11:00:00 PM ICT,6.0
25-Feb-26 12:00:00 AM ICT,6.0
25-Feb-26 1:00:00 AM ICT,6.0
25-Feb-26 2:00:00 AM ICT,6.0
25-Feb-26 3:00:00 AM ICT,6.0
25-Feb-26 4:00:00 AM ICT,6.0
25-Feb-26 5:00:00 AM ICT,6.0
25-Feb-26 6:00:00 AM ICT,6.0
25-Feb-26 7:00:00 AM ICT,6.0
25-Feb-26 8:00:00 AM ICT,6.0
25-Feb-26 9:00:00 AM ICT,6.0
25-Feb-26 10:00:00 AM ICT,6.0
25-Feb-26 11:00:00 AM ICT,6.0
25-Feb-26 12:00:00 PM ICT,6.0
25-Feb-26 1:00:00 PM ICT,6.0
25-Feb-26 2:00:00 PM ICT,6.0
25-Feb-26 3:00:00 PM ICT,6.0
25-Feb-26 4:00:00 PM ICT,6.0
25-Feb-26 5:00:00 PM ICT,6.0
25-Feb-26 6:00:00 PM ICT,6.0
25-Feb-26 7:00:00 PM ICT,6.0
25-Feb-26 8:00:00 PM ICT,6.0
25-Feb-26 9:00:00 PM ICT,6.0
25-Feb-26 10:00:00 PM ICT,6.0
25-Feb-26 11:00:00 PM ICT,6.0
26-Feb-26 12:00:00 AM ICT,6.0
26-Feb-26 1:00:00 AM ICT,6.0
26-Feb-26 2:00:00 AM ICT,6.0
26-Feb-26 3:00:00 AM ICT,6.0
26-Feb-26 4:00:00 AM ICT,6.0
26-Feb-26 5:00:00 AM ICT,6.0
26-Feb-26 6:00:00 AM ICT,6.0
26-Feb-26 7:00:00 AM ICT,6.0
26-Feb-26 8:00:00 AM ICT,6.0
26-Feb-26 9:00:00 AM ICT,6.0
26-Feb-26 10:00:00 AM ICT,6.0
26-Feb-26 11:00:00 AM ICT,6.0
26-Feb-26 12:00:00 PM ICT,6.0
26-Feb-26 1:00:00 PM ICT,6.0
26-Feb-26 2:00:00 PM ICT,6.0
26-Feb-26 3:00:00 PM ICT,6.0
26-Feb-26 4:00:00 PM ICT,6.0
26-Feb-26 5:00:00 PM ICT,6.0
26-Feb-26 6:00:00 PM ICT,6.0
26-Feb-26 7:00:00 PM ICT,6.0
26-Feb-26 8:00:00 PM ICT,6.0
26-Feb-26 9:00:00 PM ICT,6.0
26-Feb-26 10:00:00 PM ICT,6.0
26-Feb-26 11:00:00 PM ICT,6.0
27-Feb-26 12:00:00 AM ICT,6.0
27-Feb-26 1:00:00 AM ICT,6.0
27-Feb-26 2:00:00 AM ICT,6.0
27-Feb-26 3:00:00 AM ICT,6.0
27-Feb-26 4:00:00 AM ICT,6.0
27-Feb-26 5:00:00 AM ICT,6.0
27-Feb-26 6:00:00 AM ICT,6.0
27-Feb-26 7:00:00 AM ICT,6.0
27-Feb-26 8:00:00 AM ICT,6.0
27-Feb-26 9:00:00 AM ICT,6.0
27-Feb-26 10:00:00 AM ICT,6.0
27-Feb-26 11:00:00 AM ICT,6.0
27-Feb-26 12:00:00 PM ICT,6.0
27-Feb-26 1:00:00 PM ICT,6.0
27-Feb-26 2:00:00 PM ICT,6.0
27-Feb-26 3:00:00 PM ICT,6.0
27-Feb-26 4:00:00 PM ICT,6.0
27-Feb-26 5:00:00 PM ICT,6.0
27-Feb-26 6:00:00 PM ICT,6.0
27-Feb-26 7:00:00 PM ICT,6.0
27-Feb-26 8:00:00 PM ICT,6.0
27-Feb-26 9:00:00 PM ICT,6.0
27-Feb-26 10:00:00 PM ICT,6.0
27-Feb-26 11:00:00 PM ICT,6.0
28-Feb-26 12:00:00 AM ICT,6.0
28-Feb-26 1:00:00 AM ICT,6.0
28-Feb-26 2:00:00 AM ICT,6.0
28-Feb-26 3:00:00 AM ICT,6.0
28-Feb-26 4:00:00 AM ICT,6.0
28-Feb-26 5:00:00 AM ICT,6.0
28-Feb-26 6:00:00 AM ICT,6.0
28-Feb-26 7:00:00 AM ICT,6.0
28-Feb-26 8:00:00 AM ICT,6.0
28-Feb-26 9:00:00 AM ICT,6.0
28-Feb-26 10:00:00 AM ICT,6.0
28-Feb-26 11:00:00 AM ICT,6.0
28-Feb-26 12:00:00 PM ICT,6.0
28-Feb-26 1:00:00 PM ICT,6.0
28-Feb-26 2:00:00 PM ICT,6.0
28-Feb-26 3:00:00 PM ICT,6.0
28-Feb-26 4:00:00 PM ICT,6.0
28-Feb-26 5:00:00 PM ICT,6.0
28-Feb-26 6:00:00 PM ICT,6.0
28-Feb-26 7:00:00 PM ICT,6.0
28-Feb-26 8:00:00 PM ICT,6.0
28-Feb-26 9:00:00 PM ICT,6.0
28-Feb-26 10:00:00 PM ICT,6.0
28-Feb-26 11:00:00 PM ICT,6.0
01-Mar-26 12:00:00 AM ICT,6.0
01-Mar-26 1:00:00 AM ICT,6.0
01-Mar-26 2:00:00 AM ICT,6.0
01-Mar-26 3:00:00 AM ICT,6.0
01-Mar-26 4:00:00 AM ICT,6.0
01-Mar-26 5:00:00 AM ICT,6.0
01-Mar-26 6:00:00 AM ICT,6.0
01-Mar-26 7:00:00 AM ICT,6.0
01-Mar-26 8:00:00 AM ICT,6.0
01-Mar-26 9:00:00 AM ICT,6.0
01-Mar-26 10:00:00 AM ICT,6.0
01-Mar-26 11:00:00 AM ICT,6.0
01-Mar-26 12:00:00 PM ICT,6.0
01-Mar-26 1:00:00 PM ICT,6.0
01-Mar-26 2:00:00 PM ICT,6.0
01-Mar-26 3:00:00 PM ICT,6.0
01-Mar-26 4:00:00 PM ICT,6.0
01-Mar-26 5:00:00 PM ICT,6.0
01-Mar-26 6:00:00 PM ICT,6.0
01-Mar-26 7:00:00 PM ICT,6.0
01-Mar-26 8:00:00 PM ICT,6.0
01-Mar-26 9:00:00 PM ICT,6.0
01-Mar-26 10:00:00 PM ICT,6.0
01-Mar-26 11:00:00 PM ICT,6.0
02-Mar-26 12:00:00 AM ICT,6.0
02-Mar-26 1:00:00 AM ICT,6.0
02-Mar-26 2:00:00 AM ICT,6.0
02-Mar-26 3:00:00 AM ICT,6.0
02-Mar-26 4:00:00 AM ICT,6.0
02-Mar-26 5:00:00 AM ICT,6.0
02-Mar-26 6:00:00 AM ICT,6.0
02-Mar-26 7:00:00 AM ICT,6.0
02-Mar-26 8:00:00 AM ICT,6.0
02-Mar-26 9:00:00 AM ICT,6.0
02-Mar-26 10:00:00 AM ICT,6.0
02-Mar-26 11:00:00 AM ICT,6.0
02-Mar-26 12:00:00 PM ICT,6.0
02-Mar-26 1:00:00 PM ICT,6.0
02-Mar-26 2:00:00 PM ICT,6.0
02-Mar-26 3:00:00 PM ICT,6.0
02-Mar-26 4:00:00 PM ICT,6.0
02-Mar-26 5:00:00 PM ICT,6.0
02-Mar-26 6:00:00 PM ICT,6.0
02-Mar-26 7:00:00 PM ICT,6.0
02-Mar-26 8:00:00 PM ICT,6.0
02-Mar-26 9:00:00 PM ICT,6.0
02-Mar-26 10:00:00 PM ICT,6.0
02-Mar-26 11:00:00 PM ICT,6.0
03-Mar-26 12:00:00 AM ICT,6.0
03-Mar-26 1:00:00 AM ICT,6.0
03-Mar-26 2:00:00 AM ICT,6.0
03-Mar-26 3:00:00 AM ICT,6.0
03-Mar-26 4:00:00 AM ICT,6.0
03-Mar-26 5:00:00 AM ICT,6.0
03-Mar-26 6:00:00 AM ICT,6.0
03-Mar-26 7:00:00 AM ICT,6.0
03-Mar-26 8:00:00 AM ICT,6.0
03-Mar-26 9:00:00 AM ICT,6.0
03-Mar-26 10:00:00 AM ICT,6.0
03-Mar-26 11:00:00 AM ICT,6.0
03-Mar-26 12:00:00 PM ICT,6.0
03-Mar-26 1:00:00 PM ICT,6.0
03-Mar-26 2:00:00 PM ICT,6.0
03-Mar-26 3:00:00 PM ICT,6.0
03-Mar-26 4:00:00 PM ICT,6.0
03-Mar-26 5:00:00 PM ICT,6.0
03-Mar-26 6:00:00 PM ICT,6.0
03-Mar-26 7:00:00 PM ICT,6.0
03-Mar-26 8:00:00 PM ICT,6.0
03-Mar-26 9:00:00 PM ICT,6.0
03-Mar-26 10:00:00 PM ICT,6.0
03-Mar-26 11:00:00 PM ICT,6.0
04-Mar-26 12:00:00 AM ICT,6.0
04-Mar-26 1:00:00 AM ICT,6.0
04-Mar-26 2:00:00 AM ICT,6.0
04-Mar-26 3:00:00 AM ICT,6.0
04-Mar-26 4:00:00 AM ICT,6.0
04-Mar-26 5:00:00 AM ICT,6.0
04-Mar-26 6:00:00 AM ICT,6.0
04-Mar-26 7:00:00 AM ICT,6.0
04-Mar-26 8:00:00 AM ICT,6.0
04-Mar-26 9:00:00 AM ICT,6.0
04-Mar-26 10:00:00 AM ICT,6.0
04-Mar-26 11:00:00 AM ICT,6.0
04-Mar-26 12:00:00 PM ICT,6.0
04-Mar-26 1:00:00 PM ICT,6.0
04-Mar-26 2:00:00 PM ICT,6.0
04-Mar-26 3:00:00 PM ICT,6.0
04-Mar-26 4:00:00 PM ICT,6.0
04-Mar-26 5:00:00 PM ICT,6.0
04-Mar-26 6:00:00 PM ICT,6.0
04-Mar-26 7:00:00 PM ICT,6.0
04-Mar-26 8:00:00 PM ICT,6.0
04-Mar-26 9:00:00 PM ICT,6.0
04-Mar-26 10:00:00 PM ICT,6.0
04-Mar-26 11:00:00 PM ICT,6.0
05-Mar-26 12:00:00 AM ICT,6.0
05-Mar-26 1:00:00 AM ICT,6.0
05-Mar-26 2:00:00 AM ICT,6.0
05-Mar-26 3:00:00 AM ICT,6.0
05-Mar-26 4:00:00 AM ICT,6.0
05-Mar-26 5:00:00 AM ICT,6.0
05-Mar-26 6:00:00 AM ICT,6.0
05-Mar-26 7:00:00 AM ICT,6.0
05-Mar-26 8:00:00 AM ICT,6.0
05-Mar-26 9:00:00 AM ICT,6.0
05-Mar-26 10:00:00 AM ICT,6.0
05-Mar-26 11:00:00 AM ICT,6.0
05-Mar-26 12:00:00 PM ICT,6.0
05-Mar-26 1:00:00 PM ICT,6.0
05-Mar-26 2:00:00 PM ICT,6.0
05-Mar-26 3:00:00 PM ICT,6.0
05-Mar-26 4:00:00 PM ICT,6.0
05-Mar-26 5:00:00 PM ICT,6.0
05-Mar-26 6:00:00 PM ICT,6.0
05-Mar-26 7:00:00 PM ICT,6.0
05-Mar-26 8:00:00 PM ICT,6.0
05-Mar-26 9:00:00 PM ICT,6.0
05-Mar-26 10:00:00 PM ICT,6.0
05-Mar-26 11:00:00 PM ICT,6.0
06-Mar-26 12:00:00 AM ICT,6.0
06-Mar-26 1:00:00 AM ICT,6.0
06-Mar-26 2:00:00 AM ICT,6.0
06-Mar-26 3:00:00 AM ICT,6.0
06-Mar-26 4:00:00 AM ICT,6.0
06-Mar-26 5:00:00 AM ICT,6.0
06-Mar-26 6:00:00 AM ICT,6.0
06-Mar-26 7:00:00 AM ICT,6.0
06-Mar-26 8:00:00 AM ICT,6.0
06-Mar-26 9:00:00 AM ICT,6.0
06-Mar-26 10:00:00 AM ICT,6.0
06-Mar-26 11:00:00 AM ICT,6.0
06-Mar-26 12:00:00 PM ICT,6.0
06-Mar-26 1:00:00 PM ICT,6.0
06-Mar-26 2:00:00 PM ICT,6.0
06-Mar-26 3:00:00 PM ICT,6.0
06-Mar-26 4:00:00 PM ICT,6.0
06-Mar-26 5:00:00 PM ICT,6.0
06-Mar-26 6:00:00 PM ICT,6.0
06-Mar-26 7:00:00 PM ICT,6.0
06-Mar-26 8:00:00 PM ICT,6.0
06-Mar-26 9:00:00 PM ICT,6.0
06-Mar-26 10:00:00 PM ICT,6.0
06-Mar-26 11:00:00 PM ICT,6.0
07-Mar-26 12:00:00 AM ICT,6.0
07-Mar-26 1:00:00 AM ICT,6.0
07-Mar-26 2:00:00 AM ICT,6.0
07-Mar-26 3:00:00 AM ICT,6.0
07-Mar-26 4:00:00 AM ICT,6.0
07-Mar-26 5:00:00 AM ICT,6.0
07-Mar-26 6:00:00 AM ICT,6.0
07-Mar-26 7:00:00 AM ICT,6.0
07-Mar-26 8:00:00 AM ICT,6.0
07-Mar-26 9:00:00 AM ICT,6.0
07-Mar-26 10:00:00 AM ICT,6.0
07-Mar-26 11:00:00 AM ICT,6.0
07-Mar-26 12:00:00 PM ICT,6.0
07-Mar-26 1:00:00 PM ICT,6.0
07-Mar-26 2:00:00 PM ICT,6.0
07-Mar-26 3:00:00 PM ICT,6.0
07-Mar-26 4:00:00 PM ICT,6.0
07-Mar-26 5:00:00 PM ICT,6.0
07-Mar-26 6:00:00 PM ICT,6.0
07-Mar-26 7:00:00 PM ICT,6.0
07-Mar-26 8:00:00 PM ICT,6.0
07-Mar-26 9:00:00 PM ICT,6.0
07-Mar-26 10:00:00 PM ICT,6.0
07-Mar-26 11:00:00 PM ICT,6.0
08-Mar-26 12:00:00 AM ICT,6.0
08-Mar-26 1:00:00 AM ICT,6.0
08-Mar-26 2:00:00 AM ICT,6.0
08-Mar-26 3:00:00 AM ICT,6.0
08-Mar-26 4:00:00 AM ICT,6.0
08-Mar-26 5:00:00 AM ICT,6.0
08-Mar-26 6:00:00 AM ICT,6.0
08-Mar-26 7:00:00 AM ICT,6.0
08-Mar-26 8:00:00 AM ICT,6.0
08-Mar-26 9:00:00 AM ICT,6.0
08-Mar-26 10:00:00 AM ICT,6.0
08-Mar-26 11:00:00 AM ICT,6.0
08-Mar-26 12:00:00 PM ICT,6.0
08-Mar-26 1:00:00 PM ICT,6.0
08-Mar-26 2:00:00 PM ICT,6.0
08-Mar-26 3:00:00 PM ICT,6.0
08-Mar-26 4:00:00 PM ICT,6.0
08-Mar-26 5:00:00 PM ICT,6.0
08-Mar-26 6:00:00 PM ICT,6.0
08-Mar-26 7:00:00 PM ICT,6.0
08-Mar-26 8:00:00 PM ICT,6.0
08-Mar-26 9:00:00 PM ICT,6.0
08-Mar-26 10:00:00 PM ICT,6.0
08-Mar-26 11:00:00 PM ICT,6.0
09-Mar-26 12:00:00 AM ICT,6.0
09-Mar-26 1:00:00 AM ICT,6.0
09-Mar-26 2:00:00 AM ICT,6.0
09-Mar-26 3:00:00 AM ICT,6.0
09-Mar-26 4:00:00 AM ICT,6.0
09-Mar-26 5:00:00 AM ICT,6.0
09-Mar-26 6:00:00 AM ICT,6.0
09-Mar-26 7:00:00 AM ICT,6.0
09-Mar-26 8:00:00 AM ICT,6.0
09-Mar-26 9:00:00 AM ICT,6.0
09-Mar-26 10:00:00 AM ICT,6.0
09-Mar-26 11:00:00 AM ICT,6.0
09-Mar-26 12:00:00 PM ICT,6.0
09-Mar-26 1:00:00 PM ICT,6.0
09-Mar-26 2:00:00 PM ICT,6.0
09-Mar-26 3:00:00 PM ICT,6.0
09-Mar-26 4:00:00 PM ICT,6.0
09-Mar-26 5:00:00 PM ICT,6.0
09-Mar-26 6:00:00 PM ICT,6.0
09-Mar-26 7:00:00 PM ICT,6.0
09-Mar-26 8:00:00 PM ICT,6.0
09-Mar-26 9:00:00 PM ICT,6.0
09-Mar-26 10:00:00 PM ICT,6.0
09-Mar-26 11:00:00 PM ICT,6.0
10-Mar-26 12:00:00 AM ICT,6.0
10-Mar-26 1:00:00 AM ICT,6.0
10-Mar-26 2:00:00 AM ICT,6.0
10-Mar-26 3:00:00 AM ICT,6.0
10-Mar-26 4:00:00 AM ICT,6.0
10-Mar-26 5:00:00 AM ICT,6.0
10-Mar-26 6:00:00 AM ICT,6.0
10-Mar-26 7:00:00 AM ICT,6.0
10-Mar-26 8:00:00 AM ICT,6.0
10-Mar-26 9:00:00 AM ICT,6.0
10-Mar-26 10:00:00 AM ICT,6.0
10-Mar-26 11:00:00 AM ICT,6.0
10-Mar-26 12:00:00 PM ICT,6.0
10-Mar-26 1:00:00 PM ICT,6.0
10-Mar-26 2:00:00 PM ICT,6.0
10-Mar-26 3:00:00 PM ICT,6.0
10-Mar-26 4:00:00 PM ICT,6.0
10-Mar-26 5:00:00 PM ICT,6.0
10-Mar-26 6:00:00 PM ICT,6.0
10-Mar-26 7:00:00 PM ICT,6.0
10-Mar-26 8:00:00 PM ICT,6.0
10-Mar-26 9:00:00 PM ICT,6.0
10-Mar-26 10:00:00 PM ICT,6.0
10-Mar-26 11:00:00 PM ICT,6.0
11-Mar-26 12:00:00 AM ICT,6.0
11-Mar-26 1:00:00 AM ICT,6.0
11-Mar-26 2:00:00 AM ICT,6.0
11-Mar-26 3:00:00 AM ICT,6.0
11-Mar-26 4:00:00 AM ICT,6.0
11-Mar-26 5:00:00 AM ICT,6.0
11-Mar-26 6:00:00 AM ICT,6.0
11-Mar-26 7:00:00 AM ICT,6.0
11-Mar-26 8:00:00 AM ICT,6.0
11-Mar-26 9:00:00 AM ICT,6.0
11-Mar-26 10:00:00 AM ICT,6.0
11-Mar-26 11:00:00 AM ICT,6.0
11-Mar-26 12:00:00 PM ICT,6.0
11-Mar-26 1:00:00 PM ICT,6.0
11-Mar-26 2:00:00 PM ICT,6.0
11-Mar-26 3:00:00 PM ICT,6.0
11-Mar-26 4:00:00 PM ICT,6.0
11-Mar-26 5:00:00 PM ICT,6.0
11-Mar-26 6:00:00 PM ICT,6.0
11-Mar-26 7:00:00 PM ICT,6.0
11-Mar-26 8:00:00 PM ICT,6.0
11-Mar-26 9:00:00 PM ICT,6.0
11-Mar-26 10:00:00 PM ICT,6.0
11-Mar-26 11:00:00 PM ICT,6.0
12-Mar-26 12:00:00 AM ICT,6.0
12-Mar-26 1:00:00 AM ICT,6.0
12-Mar-26 2:00:00 AM ICT,6.0
12-Mar-26 3:00:00 AM ICT,6.0
12-Mar-26 4:00:00 AM ICT,6.0
12-Mar-26 5:00:00 AM ICT,6.0
12-Mar-26 6:00:00 AM ICT,6.0
12-Mar-26 7:00:00 AM ICT,6.0
12-Mar-26 8:00:00 AM ICT,6.0
12-Mar-26 9:00:00 AM ICT,6.0
12-Mar-26 10:00:00 AM ICT,6.0
12-Mar-26 11:00:00 AM ICT,6.0
12-Mar-26 12:00:00 PM ICT,6.0
12-Mar-26 1:00:00 PM ICT,6.0
12-Mar-26 2:00:00 PM ICT,6.0
12-Mar-26 3:00:00 PM ICT,6.0
12-Mar-26 4:00:00 PM ICT,6.0
12-Mar-26 5:00:00 PM ICT,6.0
12-Mar-26 6:00:00 PM ICT,6.0
12-Mar-26 7:00:00 PM ICT,6.0
12-Mar-26 8:00:00 PM ICT,6.0
12-Mar-26 9:00:00 PM ICT,6.0
12-Mar-26 10:00:00 PM ICT,6.0
12-Mar-26 11:00:00 PM ICT,6.0
13-Mar-26 12:00:00 AM ICT,6.0
13-Mar-26 1:00:00 AM ICT,6.0
13-Mar-26 2:00:00 AM ICT,6.0
13-Mar-26 3:00:00 AM ICT,6.0
13-Mar-26 4:00:00 AM ICT,6.0
13-Mar-26 5:00:00 AM ICT,6.0
13-Mar-26 6:00:00 AM ICT,6.0
13-Mar-26 7:00:00 AM ICT,6.0
13-Mar-26 8:00:00 AM ICT,6.0
13-Mar-26 9:00:00 AM ICT,6.0
13-Mar-26 10:00:00 AM ICT,6.0
13-Mar-26 11:00:00 AM ICT,6.0
13-Mar-26 12:00:00 PM ICT,6.0
13-Mar-26 1:00:00 PM ICT,6.0
13-Mar-26 2:00:00 PM ICT,6.0
13-Mar-26 3:00:00 PM ICT,6.0
13-Mar-26 4:00:00 PM ICT,6.0
13-Mar-26 5:00:00 PM ICT,6.0
13-Mar-26 6:00:00 PM ICT,6.0
13-Mar-26 7:00:00 PM ICT,6.0
13-Mar-26 8:00:00 PM ICT,6.0
13-Mar-26 9:00:00 PM ICT,6.0
13-Mar-26 10:00:00 PM ICT,6.0
13-Mar-26 11:00:00 PM ICT,6.0
14-Mar-26 12:00:00 AM ICT,6.0
14-Mar-26 1:00:00 AM ICT,6.0
14-Mar-26 2:00:00 AM ICT,6.0
14-Mar-26 3:00:00 AM ICT,6.0
14-Mar-26 4:00:00 AM ICT,6.0
14-Mar-26 5:00:00 AM ICT,6.0
14-Mar-26 6:00:00 AM ICT,6.0
14-Mar-26 7:00:00 AM ICT,6.0
14-Mar-26 8:00:00 AM ICT,6.0
14-Mar-26 9:00:00 AM ICT,6.0
14-Mar-26 10:00:00 AM ICT,6.0
14-Mar-26 11:00:00 AM ICT,6.0
14-Mar-26 12:00:00 PM ICT,6.0
14-Mar-26 1:00:00 PM ICT,6.0
14-Mar-26 2:00:00 PM ICT,6.0
14-Mar-26 3:00:00 PM ICT,6.0
14-Mar-26 4:00:00 PM ICT,6.0
14-Mar-26 5:00:00 PM ICT,6.0
14-Mar-26 6:00:00 PM ICT,6.0
14-Mar-26 7:00:00 PM ICT,6.0
14-Mar-26 8:00:00 PM ICT,6.0
14-Mar-26 9:00:00 PM ICT,6.0
14-Mar-26 10:00:00 PM ICT,6.0
14-Mar-26 11:00:00 PM ICT,6.0
15-Mar-26 12:00:00 AM ICT,6.0
15-Mar-26 1:00:00 AM ICT,6.0
15-Mar-26 2:00:00 AM ICT,6.0
15-Mar-26 3:00:00 AM ICT,6.0
15-Mar-26 4:00:00 AM ICT,6.0
15-Mar-26 5:00:00 AM ICT,6.0
15-Mar-26 6:00:00 AM ICT,6.0
15-Mar-26 7:00:00 AM ICT,6.0
15-Mar-26 8:00:00 AM ICT,6.0
15-Mar-26 9:00:00 AM ICT,6.0
15-Mar-26 10:00:00 AM ICT,6.0
15-Mar-26 11:00:00 AM ICT,6.0
15-Mar-26 12:00:00 PM ICT,6.0
15-Mar-26 1:00:00 PM ICT,6.0
15-Mar-26 2:00:00 PM ICT,6.0
15-Mar-26 3:00:00 PM ICT,6.0
15-Mar-26 4:00:00 PM ICT,6.0
15-Mar-26 5:00:00 PM ICT,6.0
15-Mar-26 6:00:00 PM ICT,6.0
15-Mar-26 7:00:00 PM ICT,6.0
15-Mar-26 8:00:00 PM ICT,6.0
15-Mar-26 9:00:00 PM ICT,6.0
15-Mar-26 10:00:00 PM ICT,6.0
15-Mar-26 11:00:00 PM ICT,6.0
16-Mar-26 12:00:00 AM ICT,6.0
16-Mar-26 1:00:00 AM ICT,6.0
16-Mar-26 2:00:00 AM ICT,6.0
16-Mar-26 3:00:00 AM ICT,6.0
16-Mar-26 4:00:00 AM ICT,6.0
16-Mar-26 5:00:00 AM ICT,6.0
16-Mar-26 6:00:00 AM ICT,6.0
16-Mar-26 7:00:00 AM ICT,6.0
16-Mar-26 8:00:00 AM ICT,6.0
16-Mar-26 9:00:00 AM ICT,6.0
16-Mar-26 10:00:00 AM ICT,6.0
16-Mar-26 11:00:00 AM ICT,6.0
16-Mar-26 12:00:00 PM ICT,6.0
16-Mar-26 1:00:00 PM ICT,6.0
16-Mar-26 2:00:00 PM ICT,6.0
16-Mar-26 3:00:00 PM ICT,6.0
16-Mar-26 4:00:00 PM ICT,6.0
16-Mar-26 5:00:00 PM ICT,6.0
16-Mar-26 6:00:00 PM ICT,6.0
16-Mar-26 7:00:00 PM ICT,6.0
16-Mar-26 8:00:00 PM ICT,6.0
16-Mar-26 9:00:00 PM ICT,6.0
16-Mar-26 10:00:00 PM ICT,6.0
16-Mar-26 11:00:00 PM ICT,6.0
17-Mar-26 12:00:00 AM ICT,6.0
17-Mar-26 1:00:00 AM ICT,6.0
17-Mar-26 2:00:00 AM ICT,6.0
17-Mar-26 3:00:00 AM ICT,6.0
17-Mar-26 4:00:00 AM ICT,6.0
17-Mar-26 5:00:00 AM ICT,6.0
17-Mar-26 6:00:00 AM ICT,6.0
17-Mar-26 7:00:00 AM ICT,6.0
17-Mar-26 8:00:00 AM ICT,6.0
17-Mar-26 9:00:00 AM ICT,6.0
17-Mar-26 10:00:00 AM ICT,6.0
17-Mar-26 11:00:00 AM ICT,6.0
17-Mar-26 12:00:00 PM ICT,6.0
17-Mar-26 1:00:00 PM ICT,6.0
17-Mar-26 2:00:00 PM ICT,6.0
17-Mar-26 3:00:00 PM ICT,6.0
17-Mar-26 4:00:00 PM ICT,6.0
17-Mar-26 5:00:00 PM ICT,6.0
17-Mar-26 6:00:00 PM ICT,6.0
17-Mar-26 7:00:00 PM ICT,6.0
17-Mar-26 8:00:00 PM ICT,6.0
17-Mar-26 9:00:00 PM ICT,6.0
17-Mar-26 10:00:00 PM ICT,6.0
17-Mar-26 11:00:00 PM ICT,6.0
18-Mar-26 12:00:00 AM ICT,6.0
18-Mar-26 1:00:00 AM ICT,6.0
18-Mar-26 2:00:00 AM ICT,6.0
18-Mar-26 3:00:00 AM ICT,6.0
18-Mar-26 4:00:00 AM ICT,6.0
18-Mar-26 5:00:00 AM ICT,6.0
18-Mar-26 6:00:00 AM ICT,6.0
18-Mar-26 7:00:00 AM ICT,6.0
18-Mar-26 8:00:00 AM ICT,6.0
18-Mar-26 9:00:00 AM ICT,6.0
18-Mar-26 10:00:00 AM ICT,6.0
18-Mar-26 11:00:00 AM ICT,6.0
18-Mar-26 12:00:00 PM ICT,6.0
18-Mar-26 1:00:00 PM ICT,6.0
18-Mar-26 2:00:00 PM ICT,6.0
18-Mar-26 3:00:00 PM ICT,6.0