Timestamp,FIT-101-DeepWellWater_Total(m³)
09-Jan-26 7:00:00 PM ICT,2077.0
09-Jan-26 8:00:00 PM ICT,2077.0
09-Jan-26 9:00:00 PM ICT,2077.0
09-Jan-26 10:00:00 PM ICT,2077.0
09-Jan-26 11:00:00 PM ICT,2077.0
10-Jan-26 12:00:00 AM ICT,2077.0
10-Jan-26 1:00:00 AM ICT,2077.0
10-Jan-26 2:00:00 AM ICT,2077.0
10-Jan-26 3:00:00 AM ICT,2077.0
10-Jan-26 4:00:00 AM ICT,2077.0
10-Jan-26 5:00:00 AM ICT,2077.0
10-Jan-26 6:00:00 AM ICT,2077.0
10-Jan-26 7:00:00 AM ICT,2077.0
10-Jan-26 8:00:00 AM ICT,2077.0
10-Jan-26 9:00:00 AM ICT,2077.0
10-Jan-26 10:00:00 AM ICT,2077.0
10-Jan-26 11:00:00 AM ICT,2077.0
10-Jan-26 12:00:00 PM ICT,2077.0
10-Jan-26 1:00:00 PM ICT,2077.0
10-Jan-26 2:00:00 PM ICT,2077.0
10-Jan-26 3:00:00 PM ICT,2077.0
10-Jan-26 4:00:00 PM ICT,2077.0
10-Jan-26 5:00:00 PM ICT,2077.0
10-Jan-26 6:00:00 PM ICT,2077.0
10-Jan-26 7:00:00 PM ICT,2077.0
10-Jan-26 8:00:00 PM ICT,2077.0
10-Jan-26 9:00:00 PM ICT,2077.0
10-Jan-26 10:00:00 PM ICT,2077.0
10-Jan-26 11:00:00 PM ICT,2077.0
11-Jan-26 12:00:00 AM ICT,2077.0
11-Jan-26 1:00:00 AM ICT,2077.0
11-Jan-26 2:00:00 AM ICT,2077.0
11-Jan-26 3:00:00 AM ICT,2077.0
11-Jan-26 4:00:00 AM ICT,2077.0
11-Jan-26 5:00:00 AM ICT,2077.0
11-Jan-26 6:00:00 AM ICT,2077.0
11-Jan-26 7:00:00 AM ICT,2077.0
11-Jan-26 8:00:00 AM ICT,2077.0
11-Jan-26 9:00:00 AM ICT,2077.0
11-Jan-26 10:00:00 AM ICT,2077.0
11-Jan-26 11:00:00 AM ICT,2077.0
11-Jan-26 12:00:00 PM ICT,2077.0
11-Jan-26 1:00:00 PM ICT,2077.0
11-Jan-26 2:00:00 PM ICT,2077.0
11-Jan-26 3:00:00 PM ICT,2077.0
11-Jan-26 4:00:00 PM ICT,2077.0
11-Jan-26 5:00:00 PM ICT,2077.0
11-Jan-26 6:00:00 PM ICT,2077.0
11-Jan-26 7:00:00 PM ICT,2077.0
11-Jan-26 8:00:00 PM ICT,2077.0
11-Jan-26 9:00:00 PM ICT,2077.0
11-Jan-26 10:00:00 PM ICT,2077.0
11-Jan-26 11:00:00 PM ICT,2077.0
12-Jan-26 12:00:00 AM ICT,2077.0
12-Jan-26 1:00:00 AM ICT,2077.0
12-Jan-26 2:00:00 AM ICT,2077.0
12-Jan-26 3:00:00 AM ICT,2077.0
12-Jan-26 4:00:00 AM ICT,2077.0
12-Jan-26 5:00:00 AM ICT,2077.0
12-Jan-26 6:00:00 AM ICT,2077.0
12-Jan-26 7:00:00 AM ICT,2077.0
12-Jan-26 8:00:00 AM ICT,2077.0
12-Jan-26 9:00:00 AM ICT,2077.0
12-Jan-26 10:00:00 AM ICT,2077.0
12-Jan-26 11:00:00 AM ICT,2077.0
12-Jan-26 12:00:00 PM ICT,2077.0
12-Jan-26 1:00:00 PM ICT,2077.0
12-Jan-26 2:00:00 PM ICT,2077.0
12-Jan-26 3:00:00 PM ICT,2077.0
12-Jan-26 4:00:00 PM ICT,2079.5
12-Jan-26 5:00:00 PM ICT,2105.5
12-Jan-26 6:00:00 PM ICT,2122.3
12-Jan-26 7:00:00 PM ICT,2136.0
12-Jan-26 8:00:00 PM ICT,2151.3
12-Jan-26 9:00:00 PM ICT,2165.5
12-Jan-26 10:00:00 PM ICT,2179.5
12-Jan-26 11:00:00 PM ICT,2195.0
13-Jan-26 12:00:00 AM ICT,2209.5
13-Jan-26 1:00:00 AM ICT,2224.0
13-Jan-26 2:00:00 AM ICT,2237.8
13-Jan-26 3:00:00 AM ICT,2252.8
13-Jan-26 4:00:00 AM ICT,2267.5
13-Jan-26 5:00:00 AM ICT,2281.5
13-Jan-26 6:00:00 AM ICT,2296.0
13-Jan-26 7:00:00 AM ICT,2312.0
13-Jan-26 8:00:00 AM ICT,2326.3
13-Jan-26 9:00:00 AM ICT,2340.8
13-Jan-26 10:00:00 AM ICT,2349.3
13-Jan-26 11:00:00 AM ICT,2365.8
13-Jan-26 12:00:00 PM ICT,2379.8
13-Jan-26 1:00:00 PM ICT,2394.0
13-Jan-26 2:00:00 PM ICT,2409.3
13-Jan-26 3:00:00 PM ICT,2423.5
13-Jan-26 4:00:00 PM ICT,2437.5
13-Jan-26 5:00:00 PM ICT,2451.8
13-Jan-26 6:00:00 PM ICT,2467.0
13-Jan-26 7:00:00 PM ICT,2482.5
13-Jan-26 8:00:00 PM ICT,2496.0
13-Jan-26 9:00:00 PM ICT,2511.0
13-Jan-26 10:00:00 PM ICT,2525.8
13-Jan-26 11:00:00 PM ICT,2539.8
14-Jan-26 12:00:00 AM ICT,2554.0
14-Jan-26 1:00:00 AM ICT,2570.0
14-Jan-26 2:00:00 AM ICT,2585.0
14-Jan-26 3:00:00 AM ICT,2598.8
14-Jan-26 4:00:00 AM ICT,2613.0
14-Jan-26 5:00:00 AM ICT,2628.8
14-Jan-26 6:00:00 AM ICT,2642.8
14-Jan-26 7:00:00 AM ICT,2656.5
14-Jan-26 8:00:00 AM ICT,2671.0
14-Jan-26 9:00:00 AM ICT,2687.0
14-Jan-26 10:00:00 AM ICT,2701.3
14-Jan-26 11:00:00 AM ICT,2715.0
14-Jan-26 12:00:00 PM ICT,2729.3
14-Jan-26 1:00:00 PM ICT,2744.0
14-Jan-26 2:00:00 PM ICT,2758.8
14-Jan-26 3:00:00 PM ICT,2772.3
14-Jan-26 4:00:00 PM ICT,2787.8
14-Jan-26 5:00:00 PM ICT,2801.8
14-Jan-26 6:00:00 PM ICT,2815.3
14-Jan-26 7:00:00 PM ICT,2830.8
14-Jan-26 8:00:00 PM ICT,2844.3
14-Jan-26 9:00:00 PM ICT,2858.3
14-Jan-26 10:00:00 PM ICT,2874.0
14-Jan-26 11:00:00 PM ICT,2888.0
15-Jan-26 12:00:00 AM ICT,2902.3
15-Jan-26 1:00:00 AM ICT,2916.3
15-Jan-26 2:00:00 AM ICT,2931.3
15-Jan-26 3:00:00 AM ICT,2944.5
15-Jan-26 4:00:00 AM ICT,2960.0
15-Jan-26 5:00:00 AM ICT,2974.8
15-Jan-26 6:00:00 AM ICT,2988.3
15-Jan-26 7:00:00 AM ICT,3003.0
15-Jan-26 8:00:00 AM ICT,3016.5
15-Jan-26 9:00:00 AM ICT,3031.0
15-Jan-26 10:00:00 AM ICT,3046.0
15-Jan-26 11:00:00 AM ICT,3059.8
15-Jan-26 12:00:00 PM ICT,3074.0
15-Jan-26 1:00:00 PM ICT,3087.3
15-Jan-26 2:00:00 PM ICT,3102.0
15-Jan-26 3:00:00 PM ICT,3116.8
15-Jan-26 4:00:00 PM ICT,3130.3
15-Jan-26 5:00:00 PM ICT,3145.0
15-Jan-26 6:00:00 PM ICT,3158.3
15-Jan-26 7:00:00 PM ICT,3173.5
15-Jan-26 8:00:00 PM ICT,3186.8
15-Jan-26 9:00:00 PM ICT,3201.0
15-Jan-26 10:00:00 PM ICT,3215.3
15-Jan-26 11:00:00 PM ICT,3229.0
16-Jan-26 12:00:00 AM ICT,3243.8
16-Jan-26 1:00:00 AM ICT,3257.3
16-Jan-26 2:00:00 AM ICT,3271.3
16-Jan-26 3:00:00 AM ICT,3285.8
16-Jan-26 4:00:00 AM ICT,3299.5
16-Jan-26 5:00:00 AM ICT,3314.8
16-Jan-26 6:00:00 AM ICT,3327.5
16-Jan-26 7:00:00 AM ICT,3342.0
16-Jan-26 8:00:00 AM ICT,3355.3
16-Jan-26 9:00:00 AM ICT,3370.0
16-Jan-26 10:00:00 AM ICT,3384.5
16-Jan-26 11:00:00 AM ICT,3397.8
16-Jan-26 12:00:00 PM ICT,3411.3
16-Jan-26 1:00:00 PM ICT,3425.0
16-Jan-26 2:00:00 PM ICT,3439.8
16-Jan-26 3:00:00 PM ICT,3452.8
16-Jan-26 4:00:00 PM ICT,3468.5
16-Jan-26 5:00:00 PM ICT,3501.5
16-Jan-26 6:00:00 PM ICT,3517.3
17-Jan-26 3:00:00 PM ICT,3765.0
17-Jan-26 4:00:00 PM ICT,3765.5
17-Jan-26 5:00:00 PM ICT,3769.0
17-Jan-26 6:00:00 PM ICT,3773.0
17-Jan-26 7:00:00 PM ICT,3776.5
17-Jan-26 8:00:00 PM ICT,3780.5
17-Jan-26 9:00:00 PM ICT,3784.0
17-Jan-26 10:00:00 PM ICT,3788.0
17-Jan-26 11:00:00 PM ICT,3791.5
18-Jan-26 12:00:00 AM ICT,3796.0
18-Jan-26 1:00:00 AM ICT,3800.0
18-Jan-26 2:00:00 AM ICT,3803.5
18-Jan-26 3:00:00 AM ICT,3807.0
18-Jan-26 4:00:00 AM ICT,3811.0
18-Jan-26 5:00:00 AM ICT,3815.0
18-Jan-26 6:00:00 AM ICT,3818.8
18-Jan-26 7:00:00 AM ICT,3822.3
18-Jan-26 8:00:00 AM ICT,3825.0
18-Jan-26 9:00:00 AM ICT,3828.3
18-Jan-26 10:00:00 AM ICT,3831.0
18-Jan-26 11:00:00 AM ICT,3831.0
18-Jan-26 12:00:00 PM ICT,3831.0
18-Jan-26 1:00:00 PM ICT,3831.0
18-Jan-26 2:00:00 PM ICT,3831.0
18-Jan-26 3:00:00 PM ICT,3831.0
18-Jan-26 4:00:00 PM ICT,3831.0
18-Jan-26 5:00:00 PM ICT,3831.0
18-Jan-26 6:00:00 PM ICT,3831.5
18-Jan-26 7:00:00 PM ICT,3835.0
18-Jan-26 8:00:00 PM ICT,3838.8
18-Jan-26 9:00:00 PM ICT,3842.0
18-Jan-26 10:00:00 PM ICT,3846.0
18-Jan-26 11:00:00 PM ICT,3849.5
19-Jan-26 12:00:00 AM ICT,3853.0
19-Jan-26 1:00:00 AM ICT,3856.8
19-Jan-26 2:00:00 AM ICT,3860.0
19-Jan-26 3:00:00 AM ICT,3863.5
19-Jan-26 4:00:00 AM ICT,3864.0
19-Jan-26 5:00:00 AM ICT,3864.0
19-Jan-26 6:00:00 AM ICT,3864.0
19-Jan-26 7:00:00 AM ICT,3864.0
19-Jan-26 8:00:00 AM ICT,3864.0
19-Jan-26 9:00:00 AM ICT,3864.0
19-Jan-26 10:00:00 AM ICT,3864.0
19-Jan-26 11:00:00 AM ICT,3864.0
19-Jan-26 12:00:00 PM ICT,3864.0
19-Jan-26 1:00:00 PM ICT,3864.5
19-Jan-26 2:00:00 PM ICT,3867.3
19-Jan-26 3:00:00 PM ICT,3871.3
19-Jan-26 4:00:00 PM ICT,3877.0
19-Jan-26 5:00:00 PM ICT,3880.0
19-Jan-26 6:00:00 PM ICT,3883.0
19-Jan-26 7:00:00 PM ICT,3886.5
19-Jan-26 8:00:00 PM ICT,3890.0
19-Jan-26 9:00:00 PM ICT,3893.8
19-Jan-26 10:00:00 PM ICT,3897.5
19-Jan-26 11:00:00 PM ICT,3901.3
20-Jan-26 12:00:00 AM ICT,3904.5
20-Jan-26 1:00:00 AM ICT,3908.0
20-Jan-26 2:00:00 AM ICT,3911.8
20-Jan-26 3:00:00 AM ICT,3913.8
20-Jan-26 4:00:00 AM ICT,3914.0
20-Jan-26 5:00:00 AM ICT,3914.0
20-Jan-26 6:00:00 AM ICT,3914.0
20-Jan-26 7:00:00 AM ICT,3914.0
20-Jan-26 8:00:00 AM ICT,3916.8
20-Jan-26 9:00:00 AM ICT,3921.8
20-Jan-26 10:00:00 AM ICT,3925.5
20-Jan-26 11:00:00 AM ICT,3929.3
20-Jan-26 12:00:00 PM ICT,3934.0
20-Jan-26 1:00:00 PM ICT,3938.0
20-Jan-26 2:00:00 PM ICT,3942.8
20-Jan-26 3:00:00 PM ICT,3947.3
20-Jan-26 4:00:00 PM ICT,3952.0
20-Jan-26 5:00:00 PM ICT,3956.0
20-Jan-26 6:00:00 PM ICT,3960.3
20-Jan-26 7:00:00 PM ICT,3964.8
20-Jan-26 8:00:00 PM ICT,3969.0
20-Jan-26 9:00:00 PM ICT,3973.3
20-Jan-26 10:00:00 PM ICT,3978.0
20-Jan-26 11:00:00 PM ICT,3982.5
21-Jan-26 12:00:00 AM ICT,3987.0
21-Jan-26 1:00:00 AM ICT,3991.0
21-Jan-26 2:00:00 AM ICT,3995.5
21-Jan-26 3:00:00 AM ICT,4000.0
21-Jan-26 4:00:00 AM ICT,4004.0
21-Jan-26 5:00:00 AM ICT,4008.0
21-Jan-26 6:00:00 AM ICT,4012.3
21-Jan-26 7:00:00 AM ICT,4017.0
21-Jan-26 8:00:00 AM ICT,4019.0
21-Jan-26 9:00:00 AM ICT,4019.0
21-Jan-26 10:00:00 AM ICT,4019.0
21-Jan-26 11:00:00 AM ICT,4019.0
21-Jan-26 12:00:00 PM ICT,4019.0
21-Jan-26 1:00:00 PM ICT,4019.0
21-Jan-26 2:00:00 PM ICT,4019.0
21-Jan-26 3:00:00 PM ICT,4019.0
21-Jan-26 4:00:00 PM ICT,4019.0
21-Jan-26 5:00:00 PM ICT,4019.0
21-Jan-26 6:00:00 PM ICT,4019.0
21-Jan-26 7:00:00 PM ICT,4019.0
21-Jan-26 8:00:00 PM ICT,4019.0
21-Jan-26 9:00:00 PM ICT,4019.0
21-Jan-26 10:00:00 PM ICT,4019.0
21-Jan-26 11:00:00 PM ICT,4019.0
22-Jan-26 12:00:00 AM ICT,4019.0
22-Jan-26 1:00:00 AM ICT,4019.0
22-Jan-26 2:00:00 AM ICT,4019.0
22-Jan-26 3:00:00 AM ICT,4019.0
22-Jan-26 4:00:00 AM ICT,4019.0
22-Jan-26 5:00:00 AM ICT,4019.0
22-Jan-26 6:00:00 AM ICT,4019.0
22-Jan-26 7:00:00 AM ICT,4019.0
22-Jan-26 8:00:00 AM ICT,4019.0
22-Jan-26 9:00:00 AM ICT,4019.0
22-Jan-26 10:00:00 AM ICT,4019.0
22-Jan-26 11:00:00 AM ICT,4029.0
22-Jan-26 12:00:00 PM ICT,4075.5
22-Jan-26 1:00:00 PM ICT,4118.0
22-Jan-26 2:00:00 PM ICT,4124.0
22-Jan-26 3:00:00 PM ICT,4124.0
22-Jan-26 4:00:00 PM ICT,4124.0
22-Jan-26 5:00:00 PM ICT,4124.0
22-Jan-26 6:00:00 PM ICT,4124.0
22-Jan-26 7:00:00 PM ICT,4124.0
22-Jan-26 8:00:00 PM ICT,4124.0
22-Jan-26 9:00:00 PM ICT,4124.0
22-Jan-26 10:00:00 PM ICT,4124.0
22-Jan-26 11:00:00 PM ICT,4124.0
23-Jan-26 12:00:00 AM ICT,4124.0
23-Jan-26 1:00:00 AM ICT,4124.0
23-Jan-26 2:00:00 AM ICT,4124.0
23-Jan-26 3:00:00 AM ICT,4124.0
23-Jan-26 4:00:00 AM ICT,4124.0
23-Jan-26 5:00:00 AM ICT,4124.0
23-Jan-26 6:00:00 AM ICT,4124.0
23-Jan-26 7:00:00 AM ICT,4124.0
23-Jan-26 8:00:00 AM ICT,4124.0
23-Jan-26 9:00:00 AM ICT,4124.0
23-Jan-26 10:00:00 AM ICT,4124.0
23-Jan-26 11:00:00 AM ICT,4124.0
23-Jan-26 12:00:00 PM ICT,4141.5
23-Jan-26 1:00:00 PM ICT,4190.0
23-Jan-26 2:00:00 PM ICT,4238.3
23-Jan-26 3:00:00 PM ICT,4269.8
23-Jan-26 4:00:00 PM ICT,4270.0
23-Jan-26 5:00:00 PM ICT,4270.0
23-Jan-26 6:00:00 PM ICT,4270.0
23-Jan-26 7:00:00 PM ICT,4270.0
23-Jan-26 8:00:00 PM ICT,4270.0
23-Jan-26 9:00:00 PM ICT,4270.0
23-Jan-26 10:00:00 PM ICT,4270.0
23-Jan-26 11:00:00 PM ICT,4270.0
24-Jan-26 12:00:00 AM ICT,4270.0
24-Jan-26 1:00:00 AM ICT,4270.0
24-Jan-26 2:00:00 AM ICT,4270.0
24-Jan-26 3:00:00 AM ICT,4270.0
24-Jan-26 4:00:00 AM ICT,4270.0
24-Jan-26 5:00:00 AM ICT,4270.0
24-Jan-26 6:00:00 AM ICT,4270.0
24-Jan-26 7:00:00 AM ICT,4270.0
24-Jan-26 8:00:00 AM ICT,4270.0
24-Jan-26 9:00:00 AM ICT,4270.0
24-Jan-26 10:00:00 AM ICT,4270.0
24-Jan-26 11:00:00 AM ICT,4270.0
24-Jan-26 12:00:00 PM ICT,4270.0
24-Jan-26 1:00:00 PM ICT,4270.0
24-Jan-26 2:00:00 PM ICT,4270.0
24-Jan-26 3:00:00 PM ICT,4270.0
24-Jan-26 4:00:00 PM ICT,4270.0
24-Jan-26 5:00:00 PM ICT,4270.0
24-Jan-26 6:00:00 PM ICT,4270.0
24-Jan-26 7:00:00 PM ICT,4270.0
24-Jan-26 8:00:00 PM ICT,4270.0
24-Jan-26 9:00:00 PM ICT,4270.0
24-Jan-26 10:00:00 PM ICT,4270.0
24-Jan-26 11:00:00 PM ICT,4270.0
25-Jan-26 12:00:00 AM ICT,4270.0
25-Jan-26 1:00:00 AM ICT,4270.0
25-Jan-26 2:00:00 AM ICT,4270.0
25-Jan-26 3:00:00 AM ICT,4270.0
25-Jan-26 4:00:00 AM ICT,4270.0
25-Jan-26 5:00:00 AM ICT,4270.0
25-Jan-26 6:00:00 AM ICT,4270.0
25-Jan-26 7:00:00 AM ICT,4270.0
25-Jan-26 8:00:00 AM ICT,4270.0
25-Jan-26 10:00:00 AM ICT,4270.0
25-Jan-26 11:00:00 AM ICT,4270.0
25-Jan-26 12:00:00 PM ICT,4270.0
25-Jan-26 1:00:00 PM ICT,4270.0
25-Jan-26 2:00:00 PM ICT,4270.0
25-Jan-26 3:00:00 PM ICT,4270.0
25-Jan-26 4:00:00 PM ICT,4270.0
25-Jan-26 5:00:00 PM ICT,4270.0
25-Jan-26 6:00:00 PM ICT,4270.0
25-Jan-26 7:00:00 PM ICT,4270.0
25-Jan-26 8:00:00 PM ICT,4270.0
25-Jan-26 9:00:00 PM ICT,4270.0
25-Jan-26 10:00:00 PM ICT,4270.0
25-Jan-26 11:00:00 PM ICT,4270.0
26-Jan-26 12:00:00 AM ICT,4270.0
26-Jan-26 1:00:00 AM ICT,4270.0
26-Jan-26 2:00:00 AM ICT,4270.0
26-Jan-26 3:00:00 AM ICT,4270.0
26-Jan-26 4:00:00 AM ICT,4270.0
26-Jan-26 5:00:00 AM ICT,4270.0
26-Jan-26 6:00:00 AM ICT,4270.0
26-Jan-26 7:00:00 AM ICT,4270.0
26-Jan-26 8:00:00 AM ICT,4270.0
26-Jan-26 9:00:00 AM ICT,4270.0
26-Jan-26 10:00:00 AM ICT,4270.0
26-Jan-26 11:00:00 AM ICT,4270.0
26-Jan-26 12:00:00 PM ICT,4270.0
26-Jan-26 1:00:00 PM ICT,4270.0
26-Jan-26 2:00:00 PM ICT,4270.0
26-Jan-26 3:00:00 PM ICT,4270.0
26-Jan-26 4:00:00 PM ICT,4270.0
26-Jan-26 5:00:00 PM ICT,4270.0
26-Jan-26 6:00:00 PM ICT,4270.0
26-Jan-26 7:00:00 PM ICT,4270.0
26-Jan-26 8:00:00 PM ICT,4270.0
26-Jan-26 9:00:00 PM ICT,4270.0
26-Jan-26 10:00:00 PM ICT,4270.0
26-Jan-26 11:00:00 PM ICT,4270.0
27-Jan-26 12:00:00 AM ICT,4270.0
27-Jan-26 1:00:00 AM ICT,4270.0
27-Jan-26 2:00:00 AM ICT,4270.0
27-Jan-26 3:00:00 AM ICT,4270.0
27-Jan-26 4:00:00 AM ICT,4270.0
27-Jan-26 5:00:00 AM ICT,4270.0
27-Jan-26 6:00:00 AM ICT,4270.0
27-Jan-26 7:00:00 AM ICT,4270.0
27-Jan-26 8:00:00 AM ICT,4270.0
27-Jan-26 9:00:00 AM ICT,4270.0
27-Jan-26 10:00:00 AM ICT,4270.0
27-Jan-26 11:00:00 AM ICT,4270.3
27-Jan-26 12:00:00 PM ICT,4302.3
27-Jan-26 1:00:00 PM ICT,4351.8
27-Jan-26 2:00:00 PM ICT,4400.8
27-Jan-26 3:00:00 PM ICT,4449.8
27-Jan-26 4:00:00 PM ICT,4476.3
27-Jan-26 5:00:00 PM ICT,4493.5
27-Jan-26 6:00:00 PM ICT,4516.3
27-Jan-26 7:00:00 PM ICT,4560.5
27-Jan-26 8:00:00 PM ICT,4609.8
27-Jan-26 9:00:00 PM ICT,4659.3
27-Jan-26 10:00:00 PM ICT,4708.5
27-Jan-26 11:00:00 PM ICT,4758.0
28-Jan-26 12:00:00 AM ICT,4807.5
28-Jan-26 1:00:00 AM ICT,4857.3
28-Jan-26 2:00:00 AM ICT,4906.5
28-Jan-26 3:00:00 AM ICT,4956.3
28-Jan-26 4:00:00 AM ICT,5005.5
28-Jan-26 5:00:00 AM ICT,5055.3
28-Jan-26 6:00:00 AM ICT,5104.5
28-Jan-26 7:00:00 AM ICT,5151.5
28-Jan-26 8:00:00 AM ICT,5163.0
28-Jan-26 9:00:00 AM ICT,5175.8
28-Jan-26 10:00:00 AM ICT,5194.3
28-Jan-26 11:00:00 AM ICT,5226.8
28-Jan-26 12:00:00 PM ICT,5275.8
28-Jan-26 1:00:00 PM ICT,5325.0
28-Jan-26 2:00:00 PM ICT,5373.8
28-Jan-26 3:00:00 PM ICT,5423.3
28-Jan-26 4:00:00 PM ICT,5472.3
28-Jan-26 5:00:00 PM ICT,5521.5
28-Jan-26 6:00:00 PM ICT,5570.8
28-Jan-26 7:00:00 PM ICT,5620.3
28-Jan-26 8:00:00 PM ICT,5669.5
28-Jan-26 9:00:00 PM ICT,5718.8
28-Jan-26 10:00:00 PM ICT,5768.3
28-Jan-26 11:00:00 PM ICT,5817.5
29-Jan-26 12:00:00 AM ICT,5866.8
29-Jan-26 1:00:00 AM ICT,5916.0
29-Jan-26 2:00:00 AM ICT,5965.3
29-Jan-26 3:00:00 AM ICT,6014.5
29-Jan-26 4:00:00 AM ICT,6063.5
29-Jan-26 5:00:00 AM ICT,6112.8
29-Jan-26 6:00:00 AM ICT,6161.8
29-Jan-26 7:00:00 AM ICT,6204.5
29-Jan-26 8:00:00 AM ICT,6223.8
29-Jan-26 9:00:00 AM ICT,6240.5
29-Jan-26 10:00:00 AM ICT,6257.0
29-Jan-26 11:00:00 AM ICT,6273.8
29-Jan-26 12:00:00 PM ICT,6290.5
29-Jan-26 1:00:00 PM ICT,6307.0
29-Jan-26 2:00:00 PM ICT,6323.3
29-Jan-26 3:00:00 PM ICT,6341.5
29-Jan-26 4:00:00 PM ICT,6382.8
29-Jan-26 5:00:00 PM ICT,6431.8
29-Jan-26 6:00:00 PM ICT,6480.8
29-Jan-26 7:00:00 PM ICT,6529.8
29-Jan-26 8:00:00 PM ICT,6578.8
29-Jan-26 9:00:00 PM ICT,6628.3
29-Jan-26 10:00:00 PM ICT,6677.3
29-Jan-26 11:00:00 PM ICT,6726.5
30-Jan-26 12:00:00 AM ICT,6775.8
30-Jan-26 1:00:00 AM ICT,6825.3
30-Jan-26 2:00:00 AM ICT,6874.5
30-Jan-26 3:00:00 AM ICT,6923.5
30-Jan-26 4:00:00 AM ICT,6972.8
30-Jan-26 5:00:00 AM ICT,7022.0
30-Jan-26 6:00:00 AM ICT,7071.3
30-Jan-26 7:00:00 AM ICT,7118.3
30-Jan-26 8:00:00 AM ICT,7141.3
30-Jan-26 9:00:00 AM ICT,7155.8
30-Jan-26 10:00:00 AM ICT,7172.8
30-Jan-26 11:00:00 AM ICT,7190.0
30-Jan-26 12:00:00 PM ICT,7205.0
30-Jan-26 1:00:00 PM ICT,7207.0
30-Jan-26 2:00:00 PM ICT,7207.0
30-Jan-26 3:00:00 PM ICT,7213.0
30-Jan-26 4:00:00 PM ICT,7246.3
30-Jan-26 5:00:00 PM ICT,7295.0
30-Jan-26 6:00:00 PM ICT,7326.0
30-Jan-26 7:00:00 PM ICT,7343.0
30-Jan-26 8:00:00 PM ICT,7360.3
30-Jan-26 9:00:00 PM ICT,7377.5
30-Jan-26 10:00:00 PM ICT,7395.0
30-Jan-26 11:00:00 PM ICT,7412.8
31-Jan-26 12:00:00 AM ICT,7430.0
31-Jan-26 1:00:00 AM ICT,7447.5
31-Jan-26 2:00:00 AM ICT,7464.5
31-Jan-26 3:00:00 AM ICT,7480.5
31-Jan-26 4:00:00 AM ICT,7497.8
31-Jan-26 5:00:00 AM ICT,7514.8
31-Jan-26 6:00:00 AM ICT,7531.8
31-Jan-26 7:00:00 AM ICT,7548.8
31-Jan-26 8:00:00 AM ICT,7565.8
31-Jan-26 9:00:00 AM ICT,7582.0
31-Jan-26 10:00:00 AM ICT,7599.0
31-Jan-26 11:00:00 AM ICT,7615.8
31-Jan-26 12:00:00 PM ICT,7632.3
31-Jan-26 1:00:00 PM ICT,7649.3
31-Jan-26 2:00:00 PM ICT,7666.0
31-Jan-26 3:00:00 PM ICT,7682.0
31-Jan-26 4:00:00 PM ICT,7696.0
31-Jan-26 5:00:00 PM ICT,7698.0
31-Jan-26 6:00:00 PM ICT,7698.0
31-Jan-26 7:00:00 PM ICT,7698.0
31-Jan-26 8:00:00 PM ICT,7698.0
31-Jan-26 9:00:00 PM ICT,7698.0
31-Jan-26 10:00:00 PM ICT,7698.0
31-Jan-26 11:00:00 PM ICT,7698.0
01-Feb-26 12:00:00 AM ICT,7698.0
01-Feb-26 1:00:00 AM ICT,7698.0
01-Feb-26 2:00:00 AM ICT,7698.0
01-Feb-26 3:00:00 AM ICT,7698.0
01-Feb-26 4:00:00 AM ICT,7698.0
01-Feb-26 5:00:00 AM ICT,7698.0
01-Feb-26 6:00:00 AM ICT,7698.0
01-Feb-26 7:00:00 AM ICT,7698.0
01-Feb-26 8:00:00 AM ICT,7698.0
01-Feb-26 9:00:00 AM ICT,7698.0
01-Feb-26 10:00:00 AM ICT,7698.0
01-Feb-26 11:00:00 AM ICT,7698.0
01-Feb-26 12:00:00 PM ICT,7698.0
01-Feb-26 1:00:00 PM ICT,7698.0
01-Feb-26 2:00:00 PM ICT,7698.0
01-Feb-26 3:00:00 PM ICT,7698.0
01-Feb-26 4:00:00 PM ICT,7698.0
01-Feb-26 5:00:00 PM ICT,7698.0
01-Feb-26 6:00:00 PM ICT,7698.0
01-Feb-26 7:00:00 PM ICT,7698.0
01-Feb-26 8:00:00 PM ICT,7698.0
01-Feb-26 9:00:00 PM ICT,7698.0
01-Feb-26 10:00:00 PM ICT,7698.0
01-Feb-26 11:00:00 PM ICT,7698.0
02-Feb-26 12:00:00 AM ICT,7698.0
02-Feb-26 1:00:00 AM ICT,7698.0
02-Feb-26 2:00:00 AM ICT,7698.0
02-Feb-26 3:00:00 AM ICT,7698.0
02-Feb-26 4:00:00 AM ICT,7698.0
02-Feb-26 5:00:00 AM ICT,7698.0
02-Feb-26 6:00:00 AM ICT,7698.0
02-Feb-26 7:00:00 AM ICT,7698.0
02-Feb-26 8:00:00 AM ICT,7698.0
02-Feb-26 9:00:00 AM ICT,7709.0
02-Feb-26 10:00:00 AM ICT,7755.8
02-Feb-26 11:00:00 AM ICT,7805.3
02-Feb-26 12:00:00 PM ICT,7854.3
02-Feb-26 1:00:00 PM ICT,7903.3
02-Feb-26 2:00:00 PM ICT,7940.0
02-Feb-26 3:00:00 PM ICT,7942.0
02-Feb-26 4:00:00 PM ICT,7942.0
02-Feb-26 5:00:00 PM ICT,7942.0
02-Feb-26 6:00:00 PM ICT,7942.0
02-Feb-26 7:00:00 PM ICT,7942.0
02-Feb-26 8:00:00 PM ICT,7942.0
02-Feb-26 9:00:00 PM ICT,7942.0
02-Feb-26 10:00:00 PM ICT,7942.0
02-Feb-26 11:00:00 PM ICT,7942.0
03-Feb-26 12:00:00 AM ICT,7942.0
03-Feb-26 1:00:00 AM ICT,7942.0
03-Feb-26 2:00:00 AM ICT,7942.0
03-Feb-26 3:00:00 AM ICT,7942.0
03-Feb-26 4:00:00 AM ICT,7942.0
03-Feb-26 5:00:00 AM ICT,7942.0
03-Feb-26 6:00:00 AM ICT,7942.0
03-Feb-26 7:00:00 AM ICT,7942.0
03-Feb-26 8:00:00 AM ICT,7942.0
03-Feb-26 9:00:00 AM ICT,7942.0
03-Feb-26 10:00:00 AM ICT,7942.0
03-Feb-26 11:00:00 AM ICT,7942.0
03-Feb-26 12:00:00 PM ICT,7942.0
03-Feb-26 1:00:00 PM ICT,7942.0
03-Feb-26 2:00:00 PM ICT,7949.3
03-Feb-26 3:00:00 PM ICT,7991.3
03-Feb-26 4:00:00 PM ICT,8004.0
03-Feb-26 5:00:00 PM ICT,8004.0
03-Feb-26 6:00:00 PM ICT,8004.0
03-Feb-26 7:00:00 PM ICT,8004.0
03-Feb-26 8:00:00 PM ICT,8004.0
03-Feb-26 9:00:00 PM ICT,8004.0
03-Feb-26 10:00:00 PM ICT,8004.0
03-Feb-26 11:00:00 PM ICT,8004.0
04-Feb-26 12:00:00 AM ICT,8004.0
04-Feb-26 1:00:00 AM ICT,8004.0
04-Feb-26 2:00:00 AM ICT,8004.0
04-Feb-26 3:00:00 AM ICT,8004.0
04-Feb-26 4:00:00 AM ICT,8004.0
04-Feb-26 5:00:00 AM ICT,8004.0
04-Feb-26 6:00:00 AM ICT,8004.0
04-Feb-26 7:00:00 AM ICT,8004.0
04-Feb-26 8:00:00 AM ICT,8004.0
04-Feb-26 9:00:00 AM ICT,8004.0
04-Feb-26 10:00:00 AM ICT,8004.0
04-Feb-26 11:00:00 AM ICT,8004.0
04-Feb-26 12:00:00 PM ICT,8004.0
04-Feb-26 1:00:00 PM ICT,8004.0
04-Feb-26 2:00:00 PM ICT,8004.0
04-Feb-26 3:00:00 PM ICT,8004.0
04-Feb-26 4:00:00 PM ICT,8016.0
04-Feb-26 5:00:00 PM ICT,8063.0
04-Feb-26 6:00:00 PM ICT,8111.0
04-Feb-26 7:00:00 PM ICT,8159.8
04-Feb-26 8:00:00 PM ICT,8208.5
04-Feb-26 9:00:00 PM ICT,8257.3
04-Feb-26 10:00:00 PM ICT,8306.3
04-Feb-26 11:00:00 PM ICT,8355.5
05-Feb-26 12:00:00 AM ICT,8404.5
05-Feb-26 1:00:00 AM ICT,8453.8
05-Feb-26 2:00:00 AM ICT,8503.3
05-Feb-26 3:00:00 AM ICT,8552.3
05-Feb-26 4:00:00 AM ICT,8601.5
05-Feb-26 5:00:00 AM ICT,8650.8
05-Feb-26 6:00:00 AM ICT,8700.0
05-Feb-26 7:00:00 AM ICT,8749.3
05-Feb-26 8:00:00 AM ICT,8798.3
05-Feb-26 9:00:00 AM ICT,8819.0
05-Feb-26 10:00:00 AM ICT,8819.0
05-Feb-26 11:00:00 AM ICT,8819.0
05-Feb-26 12:00:00 PM ICT,8819.0
05-Feb-26 1:00:00 PM ICT,8819.0
05-Feb-26 2:00:00 PM ICT,8819.0
05-Feb-26 3:00:00 PM ICT,8819.0
05-Feb-26 4:00:00 PM ICT,8819.0
05-Feb-26 5:00:00 PM ICT,8819.0
05-Feb-26 6:00:00 PM ICT,8819.0
05-Feb-26 7:00:00 PM ICT,8819.0
05-Feb-26 8:00:00 PM ICT,8819.0
05-Feb-26 9:00:00 PM ICT,8819.0
05-Feb-26 10:00:00 PM ICT,8819.0
05-Feb-26 11:00:00 PM ICT,8819.0
06-Feb-26 12:00:00 AM ICT,8819.0
06-Feb-26 1:00:00 AM ICT,8819.0
06-Feb-26 2:00:00 AM ICT,8819.0
06-Feb-26 3:00:00 AM ICT,8819.0
06-Feb-26 4:00:00 AM ICT,8819.0
06-Feb-26 5:00:00 AM ICT,8819.0
06-Feb-26 6:00:00 AM ICT,8819.0
06-Feb-26 7:00:00 AM ICT,8819.0
06-Feb-26 8:00:00 AM ICT,8829.5
06-Feb-26 9:00:00 AM ICT,8876.3
06-Feb-26 10:00:00 AM ICT,8925.5
06-Feb-26 11:00:00 AM ICT,8974.5
06-Feb-26 12:00:00 PM ICT,9023.8
06-Feb-26 1:00:00 PM ICT,9072.8
06-Feb-26 2:00:00 PM ICT,9121.5
06-Feb-26 3:00:00 PM ICT,9140.8
06-Feb-26 4:00:00 PM ICT,9173.8
06-Feb-26 5:00:00 PM ICT,9194.8
06-Feb-26 6:00:00 PM ICT,9213.0
06-Feb-26 7:00:00 PM ICT,9231.5
06-Feb-26 8:00:00 PM ICT,9250.0
06-Feb-26 9:00:00 PM ICT,9267.3
06-Feb-26 10:00:00 PM ICT,9300.3
06-Feb-26 11:00:00 PM ICT,9349.5
07-Feb-26 12:00:00 AM ICT,9399.3
07-Feb-26 1:00:00 AM ICT,9448.5
07-Feb-26 2:00:00 AM ICT,9498.3
07-Feb-26 3:00:00 AM ICT,9547.5
07-Feb-26 4:00:00 AM ICT,9585.5
07-Feb-26 5:00:00 AM ICT,9588.0
07-Feb-26 6:00:00 AM ICT,9588.0
07-Feb-26 7:00:00 AM ICT,9588.0
07-Feb-26 8:00:00 AM ICT,9588.0
07-Feb-26 9:00:00 AM ICT,9588.0
07-Feb-26 10:00:00 AM ICT,9588.0
07-Feb-26 11:00:00 AM ICT,9588.0
07-Feb-26 12:00:00 PM ICT,9588.0
07-Feb-26 1:00:00 PM ICT,9588.0
07-Feb-26 2:00:00 PM ICT,9588.0
07-Feb-26 3:00:00 PM ICT,9588.0
07-Feb-26 4:00:00 PM ICT,9588.0
07-Feb-26 5:00:00 PM ICT,9588.0
07-Feb-26 6:00:00 PM ICT,9588.5
07-Feb-26 7:00:00 PM ICT,9601.0
07-Feb-26 8:00:00 PM ICT,9616.3
07-Feb-26 9:00:00 PM ICT,9653.0
07-Feb-26 10:00:00 PM ICT,9684.3
07-Feb-26 11:00:00 PM ICT,9707.0
08-Feb-26 12:00:00 AM ICT,9707.0
08-Feb-26 1:00:00 AM ICT,9707.0
08-Feb-26 2:00:00 AM ICT,9707.0
08-Feb-26 3:00:00 AM ICT,9707.0
08-Feb-26 4:00:00 AM ICT,9707.0
08-Feb-26 5:00:00 AM ICT,9707.0
08-Feb-26 6:00:00 AM ICT,9707.0
08-Feb-26 7:00:00 AM ICT,9707.0
08-Feb-26 8:00:00 AM ICT,9712.0
08-Feb-26 9:00:00 AM ICT,9741.3
08-Feb-26 10:00:00 AM ICT,9753.3
08-Feb-26 11:00:00 AM ICT,9791.8
08-Feb-26 12:00:00 PM ICT,9840.8
08-Feb-26 1:00:00 PM ICT,9887.0
08-Feb-26 2:00:00 PM ICT,9896.0
08-Feb-26 3:00:00 PM ICT,9896.0
08-Feb-26 4:00:00 PM ICT,9896.0
08-Feb-26 5:00:00 PM ICT,9896.0
08-Feb-26 6:00:00 PM ICT,9896.0
08-Feb-26 7:00:00 PM ICT,9896.0
08-Feb-26 8:00:00 PM ICT,9896.0
08-Feb-26 9:00:00 PM ICT,9896.0
08-Feb-26 10:00:00 PM ICT,9896.0
08-Feb-26 11:00:00 PM ICT,9896.0
09-Feb-26 12:00:00 AM ICT,9896.0
09-Feb-26 1:00:00 AM ICT,9896.0
09-Feb-26 2:00:00 AM ICT,9896.0
09-Feb-26 3:00:00 AM ICT,9896.0
09-Feb-26 4:00:00 AM ICT,9896.0
09-Feb-26 5:00:00 AM ICT,9896.0
09-Feb-26 6:00:00 AM ICT,9896.0
09-Feb-26 7:00:00 AM ICT,9896.0
09-Feb-26 8:00:00 AM ICT,9896.0
09-Feb-26 9:00:00 AM ICT,9896.0
09-Feb-26 10:00:00 AM ICT,9898.0
09-Feb-26 11:00:00 AM ICT,9912.8
09-Feb-26 12:00:00 PM ICT,9931.3
09-Feb-26 1:00:00 PM ICT,9936.0
09-Feb-26 2:00:00 PM ICT,9936.0
09-Feb-26 3:00:00 PM ICT,9936.0
09-Feb-26 4:00:00 PM ICT,9936.0
09-Feb-26 5:00:00 PM ICT,9936.0
09-Feb-26 6:00:00 PM ICT,9936.0
09-Feb-26 7:00:00 PM ICT,9936.0
09-Feb-26 8:00:00 PM ICT,9936.0
09-Feb-26 9:00:00 PM ICT,9936.0
09-Feb-26 10:00:00 PM ICT,9936.0
09-Feb-26 11:00:00 PM ICT,9936.0
10-Feb-26 12:00:00 AM ICT,9936.0
10-Feb-26 1:00:00 AM ICT,9936.0
10-Feb-26 2:00:00 AM ICT,9936.0
10-Feb-26 3:00:00 AM ICT,9936.0
10-Feb-26 4:00:00 AM ICT,9936.0
10-Feb-26 5:00:00 AM ICT,9936.0
10-Feb-26 6:00:00 AM ICT,9936.0
10-Feb-26 7:00:00 AM ICT,9936.0
10-Feb-26 8:00:00 AM ICT,9936.0
10-Feb-26 9:00:00 AM ICT,9936.0
10-Feb-26 10:00:00 AM ICT,9936.0
10-Feb-26 11:00:00 AM ICT,9936.0
10-Feb-26 12:00:00 PM ICT,9936.0
10-Feb-26 1:00:00 PM ICT,9936.0
10-Feb-26 2:00:00 PM ICT,9936.0
10-Feb-26 3:00:00 PM ICT,9936.0
10-Feb-26 4:00:00 PM ICT,9936.0
10-Feb-26 5:00:00 PM ICT,9936.0
10-Feb-26 6:00:00 PM ICT,9936.0
10-Feb-26 7:00:00 PM ICT,9936.0
10-Feb-26 8:00:00 PM ICT,9939.5
10-Feb-26 9:00:00 PM ICT,9980.0
10-Feb-26 10:00:00 PM ICT,10029.3
10-Feb-26 11:00:00 PM ICT,10053.0
11-Feb-26 12:00:00 AM ICT,10053.0
11-Feb-26 1:00:00 AM ICT,10053.0
11-Feb-26 2:00:00 AM ICT,10053.0
11-Feb-26 3:00:00 AM ICT,10053.0
11-Feb-26 4:00:00 AM ICT,10053.0
11-Feb-26 5:00:00 AM ICT,10053.0
11-Feb-26 6:00:00 AM ICT,10053.0
11-Feb-26 7:00:00 AM ICT,10053.0
11-Feb-26 8:00:00 AM ICT,10053.0
11-Feb-26 9:00:00 AM ICT,10053.0
11-Feb-26 10:00:00 AM ICT,10053.0
11-Feb-26 11:00:00 AM ICT,10053.0
11-Feb-26 12:00:00 PM ICT,10053.0
11-Feb-26 1:00:00 PM ICT,10053.0
11-Feb-26 2:00:00 PM ICT,10053.0
11-Feb-26 3:00:00 PM ICT,10053.0
11-Feb-26 4:00:00 PM ICT,10053.0
11-Feb-26 5:00:00 PM ICT,10053.0
11-Feb-26 6:00:00 PM ICT,10053.0
11-Feb-26 7:00:00 PM ICT,10053.0
11-Feb-26 8:00:00 PM ICT,10053.0
11-Feb-26 9:00:00 PM ICT,10053.0
11-Feb-26 10:00:00 PM ICT,10053.0
11-Feb-26 11:00:00 PM ICT,10053.0
12-Feb-26 12:00:00 AM ICT,10053.0
12-Feb-26 1:00:00 AM ICT,10053.0
12-Feb-26 2:00:00 AM ICT,10053.0
12-Feb-26 3:00:00 AM ICT,10053.0
12-Feb-26 4:00:00 AM ICT,10053.0
12-Feb-26 5:00:00 AM ICT,10053.0
12-Feb-26 6:00:00 AM ICT,10053.0
12-Feb-26 7:00:00 AM ICT,10053.0
12-Feb-26 8:00:00 AM ICT,10053.0
12-Feb-26 9:00:00 AM ICT,10053.0
12-Feb-26 10:00:00 AM ICT,10053.0
12-Feb-26 11:00:00 AM ICT,10053.0
12-Feb-26 12:00:00 PM ICT,10053.0
12-Feb-26 1:00:00 PM ICT,10053.0
12-Feb-26 2:00:00 PM ICT,10053.0
12-Feb-26 3:00:00 PM ICT,10053.0
12-Feb-26 4:00:00 PM ICT,10053.0
12-Feb-26 5:00:00 PM ICT,10053.0
12-Feb-26 6:00:00 PM ICT,10053.0
12-Feb-26 7:00:00 PM ICT,10053.0
12-Feb-26 8:00:00 PM ICT,10053.0
12-Feb-26 9:00:00 PM ICT,10053.0
12-Feb-26 10:00:00 PM ICT,10053.0
12-Feb-26 11:00:00 PM ICT,10053.0
13-Feb-26 12:00:00 AM ICT,10053.0
13-Feb-26 1:00:00 AM ICT,10053.0
13-Feb-26 2:00:00 AM ICT,10053.0
13-Feb-26 3:00:00 AM ICT,10053.0
13-Feb-26 4:00:00 AM ICT,10053.0
13-Feb-26 5:00:00 AM ICT,10053.0
13-Feb-26 6:00:00 AM ICT,10053.0
13-Feb-26 7:00:00 AM ICT,10053.0
13-Feb-26 8:00:00 AM ICT,10053.0
13-Feb-26 9:00:00 AM ICT,10053.0
13-Feb-26 10:00:00 AM ICT,10062.5
13-Feb-26 11:00:00 AM ICT,10080.5
13-Feb-26 12:00:00 PM ICT,10099.0
13-Feb-26 1:00:00 PM ICT,10118.3
13-Feb-26 2:00:00 PM ICT,10136.8
13-Feb-26 3:00:00 PM ICT,10162.0
13-Feb-26 4:00:00 PM ICT,10197.0
13-Feb-26 5:00:00 PM ICT,10199.0
13-Feb-26 6:00:00 PM ICT,10199.0
13-Feb-26 7:00:00 PM ICT,10199.0
13-Feb-26 8:00:00 PM ICT,10199.0
13-Feb-26 9:00:00 PM ICT,10199.0
13-Feb-26 10:00:00 PM ICT,10199.0
13-Feb-26 11:00:00 PM ICT,10199.0
14-Feb-26 12:00:00 AM ICT,10199.0
14-Feb-26 1:00:00 AM ICT,10199.0
14-Feb-26 2:00:00 AM ICT,10206.3
14-Feb-26 3:00:00 AM ICT,10219.0
14-Feb-26 4:00:00 AM ICT,10246.5
14-Feb-26 5:00:00 AM ICT,10296.3
14-Feb-26 6:00:00 AM ICT,10334.8
14-Feb-26 7:00:00 AM ICT,10378.0
14-Feb-26 8:00:00 AM ICT,10427.8
14-Feb-26 9:00:00 AM ICT,10477.3
14-Feb-26 10:00:00 AM ICT,10524.0
14-Feb-26 11:00:00 AM ICT,10535.0
14-Feb-26 12:00:00 PM ICT,10535.0
14-Feb-26 1:00:00 PM ICT,10535.0
14-Feb-26 2:00:00 PM ICT,10535.0
14-Feb-26 3:00:00 PM ICT,10535.0
14-Feb-26 4:00:00 PM ICT,10535.0
14-Feb-26 5:00:00 PM ICT,10535.0
14-Feb-26 6:00:00 PM ICT,10535.0
14-Feb-26 7:00:00 PM ICT,10535.0
14-Feb-26 8:00:00 PM ICT,10535.0
14-Feb-26 9:00:00 PM ICT,10535.0
14-Feb-26 10:00:00 PM ICT,10535.0
14-Feb-26 11:00:00 PM ICT,10535.0
15-Feb-26 12:00:00 AM ICT,10535.0
15-Feb-26 1:00:00 AM ICT,10535.0
15-Feb-26 2:00:00 AM ICT,10535.0
15-Feb-26 3:00:00 AM ICT,10535.0
15-Feb-26 4:00:00 AM ICT,10535.0
15-Feb-26 5:00:00 AM ICT,10535.0
15-Feb-26 6:00:00 AM ICT,10535.0
15-Feb-26 7:00:00 AM ICT,10535.0
15-Feb-26 8:00:00 AM ICT,10535.0
15-Feb-26 9:00:00 AM ICT,10535.0
15-Feb-26 10:00:00 AM ICT,10535.0
15-Feb-26 11:00:00 AM ICT,10535.0
15-Feb-26 12:00:00 PM ICT,10535.0
15-Feb-26 1:00:00 PM ICT,10535.0
15-Feb-26 2:00:00 PM ICT,10535.0
15-Feb-26 3:00:00 PM ICT,10535.0
15-Feb-26 4:00:00 PM ICT,10535.0
15-Feb-26 5:00:00 PM ICT,10535.0
15-Feb-26 6:00:00 PM ICT,10535.0
15-Feb-26 7:00:00 PM ICT,10535.0
15-Feb-26 8:00:00 PM ICT,10542.8
15-Feb-26 9:00:00 PM ICT,10563.3
15-Feb-26 10:00:00 PM ICT,10586.5
15-Feb-26 11:00:00 PM ICT,10610.3
16-Feb-26 12:00:00 AM ICT,10635.0
16-Feb-26 1:00:00 AM ICT,10659.5
16-Feb-26 2:00:00 AM ICT,10682.0
16-Feb-26 3:00:00 AM ICT,10706.5
16-Feb-26 4:00:00 AM ICT,10727.8
16-Feb-26 5:00:00 AM ICT,10729.0
16-Feb-26 6:00:00 AM ICT,10732.5
16-Feb-26 7:00:00 AM ICT,10749.0
16-Feb-26 8:00:00 AM ICT,10758.0
16-Feb-26 9:00:00 AM ICT,10758.0
16-Feb-26 10:00:00 AM ICT,10761.0
16-Feb-26 11:00:00 AM ICT,10779.8
16-Feb-26 12:00:00 PM ICT,10787.0
16-Feb-26 1:00:00 PM ICT,10787.0
16-Feb-26 2:00:00 PM ICT,10787.0
16-Feb-26 3:00:00 PM ICT,10787.0
16-Feb-26 4:00:00 PM ICT,10787.0
16-Feb-26 5:00:00 PM ICT,10793.3
16-Feb-26 6:00:00 PM ICT,10800.5
16-Feb-26 7:00:00 PM ICT,10808.0
16-Feb-26 8:00:00 PM ICT,10818.5
16-Feb-26 9:00:00 PM ICT,10837.0
16-Feb-26 10:00:00 PM ICT,10858.3
16-Feb-26 11:00:00 PM ICT,10882.5
17-Feb-26 12:00:00 AM ICT,10884.0
17-Feb-26 1:00:00 AM ICT,10884.0
17-Feb-26 2:00:00 AM ICT,10895.5
17-Feb-26 3:00:00 AM ICT,10916.8
17-Feb-26 4:00:00 AM ICT,10940.8
17-Feb-26 5:00:00 AM ICT,10968.0
17-Feb-26 6:00:00 AM ICT,10987.5
17-Feb-26 7:00:00 AM ICT,11007.5
17-Feb-26 8:00:00 AM ICT,11026.5
17-Feb-26 9:00:00 AM ICT,11044.5
17-Feb-26 10:00:00 AM ICT,11071.0
17-Feb-26 11:00:00 AM ICT,11119.8
17-Feb-26 12:00:00 PM ICT,11138.0
17-Feb-26 1:00:00 PM ICT,11138.0
17-Feb-26 2:00:00 PM ICT,11138.0
17-Feb-26 3:00:00 PM ICT,11138.0
17-Feb-26 4:00:00 PM ICT,11138.0
17-Feb-26 5:00:00 PM ICT,11138.0
17-Feb-26 6:00:00 PM ICT,11138.0
17-Feb-26 7:00:00 PM ICT,11138.0
17-Feb-26 8:00:00 PM ICT,11138.0
17-Feb-26 9:00:00 PM ICT,11138.0
17-Feb-26 10:00:00 PM ICT,11138.0
17-Feb-26 11:00:00 PM ICT,11138.0
18-Feb-26 12:00:00 AM ICT,11138.0
18-Feb-26 1:00:00 AM ICT,11138.0
18-Feb-26 2:00:00 AM ICT,11138.0
18-Feb-26 3:00:00 AM ICT,11138.0
18-Feb-26 4:00:00 AM ICT,11138.0
18-Feb-26 5:00:00 AM ICT,11138.0
18-Feb-26 6:00:00 AM ICT,11138.0
18-Feb-26 7:00:00 AM ICT,11138.0
18-Feb-26 8:00:00 AM ICT,11138.0
18-Feb-26 9:00:00 AM ICT,11148.0
18-Feb-26 10:00:00 AM ICT,11165.3
18-Feb-26 11:00:00 AM ICT,11182.5
18-Feb-26 12:00:00 PM ICT,11200.8
18-Feb-26 1:00:00 PM ICT,11215.5
18-Feb-26 2:00:00 PM ICT,11218.0
18-Feb-26 3:00:00 PM ICT,11218.0
18-Feb-26 4:00:00 PM ICT,11218.0
18-Feb-26 5:00:00 PM ICT,11218.0
18-Feb-26 6:00:00 PM ICT,11218.0
18-Feb-26 7:00:00 PM ICT,11218.0
18-Feb-26 8:00:00 PM ICT,11218.0
18-Feb-26 9:00:00 PM ICT,11218.0
18-Feb-26 10:00:00 PM ICT,11218.0
18-Feb-26 11:00:00 PM ICT,11218.0
19-Feb-26 12:00:00 AM ICT,11218.0
19-Feb-26 1:00:00 AM ICT,11218.0
19-Feb-26 2:00:00 AM ICT,11218.0
19-Feb-26 3:00:00 AM ICT,11218.0
19-Feb-26 4:00:00 AM ICT,11218.0
19-Feb-26 5:00:00 AM ICT,11218.0
19-Feb-26 6:00:00 AM ICT,11218.0
19-Feb-26 7:00:00 AM ICT,11218.0
19-Feb-26 8:00:00 AM ICT,11218.0
19-Feb-26 9:00:00 AM ICT,11218.0
19-Feb-26 10:00:00 AM ICT,11218.0
19-Feb-26 11:00:00 AM ICT,11218.0
19-Feb-26 12:00:00 PM ICT,11218.0
19-Feb-26 1:00:00 PM ICT,11218.0
19-Feb-26 2:00:00 PM ICT,11218.0
19-Feb-26 3:00:00 PM ICT,11218.0
19-Feb-26 4:00:00 PM ICT,11218.0
19-Feb-26 5:00:00 PM ICT,11218.0
19-Feb-26 6:00:00 PM ICT,11218.0
19-Feb-26 7:00:00 PM ICT,11218.0
19-Feb-26 8:00:00 PM ICT,11218.0
19-Feb-26 9:00:00 PM ICT,11218.0
19-Feb-26 10:00:00 PM ICT,11218.0
19-Feb-26 11:00:00 PM ICT,11218.0
20-Feb-26 12:00:00 AM ICT,11218.0
20-Feb-26 1:00:00 AM ICT,11218.0
20-Feb-26 2:00:00 AM ICT,11218.0
20-Feb-26 3:00:00 AM ICT,11218.0
20-Feb-26 4:00:00 AM ICT,11218.0
20-Feb-26 5:00:00 AM ICT,11218.0
20-Feb-26 6:00:00 AM ICT,11218.0
20-Feb-26 7:00:00 AM ICT,11223.8
20-Feb-26 8:00:00 AM ICT,11237.8
20-Feb-26 9:00:00 AM ICT,11250.5
20-Feb-26 10:00:00 AM ICT,11251.0
20-Feb-26 11:00:00 AM ICT,11258.5
20-Feb-26 12:00:00 PM ICT,11275.3
20-Feb-26 1:00:00 PM ICT,11292.3
20-Feb-26 2:00:00 PM ICT,11307.3
20-Feb-26 3:00:00 PM ICT,11323.0
20-Feb-26 4:00:00 PM ICT,11339.5
20-Feb-26 5:00:00 PM ICT,11350.0
20-Feb-26 6:00:00 PM ICT,11350.0
20-Feb-26 7:00:00 PM ICT,11350.0
20-Feb-26 8:00:00 PM ICT,11350.0
20-Feb-26 9:00:00 PM ICT,11350.0
20-Feb-26 10:00:00 PM ICT,11350.0
20-Feb-26 11:00:00 PM ICT,11350.0
21-Feb-26 12:00:00 AM ICT,11350.0
21-Feb-26 1:00:00 AM ICT,11350.0
21-Feb-26 2:00:00 AM ICT,11350.0
21-Feb-26 3:00:00 AM ICT,11350.0
21-Feb-26 4:00:00 AM ICT,11350.0
21-Feb-26 5:00:00 AM ICT,11350.0
21-Feb-26 6:00:00 AM ICT,11350.0
21-Feb-26 7:00:00 AM ICT,11350.0
21-Feb-26 8:00:00 AM ICT,11350.0
21-Feb-26 9:00:00 AM ICT,11350.0
21-Feb-26 10:00:00 AM ICT,11350.0
21-Feb-26 11:00:00 AM ICT,11350.0
21-Feb-26 12:00:00 PM ICT,11350.0
21-Feb-26 1:00:00 PM ICT,11351.0
21-Feb-26 2:00:00 PM ICT,11351.0
21-Feb-26 3:00:00 PM ICT,11351.0
21-Feb-26 4:00:00 PM ICT,11351.0
21-Feb-26 5:00:00 PM ICT,11351.0
21-Feb-26 6:00:00 PM ICT,11351.0
21-Feb-26 7:00:00 PM ICT,11351.0
21-Feb-26 8:00:00 PM ICT,11351.0
21-Feb-26 9:00:00 PM ICT,11351.0
21-Feb-26 10:00:00 PM ICT,11351.0
21-Feb-26 11:00:00 PM ICT,11351.0
22-Feb-26 12:00:00 AM ICT,11351.0
22-Feb-26 1:00:00 AM ICT,11351.0
22-Feb-26 2:00:00 AM ICT,11351.0
22-Feb-26 3:00:00 AM ICT,11351.0
22-Feb-26 4:00:00 AM ICT,11351.0
22-Feb-26 5:00:00 AM ICT,11351.0
22-Feb-26 6:00:00 AM ICT,11351.0
22-Feb-26 7:00:00 AM ICT,11351.0
22-Feb-26 8:00:00 AM ICT,11351.0
22-Feb-26 9:00:00 AM ICT,11351.0
22-Feb-26 11:00:00 AM ICT,11351.0
22-Feb-26 12:00:00 PM ICT,11351.0
22-Feb-26 1:00:00 PM ICT,11351.0
22-Feb-26 2:00:00 PM ICT,11351.0
22-Feb-26 3:00:00 PM ICT,11351.0
22-Feb-26 4:00:00 PM ICT,11351.0
22-Feb-26 5:00:00 PM ICT,11351.0
22-Feb-26 6:00:00 PM ICT,11351.0
22-Feb-26 7:00:00 PM ICT,11351.0
22-Feb-26 8:00:00 PM ICT,11351.0
22-Feb-26 9:00:00 PM ICT,11351.0
22-Feb-26 10:00:00 PM ICT,11351.0
22-Feb-26 11:00:00 PM ICT,11351.0
23-Feb-26 12:00:00 AM ICT,11351.0
23-Feb-26 1:00:00 AM ICT,11351.0
23-Feb-26 2:00:00 AM ICT,11351.0
23-Feb-26 3:00:00 AM ICT,11351.0
23-Feb-26 4:00:00 AM ICT,11351.0
23-Feb-26 5:00:00 AM ICT,11351.0
23-Feb-26 6:00:00 AM ICT,11351.0
23-Feb-26 7:00:00 AM ICT,11351.0
23-Feb-26 8:00:00 AM ICT,11351.0
23-Feb-26 9:00:00 AM ICT,11351.0
23-Feb-26 10:00:00 AM ICT,11351.0
23-Feb-26 11:00:00 AM ICT,11351.0
23-Feb-26 12:00:00 PM ICT,11351.0
23-Feb-26 1:00:00 PM ICT,11351.0
23-Feb-26 2:00:00 PM ICT,11351.0
23-Feb-26 3:00:00 PM ICT,11351.0
23-Feb-26 4:00:00 PM ICT,11351.0
23-Feb-26 5:00:00 PM ICT,11351.0
23-Feb-26 6:00:00 PM ICT,11351.0
23-Feb-26 7:00:00 PM ICT,11351.0
23-Feb-26 8:00:00 PM ICT,11351.0
23-Feb-26 9:00:00 PM ICT,11351.0
23-Feb-26 10:00:00 PM ICT,11351.0
23-Feb-26 11:00:00 PM ICT,11351.0
24-Feb-26 12:00:00 AM ICT,11351.0
24-Feb-26 1:00:00 AM ICT,11351.0
24-Feb-26 2:00:00 AM ICT,11351.0
24-Feb-26 3:00:00 AM ICT,11351.0
24-Feb-26 4:00:00 AM ICT,11351.0
24-Feb-26 5:00:00 AM ICT,11351.0
24-Feb-26 6:00:00 AM ICT,11351.0
24-Feb-26 7:00:00 AM ICT,11351.0
24-Feb-26 8:00:00 AM ICT,11351.0
24-Feb-26 9:00:00 AM ICT,11351.0
24-Feb-26 10:00:00 AM ICT,11351.0
24-Feb-26 11:00:00 AM ICT,11351.0
24-Feb-26 12:00:00 PM ICT,11351.0
24-Feb-26 1:00:00 PM ICT,11351.0
24-Feb-26 2:00:00 PM ICT,11351.5
24-Feb-26 3:00:00 PM ICT,11358.3
24-Feb-26 4:00:00 PM ICT,11368.5
24-Feb-26 5:00:00 PM ICT,11378.0
24-Feb-26 6:00:00 PM ICT,11388.0
24-Feb-26 7:00:00 PM ICT,11399.3
24-Feb-26 8:00:00 PM ICT,11411.5
24-Feb-26 9:00:00 PM ICT,11424.0
24-Feb-26 10:00:00 PM ICT,11430.0
24-Feb-26 11:00:00 PM ICT,11430.0
25-Feb-26 12:00:00 AM ICT,11430.5
25-Feb-26 1:00:00 AM ICT,11440.3
25-Feb-26 2:00:00 AM ICT,11451.5
25-Feb-26 3:00:00 AM ICT,11460.0
25-Feb-26 4:00:00 AM ICT,11460.0
25-Feb-26 5:00:00 AM ICT,11463.3
25-Feb-26 6:00:00 AM ICT,11475.0
25-Feb-26 7:00:00 AM ICT,11487.5
25-Feb-26 8:00:00 AM ICT,11500.3
25-Feb-26 9:00:00 AM ICT,11508.0
25-Feb-26 10:00:00 AM ICT,11508.0
25-Feb-26 11:00:00 AM ICT,11516.5
25-Feb-26 12:00:00 PM ICT,11527.5
25-Feb-26 1:00:00 PM ICT,11540.3
25-Feb-26 2:00:00 PM ICT,11551.0
25-Feb-26 3:00:00 PM ICT,11561.0
25-Feb-26 4:00:00 PM ICT,11561.0
25-Feb-26 5:00:00 PM ICT,11561.0
25-Feb-26 6:00:00 PM ICT,11561.0
25-Feb-26 7:00:00 PM ICT,11561.0
25-Feb-26 8:00:00 PM ICT,11561.0
25-Feb-26 9:00:00 PM ICT,11561.0
25-Feb-26 10:00:00 PM ICT,11561.0
25-Feb-26 11:00:00 PM ICT,11561.0
26-Feb-26 12:00:00 AM ICT,11561.0
26-Feb-26 1:00:00 AM ICT,11561.0
26-Feb-26 2:00:00 AM ICT,11561.0
26-Feb-26 3:00:00 AM ICT,11561.0
26-Feb-26 4:00:00 AM ICT,11561.0
26-Feb-26 5:00:00 AM ICT,11561.0
26-Feb-26 6:00:00 AM ICT,11561.0
26-Feb-26 7:00:00 AM ICT,11561.0
26-Feb-26 8:00:00 AM ICT,11561.0
26-Feb-26 9:00:00 AM ICT,11561.0
26-Feb-26 10:00:00 AM ICT,11561.0
26-Feb-26 11:00:00 AM ICT,11561.0
26-Feb-26 12:00:00 PM ICT,11561.0
26-Feb-26 1:00:00 PM ICT,11561.0
26-Feb-26 2:00:00 PM ICT,11561.0
26-Feb-26 3:00:00 PM ICT,11561.0
26-Feb-26 4:00:00 PM ICT,11561.0
26-Feb-26 5:00:00 PM ICT,11561.0
26-Feb-26 6:00:00 PM ICT,11561.0
26-Feb-26 7:00:00 PM ICT,11561.0
26-Feb-26 8:00:00 PM ICT,11561.0
26-Feb-26 9:00:00 PM ICT,11561.0
26-Feb-26 10:00:00 PM ICT,11561.0
26-Feb-26 11:00:00 PM ICT,11561.0
27-Feb-26 12:00:00 AM ICT,11561.0
27-Feb-26 1:00:00 AM ICT,11561.0
27-Feb-26 2:00:00 AM ICT,11561.0
27-Feb-26 3:00:00 AM ICT,11561.0
27-Feb-26 4:00:00 AM ICT,11561.0
27-Feb-26 5:00:00 AM ICT,11561.0
27-Feb-26 6:00:00 AM ICT,11561.0
27-Feb-26 7:00:00 AM ICT,11561.0
27-Feb-26 8:00:00 AM ICT,11571.3
27-Feb-26 9:00:00 AM ICT,11610.5
27-Feb-26 10:00:00 AM ICT,11651.8
27-Feb-26 11:00:00 AM ICT,11693.3
27-Feb-26 12:00:00 PM ICT,11732.0
27-Feb-26 1:00:00 PM ICT,11763.3
27-Feb-26 2:00:00 PM ICT,11769.0
27-Feb-26 3:00:00 PM ICT,11769.0
27-Feb-26 4:00:00 PM ICT,11769.0
27-Feb-26 5:00:00 PM ICT,11769.0
27-Feb-26 6:00:00 PM ICT,11769.0
27-Feb-26 7:00:00 PM ICT,11769.0
27-Feb-26 8:00:00 PM ICT,11769.0
27-Feb-26 9:00:00 PM ICT,11769.0
27-Feb-26 10:00:00 PM ICT,11769.0
27-Feb-26 11:00:00 PM ICT,11769.0
28-Feb-26 12:00:00 AM ICT,11769.0
28-Feb-26 1:00:00 AM ICT,11769.0
28-Feb-26 2:00:00 AM ICT,11769.0
28-Feb-26 3:00:00 AM ICT,11769.0
28-Feb-26 4:00:00 AM ICT,11769.0
28-Feb-26 5:00:00 AM ICT,11769.0
28-Feb-26 6:00:00 AM ICT,11769.0
28-Feb-26 7:00:00 AM ICT,11769.0
28-Feb-26 8:00:00 AM ICT,11769.0
28-Feb-26 9:00:00 AM ICT,11769.0
28-Feb-26 10:00:00 AM ICT,11769.0
28-Feb-26 11:00:00 AM ICT,11769.0
28-Feb-26 12:00:00 PM ICT,11769.0
28-Feb-26 1:00:00 PM ICT,11769.0
28-Feb-26 2:00:00 PM ICT,11769.0
28-Feb-26 3:00:00 PM ICT,11769.5
28-Feb-26 4:00:00 PM ICT,11783.8
28-Feb-26 5:00:00 PM ICT,11791.8
28-Feb-26 6:00:00 PM ICT,11808.3
28-Feb-26 7:00:00 PM ICT,11817.5
28-Feb-26 8:00:00 PM ICT,11834.8
28-Feb-26 9:00:00 PM ICT,11850.0
28-Feb-26 10:00:00 PM ICT,11850.0
28-Feb-26 11:00:00 PM ICT,11850.0
01-Mar-26 12:00:00 AM ICT,11850.0
01-Mar-26 1:00:00 AM ICT,11850.0
01-Mar-26 2:00:00 AM ICT,11850.0
01-Mar-26 3:00:00 AM ICT,11850.0
01-Mar-26 4:00:00 AM ICT,11850.0
01-Mar-26 5:00:00 AM ICT,11850.0
01-Mar-26 6:00:00 AM ICT,11850.0
01-Mar-26 7:00:00 AM ICT,11850.0
01-Mar-26 8:00:00 AM ICT,11853.0
01-Mar-26 9:00:00 AM ICT,11879.0
01-Mar-26 10:00:00 AM ICT,11887.0
01-Mar-26 11:00:00 AM ICT,11896.0
01-Mar-26 12:00:00 PM ICT,11922.0
01-Mar-26 1:00:00 PM ICT,11931.5
01-Mar-26 2:00:00 PM ICT,11960.0
01-Mar-26 3:00:00 PM ICT,11978.0
01-Mar-26 4:00:00 PM ICT,11978.0
01-Mar-26 5:00:00 PM ICT,11978.0
01-Mar-26 6:00:00 PM ICT,11978.0
01-Mar-26 7:00:00 PM ICT,11978.0
01-Mar-26 8:00:00 PM ICT,11978.0
01-Mar-26 9:00:00 PM ICT,11978.0
01-Mar-26 10:00:00 PM ICT,11978.0
01-Mar-26 11:00:00 PM ICT,11978.0
02-Mar-26 12:00:00 AM ICT,11978.0
02-Mar-26 1:00:00 AM ICT,11978.0
02-Mar-26 2:00:00 AM ICT,11978.0
02-Mar-26 3:00:00 AM ICT,11978.0
02-Mar-26 4:00:00 AM ICT,11978.0
02-Mar-26 5:00:00 AM ICT,11978.0
02-Mar-26 6:00:00 AM ICT,11978.0
02-Mar-26 7:00:00 AM ICT,11978.0
02-Mar-26 8:00:00 AM ICT,11998.8
02-Mar-26 9:00:00 AM ICT,12047.8
02-Mar-26 10:00:00 AM ICT,12096.5
02-Mar-26 11:00:00 AM ICT,12118.0
02-Mar-26 12:00:00 PM ICT,12118.0
02-Mar-26 1:00:00 PM ICT,12118.0
02-Mar-26 2:00:00 PM ICT,12118.0
02-Mar-26 3:00:00 PM ICT,12118.0
02-Mar-26 4:00:00 PM ICT,12118.0
02-Mar-26 5:00:00 PM ICT,12118.0
02-Mar-26 6:00:00 PM ICT,12118.0
02-Mar-26 7:00:00 PM ICT,12118.0
02-Mar-26 8:00:00 PM ICT,12118.0
02-Mar-26 9:00:00 PM ICT,12118.0
02-Mar-26 10:00:00 PM ICT,12118.0
02-Mar-26 11:00:00 PM ICT,12118.0
03-Mar-26 12:00:00 AM ICT,12118.0
03-Mar-26 1:00:00 AM ICT,12118.0
03-Mar-26 2:00:00 AM ICT,12118.0
03-Mar-26 3:00:00 AM ICT,12118.0
03-Mar-26 4:00:00 AM ICT,12118.0
03-Mar-26 5:00:00 AM ICT,12118.0
03-Mar-26 6:00:00 AM ICT,12118.0
03-Mar-26 7:00:00 AM ICT,12118.0
03-Mar-26 8:00:00 AM ICT,12118.0
03-Mar-26 9:00:00 AM ICT,12118.0
03-Mar-26 10:00:00 AM ICT,12118.0
03-Mar-26 11:00:00 AM ICT,12118.0
03-Mar-26 12:00:00 PM ICT,12118.0
03-Mar-26 1:00:00 PM ICT,12118.0
03-Mar-26 2:00:00 PM ICT,12118.0
03-Mar-26 3:00:00 PM ICT,12118.0
03-Mar-26 4:00:00 PM ICT,12118.0
03-Mar-26 5:00:00 PM ICT,12118.0
03-Mar-26 6:00:00 PM ICT,12118.0
03-Mar-26 7:00:00 PM ICT,12118.0
03-Mar-26 8:00:00 PM ICT,12118.0
03-Mar-26 9:00:00 PM ICT,12118.0
03-Mar-26 10:00:00 PM ICT,12118.0
03-Mar-26 11:00:00 PM ICT,12118.0
04-Mar-26 12:00:00 AM ICT,12118.0
04-Mar-26 1:00:00 AM ICT,12118.0
04-Mar-26 2:00:00 AM ICT,12118.0
04-Mar-26 3:00:00 AM ICT,12118.0
04-Mar-26 4:00:00 AM ICT,12118.0
04-Mar-26 5:00:00 AM ICT,12118.0
04-Mar-26 6:00:00 AM ICT,12118.0
04-Mar-26 7:00:00 AM ICT,12118.0
04-Mar-26 8:00:00 AM ICT,12118.0
04-Mar-26 9:00:00 AM ICT,12118.0
04-Mar-26 10:00:00 AM ICT,12118.0
04-Mar-26 11:00:00 AM ICT,12129.3
04-Mar-26 12:00:00 PM ICT,12176.0
04-Mar-26 1:00:00 PM ICT,12225.0
04-Mar-26 2:00:00 PM ICT,12273.5
04-Mar-26 3:00:00 PM ICT,12322.0
04-Mar-26 4:00:00 PM ICT,12365.0
04-Mar-26 5:00:00 PM ICT,12371.0
04-Mar-26 6:00:00 PM ICT,12371.0
04-Mar-26 7:00:00 PM ICT,12371.0
04-Mar-26 8:00:00 PM ICT,12371.0
04-Mar-26 9:00:00 PM ICT,12371.0
04-Mar-26 10:00:00 PM ICT,12371.0
04-Mar-26 11:00:00 PM ICT,12371.0
05-Mar-26 12:00:00 AM ICT,12371.0
05-Mar-26 1:00:00 AM ICT,12371.0
05-Mar-26 2:00:00 AM ICT,12371.0
05-Mar-26 3:00:00 AM ICT,12371.0
05-Mar-26 4:00:00 AM ICT,12371.0
05-Mar-26 5:00:00 AM ICT,12371.0
05-Mar-26 6:00:00 AM ICT,12371.0
05-Mar-26 7:00:00 AM ICT,12371.0
05-Mar-26 8:00:00 AM ICT,12372.0
05-Mar-26 9:00:00 AM ICT,12395.3
05-Mar-26 10:00:00 AM ICT,12414.3
05-Mar-26 11:00:00 AM ICT,12442.0
05-Mar-26 12:00:00 PM ICT,12459.0
05-Mar-26 1:00:00 PM ICT,12459.0
05-Mar-26 2:00:00 PM ICT,12459.0
05-Mar-26 3:00:00 PM ICT,12459.0
05-Mar-26 4:00:00 PM ICT,12459.0
05-Mar-26 5:00:00 PM ICT,12459.0
05-Mar-26 6:00:00 PM ICT,12459.0
05-Mar-26 7:00:00 PM ICT,12459.0
05-Mar-26 8:00:00 PM ICT,12459.0
05-Mar-26 9:00:00 PM ICT,12459.0
05-Mar-26 10:00:00 PM ICT,12459.0
05-Mar-26 11:00:00 PM ICT,12459.0
06-Mar-26 12:00:00 AM ICT,12459.0
06-Mar-26 1:00:00 AM ICT,12459.0
06-Mar-26 2:00:00 AM ICT,12459.0
06-Mar-26 3:00:00 AM ICT,12459.0
06-Mar-26 4:00:00 AM ICT,12459.0
06-Mar-26 5:00:00 AM ICT,12459.0
06-Mar-26 6:00:00 AM ICT,12459.0
06-Mar-26 7:00:00 AM ICT,12463.3
06-Mar-26 8:00:00 AM ICT,12484.5
06-Mar-26 9:00:00 AM ICT,12519.3
06-Mar-26 10:00:00 AM ICT,12546.0
06-Mar-26 11:00:00 AM ICT,12550.0
06-Mar-26 12:00:00 PM ICT,12550.0
06-Mar-26 1:00:00 PM ICT,12550.0
06-Mar-26 2:00:00 PM ICT,12550.0
06-Mar-26 3:00:00 PM ICT,12550.0
06-Mar-26 4:00:00 PM ICT,12550.0
06-Mar-26 5:00:00 PM ICT,12550.0
06-Mar-26 6:00:00 PM ICT,12550.0
06-Mar-26 7:00:00 PM ICT,12550.0
06-Mar-26 8:00:00 PM ICT,12557.8
06-Mar-26 9:00:00 PM ICT,12567.5
06-Mar-26 10:00:00 PM ICT,12578.8
06-Mar-26 11:00:00 PM ICT,12588.8
07-Mar-26 12:00:00 AM ICT,12601.5
07-Mar-26 1:00:00 AM ICT,12613.5
07-Mar-26 2:00:00 AM ICT,12628.0
07-Mar-26 3:00:00 AM ICT,12639.5
07-Mar-26 4:00:00 AM ICT,12653.5
07-Mar-26 5:00:00 AM ICT,12666.3
07-Mar-26 6:00:00 AM ICT,12677.0
07-Mar-26 7:00:00 AM ICT,12678.0
07-Mar-26 8:00:00 AM ICT,12678.0
07-Mar-26 9:00:00 AM ICT,12678.0
07-Mar-26 10:00:00 AM ICT,12679.8
07-Mar-26 11:00:00 AM ICT,12688.5
07-Mar-26 12:00:00 PM ICT,12699.5
07-Mar-26 1:00:00 PM ICT,12708.5
07-Mar-26 2:00:00 PM ICT,12719.0
07-Mar-26 3:00:00 PM ICT,12729.8
07-Mar-26 4:00:00 PM ICT,12741.3
07-Mar-26 5:00:00 PM ICT,12753.0
07-Mar-26 6:00:00 PM ICT,12763.3
07-Mar-26 7:00:00 PM ICT,12775.5
07-Mar-26 8:00:00 PM ICT,12786.0
07-Mar-26 9:00:00 PM ICT,12798.5
07-Mar-26 10:00:00 PM ICT,12808.8
07-Mar-26 11:00:00 PM ICT,12820.8
08-Mar-26 12:00:00 AM ICT,12831.3
08-Mar-26 1:00:00 AM ICT,12834.0
08-Mar-26 2:00:00 AM ICT,12834.0
08-Mar-26 3:00:00 AM ICT,12834.0
08-Mar-26 4:00:00 AM ICT,12834.0
08-Mar-26 5:00:00 AM ICT,12834.0
08-Mar-26 6:00:00 AM ICT,12834.0
08-Mar-26 7:00:00 AM ICT,12834.0
08-Mar-26 8:00:00 AM ICT,12834.0
08-Mar-26 9:00:00 AM ICT,12834.0
08-Mar-26 10:00:00 AM ICT,12834.0
08-Mar-26 11:00:00 AM ICT,12834.0
08-Mar-26 12:00:00 PM ICT,12834.0
08-Mar-26 1:00:00 PM ICT,12834.0
08-Mar-26 2:00:00 PM ICT,12834.0
08-Mar-26 3:00:00 PM ICT,12834.0
08-Mar-26 4:00:00 PM ICT,12843.5
08-Mar-26 5:00:00 PM ICT,12855.5
08-Mar-26 6:00:00 PM ICT,12866.3
08-Mar-26 7:00:00 PM ICT,12878.5
08-Mar-26 8:00:00 PM ICT,12890.0
08-Mar-26 9:00:00 PM ICT,12901.3
08-Mar-26 10:00:00 PM ICT,12913.8
08-Mar-26 11:00:00 PM ICT,12924.0
09-Mar-26 12:00:00 AM ICT,12936.0
09-Mar-26 1:00:00 AM ICT,12948.0
09-Mar-26 2:00:00 AM ICT,12959.3
09-Mar-26 3:00:00 AM ICT,12971.8
09-Mar-26 4:00:00 AM ICT,12977.0
09-Mar-26 5:00:00 AM ICT,12977.0
09-Mar-26 6:00:00 AM ICT,12977.0
09-Mar-26 7:00:00 AM ICT,12977.0
09-Mar-26 8:00:00 AM ICT,12978.5
09-Mar-26 9:00:00 AM ICT,12989.5
09-Mar-26 10:00:00 AM ICT,12993.0
09-Mar-26 11:00:00 AM ICT,12993.0
09-Mar-26 12:00:00 PM ICT,12993.0
09-Mar-26 1:00:00 PM ICT,12993.0
09-Mar-26 2:00:00 PM ICT,12993.0
09-Mar-26 3:00:00 PM ICT,12993.0
09-Mar-26 4:00:00 PM ICT,12993.0
09-Mar-26 5:00:00 PM ICT,12993.0
09-Mar-26 6:00:00 PM ICT,12993.0
09-Mar-26 7:00:00 PM ICT,12993.0
09-Mar-26 8:00:00 PM ICT,12993.0
09-Mar-26 9:00:00 PM ICT,12993.0
09-Mar-26 10:00:00 PM ICT,12993.0
09-Mar-26 11:00:00 PM ICT,12993.0
10-Mar-26 12:00:00 AM ICT,12993.0
10-Mar-26 1:00:00 AM ICT,12993.0
10-Mar-26 2:00:00 AM ICT,12993.0
10-Mar-26 3:00:00 AM ICT,12993.0
10-Mar-26 4:00:00 AM ICT,12993.0
10-Mar-26 5:00:00 AM ICT,12993.0
10-Mar-26 6:00:00 AM ICT,12993.0
10-Mar-26 7:00:00 AM ICT,12993.0
10-Mar-26 8:00:00 AM ICT,12993.0
10-Mar-26 9:00:00 AM ICT,12993.0
10-Mar-26 10:00:00 AM ICT,13002.3
10-Mar-26 11:00:00 AM ICT,13015.8
10-Mar-26 12:00:00 PM ICT,13027.5
10-Mar-26 1:00:00 PM ICT,13041.8
10-Mar-26 2:00:00 PM ICT,13058.5
10-Mar-26 3:00:00 PM ICT,13073.3
10-Mar-26 4:00:00 PM ICT,13088.8
10-Mar-26 5:00:00 PM ICT,13106.3
10-Mar-26 6:00:00 PM ICT,13122.5
10-Mar-26 7:00:00 PM ICT,13138.8
10-Mar-26 8:00:00 PM ICT,13155.0
10-Mar-26 9:00:00 PM ICT,13171.5
10-Mar-26 10:00:00 PM ICT,13188.5
10-Mar-26 11:00:00 PM ICT,13204.8
11-Mar-26 12:00:00 AM ICT,13221.8
11-Mar-26 1:00:00 AM ICT,13238.3
11-Mar-26 2:00:00 AM ICT,13254.3
11-Mar-26 3:00:00 AM ICT,13266.5
11-Mar-26 4:00:00 AM ICT,13268.0
11-Mar-26 5:00:00 AM ICT,13277.5
11-Mar-26 6:00:00 AM ICT,13294.0
11-Mar-26 7:00:00 AM ICT,13311.3
11-Mar-26 8:00:00 AM ICT,13319.0
11-Mar-26 9:00:00 AM ICT,13319.0
11-Mar-26 10:00:00 AM ICT,13319.0
11-Mar-26 11:00:00 AM ICT,13319.0
11-Mar-26 12:00:00 PM ICT,13319.0
11-Mar-26 1:00:00 PM ICT,13319.0
11-Mar-26 2:00:00 PM ICT,13319.0
11-Mar-26 3:00:00 PM ICT,13319.0
11-Mar-26 4:00:00 PM ICT,13319.0
11-Mar-26 5:00:00 PM ICT,13319.0
11-Mar-26 6:00:00 PM ICT,13319.0
11-Mar-26 7:00:00 PM ICT,13319.0
11-Mar-26 8:00:00 PM ICT,13319.0
11-Mar-26 9:00:00 PM ICT,13319.0
11-Mar-26 10:00:00 PM ICT,13319.0
11-Mar-26 11:00:00 PM ICT,13319.0
12-Mar-26 12:00:00 AM ICT,13319.0
12-Mar-26 1:00:00 AM ICT,13319.0
12-Mar-26 2:00:00 AM ICT,13319.0
12-Mar-26 3:00:00 AM ICT,13319.0
12-Mar-26 4:00:00 AM ICT,13319.0
12-Mar-26 5:00:00 AM ICT,13319.0
12-Mar-26 6:00:00 AM ICT,13319.0
12-Mar-26 7:00:00 AM ICT,13319.0
12-Mar-26 8:00:00 AM ICT,13319.0
12-Mar-26 9:00:00 AM ICT,13319.0
12-Mar-26 10:00:00 AM ICT,13319.0
12-Mar-26 11:00:00 AM ICT,13319.0
12-Mar-26 12:00:00 PM ICT,13319.0
12-Mar-26 1:00:00 PM ICT,13319.0
12-Mar-26 2:00:00 PM ICT,13319.0
12-Mar-26 3:00:00 PM ICT,13319.0
12-Mar-26 4:00:00 PM ICT,13319.0
12-Mar-26 5:00:00 PM ICT,13329.0
12-Mar-26 6:00:00 PM ICT,13344.3
12-Mar-26 7:00:00 PM ICT,13357.8
12-Mar-26 8:00:00 PM ICT,13372.8
12-Mar-26 9:00:00 PM ICT,13386.8
12-Mar-26 10:00:00 PM ICT,13402.0
12-Mar-26 11:00:00 PM ICT,13417.5
13-Mar-26 12:00:00 AM ICT,13432.0
13-Mar-26 1:00:00 AM ICT,13446.5
13-Mar-26 2:00:00 AM ICT,13462.0
13-Mar-26 3:00:00 AM ICT,13474.0
13-Mar-26 4:00:00 AM ICT,13474.0
13-Mar-26 5:00:00 AM ICT,13474.0
13-Mar-26 6:00:00 AM ICT,13474.0
13-Mar-26 7:00:00 AM ICT,13474.0
13-Mar-26 8:00:00 AM ICT,13474.8
13-Mar-26 9:00:00 AM ICT,13480.0
13-Mar-26 10:00:00 AM ICT,13480.0
13-Mar-26 11:00:00 AM ICT,13480.0
13-Mar-26 12:00:00 PM ICT,13480.0
13-Mar-26 1:00:00 PM ICT,13480.0
13-Mar-26 2:00:00 PM ICT,13480.0
13-Mar-26 3:00:00 PM ICT,13480.0
13-Mar-26 4:00:00 PM ICT,13480.0
13-Mar-26 5:00:00 PM ICT,13480.0
13-Mar-26 6:00:00 PM ICT,13480.0
13-Mar-26 7:00:00 PM ICT,13480.0
13-Mar-26 8:00:00 PM ICT,13480.0
13-Mar-26 9:00:00 PM ICT,13480.0
13-Mar-26 10:00:00 PM ICT,13480.0
13-Mar-26 11:00:00 PM ICT,13480.0
14-Mar-26 12:00:00 AM ICT,13480.0
14-Mar-26 1:00:00 AM ICT,13480.0
14-Mar-26 2:00:00 AM ICT,13480.0
14-Mar-26 3:00:00 AM ICT,13480.0
14-Mar-26 4:00:00 AM ICT,13480.0
14-Mar-26 5:00:00 AM ICT,13480.0
14-Mar-26 6:00:00 AM ICT,13480.0
14-Mar-26 7:00:00 AM ICT,13480.0
14-Mar-26 8:00:00 AM ICT,13480.0
14-Mar-26 9:00:00 AM ICT,13480.0
14-Mar-26 10:00:00 AM ICT,13480.0
14-Mar-26 11:00:00 AM ICT,13480.0
14-Mar-26 12:00:00 PM ICT,13480.0
14-Mar-26 1:00:00 PM ICT,13480.0
14-Mar-26 2:00:00 PM ICT,13480.0
14-Mar-26 3:00:00 PM ICT,13480.0
14-Mar-26 4:00:00 PM ICT,13480.0
14-Mar-26 5:00:00 PM ICT,13480.0
14-Mar-26 6:00:00 PM ICT,13480.0
14-Mar-26 7:00:00 PM ICT,13480.0
14-Mar-26 8:00:00 PM ICT,13480.0
14-Mar-26 9:00:00 PM ICT,13480.0
14-Mar-26 10:00:00 PM ICT,13480.0
14-Mar-26 11:00:00 PM ICT,13480.0
15-Mar-26 12:00:00 AM ICT,13480.0
15-Mar-26 1:00:00 AM ICT,13480.0
15-Mar-26 2:00:00 AM ICT,13480.0
15-Mar-26 3:00:00 AM ICT,13480.0
15-Mar-26 4:00:00 AM ICT,13480.0
15-Mar-26 5:00:00 AM ICT,13480.0
15-Mar-26 6:00:00 AM ICT,13480.0
15-Mar-26 7:00:00 AM ICT,13480.0
15-Mar-26 8:00:00 AM ICT,13480.0
15-Mar-26 9:00:00 AM ICT,13480.0
15-Mar-26 10:00:00 AM ICT,13480.0
15-Mar-26 11:00:00 AM ICT,13480.0
15-Mar-26 12:00:00 PM ICT,13480.0
15-Mar-26 1:00:00 PM ICT,13480.0
15-Mar-26 2:00:00 PM ICT,13480.0
15-Mar-26 3:00:00 PM ICT,13480.0
15-Mar-26 4:00:00 PM ICT,13480.0
15-Mar-26 5:00:00 PM ICT,13480.0
15-Mar-26 6:00:00 PM ICT,13480.0
15-Mar-26 7:00:00 PM ICT,13480.0
15-Mar-26 8:00:00 PM ICT,13480.0
15-Mar-26 9:00:00 PM ICT,13480.0
15-Mar-26 10:00:00 PM ICT,13480.0
15-Mar-26 11:00:00 PM ICT,13480.0
16-Mar-26 12:00:00 AM ICT,13480.0
16-Mar-26 1:00:00 AM ICT,13480.0
16-Mar-26 2:00:00 AM ICT,13480.0
16-Mar-26 3:00:00 AM ICT,13480.0
16-Mar-26 4:00:00 AM ICT,13480.0
16-Mar-26 5:00:00 AM ICT,13480.0
16-Mar-26 6:00:00 AM ICT,13480.0
16-Mar-26 7:00:00 AM ICT,13480.0
16-Mar-26 8:00:00 AM ICT,13480.0
16-Mar-26 9:00:00 AM ICT,13480.0
16-Mar-26 10:00:00 AM ICT,13484.3
16-Mar-26 11:00:00 AM ICT,13490.0
16-Mar-26 12:00:00 PM ICT,13496.0
16-Mar-26 1:00:00 PM ICT,13502.3
16-Mar-26 2:00:00 PM ICT,13508.5
16-Mar-26 3:00:00 PM ICT,13514.3
16-Mar-26 4:00:00 PM ICT,13521.0
16-Mar-26 5:00:00 PM ICT,13527.0
16-Mar-26 6:00:00 PM ICT,13533.8
16-Mar-26 7:00:00 PM ICT,13539.8
16-Mar-26 8:00:00 PM ICT,13546.3
16-Mar-26 9:00:00 PM ICT,13552.8
16-Mar-26 10:00:00 PM ICT,13559.0
16-Mar-26 11:00:00 PM ICT,13565.3
17-Mar-26 12:00:00 AM ICT,13572.3
17-Mar-26 1:00:00 AM ICT,13579.0
17-Mar-26 2:00:00 AM ICT,13586.0
17-Mar-26 3:00:00 AM ICT,13594.0
17-Mar-26 4:00:00 AM ICT,13601.0
17-Mar-26 5:00:00 AM ICT,13608.0
17-Mar-26 6:00:00 AM ICT,13610.0
17-Mar-26 7:00:00 AM ICT,13610.0
17-Mar-26 8:00:00 AM ICT,13613.8
17-Mar-26 9:00:00 AM ICT,13619.5
17-Mar-26 10:00:00 AM ICT,13620.0
17-Mar-26 11:00:00 AM ICT,13620.0
17-Mar-26 12:00:00 PM ICT,13620.0
17-Mar-26 1:00:00 PM ICT,13620.0
17-Mar-26 2:00:00 PM ICT,13620.0
17-Mar-26 3:00:00 PM ICT,13620.0
17-Mar-26 4:00:00 PM ICT,13620.0
17-Mar-26 5:00:00 PM ICT,13625.8
17-Mar-26 6:00:00 PM ICT,13637.8
17-Mar-26 7:00:00 PM ICT,13650.5
17-Mar-26 8:00:00 PM ICT,13661.0
17-Mar-26 9:00:00 PM ICT,13675.0
17-Mar-26 10:00:00 PM ICT,13689.0
17-Mar-26 11:00:00 PM ICT,13702.0
18-Mar-26 12:00:00 AM ICT,13715.3
18-Mar-26 1:00:00 AM ICT,13730.0
18-Mar-26 2:00:00 AM ICT,13743.0
18-Mar-26 3:00:00 AM ICT,13749.0
18-Mar-26 4:00:00 AM ICT,13749.0
18-Mar-26 5:00:00 AM ICT,13754.3
18-Mar-26 6:00:00 AM ICT,13766.3
18-Mar-26 7:00:00 AM ICT,13767.0
18-Mar-26 8:00:00 AM ICT,13767.0
18-Mar-26 9:00:00 AM ICT,13767.0
18-Mar-26 10:00:00 AM ICT,13767.0
18-Mar-26 11:00:00 AM ICT,13767.0
18-Mar-26 12:00:00 PM ICT,13767.0
18-Mar-26 1:00:00 PM ICT,13767.0
18-Mar-26 2:00:00 PM ICT,13767.0
18-Mar-26 3:00:00 PM ICT,13767.0