Timestamp,FIT-103-ROWaterSupply_Total(m³)
09-Jan-26 7:00:00 PM ICT,293.0
09-Jan-26 8:00:00 PM ICT,293.0
09-Jan-26 9:00:00 PM ICT,293.0
09-Jan-26 10:00:00 PM ICT,293.0
09-Jan-26 11:00:00 PM ICT,293.0
10-Jan-26 12:00:00 AM ICT,293.0
10-Jan-26 1:00:00 AM ICT,293.0
10-Jan-26 2:00:00 AM ICT,293.0
10-Jan-26 3:00:00 AM ICT,293.0
10-Jan-26 4:00:00 AM ICT,293.0
10-Jan-26 5:00:00 AM ICT,293.0
10-Jan-26 6:00:00 AM ICT,293.0
10-Jan-26 7:00:00 AM ICT,294.0
10-Jan-26 8:00:00 AM ICT,294.0
10-Jan-26 9:00:00 AM ICT,294.3
10-Jan-26 10:00:00 AM ICT,295.0
10-Jan-26 11:00:00 AM ICT,295.0
10-Jan-26 12:00:00 PM ICT,296.0
10-Jan-26 1:00:00 PM ICT,296.0
10-Jan-26 2:00:00 PM ICT,296.8
10-Jan-26 3:00:00 PM ICT,297.0
10-Jan-26 4:00:00 PM ICT,297.8
10-Jan-26 5:00:00 PM ICT,298.0
10-Jan-26 6:00:00 PM ICT,298.0
10-Jan-26 7:00:00 PM ICT,298.0
10-Jan-26 8:00:00 PM ICT,298.0
10-Jan-26 9:00:00 PM ICT,298.0
10-Jan-26 10:00:00 PM ICT,298.0
10-Jan-26 11:00:00 PM ICT,298.0
11-Jan-26 12:00:00 AM ICT,298.0
11-Jan-26 1:00:00 AM ICT,298.0
11-Jan-26 2:00:00 AM ICT,298.0
11-Jan-26 3:00:00 AM ICT,298.0
11-Jan-26 4:00:00 AM ICT,298.0
11-Jan-26 5:00:00 AM ICT,298.0
11-Jan-26 6:00:00 AM ICT,298.0
11-Jan-26 7:00:00 AM ICT,298.0
11-Jan-26 8:00:00 AM ICT,298.0
11-Jan-26 9:00:00 AM ICT,298.0
11-Jan-26 10:00:00 AM ICT,298.0
11-Jan-26 11:00:00 AM ICT,298.0
11-Jan-26 12:00:00 PM ICT,298.0
11-Jan-26 1:00:00 PM ICT,298.0
11-Jan-26 2:00:00 PM ICT,298.0
11-Jan-26 3:00:00 PM ICT,298.0
11-Jan-26 4:00:00 PM ICT,298.0
11-Jan-26 5:00:00 PM ICT,298.0
11-Jan-26 6:00:00 PM ICT,298.0
11-Jan-26 7:00:00 PM ICT,298.0
11-Jan-26 8:00:00 PM ICT,298.0
11-Jan-26 9:00:00 PM ICT,298.0
11-Jan-26 10:00:00 PM ICT,298.0
11-Jan-26 11:00:00 PM ICT,298.0
12-Jan-26 12:00:00 AM ICT,298.0
12-Jan-26 1:00:00 AM ICT,298.0
12-Jan-26 2:00:00 AM ICT,298.0
12-Jan-26 3:00:00 AM ICT,298.0
12-Jan-26 4:00:00 AM ICT,298.0
12-Jan-26 5:00:00 AM ICT,298.0
12-Jan-26 6:00:00 AM ICT,298.0
12-Jan-26 7:00:00 AM ICT,298.0
12-Jan-26 8:00:00 AM ICT,298.0
12-Jan-26 9:00:00 AM ICT,298.0
12-Jan-26 10:00:00 AM ICT,298.0
12-Jan-26 11:00:00 AM ICT,298.0
12-Jan-26 12:00:00 PM ICT,298.0
12-Jan-26 1:00:00 PM ICT,298.0
12-Jan-26 2:00:00 PM ICT,298.0
12-Jan-26 3:00:00 PM ICT,298.0
12-Jan-26 4:00:00 PM ICT,298.0
12-Jan-26 5:00:00 PM ICT,298.0
12-Jan-26 6:00:00 PM ICT,298.0
12-Jan-26 7:00:00 PM ICT,298.0
12-Jan-26 8:00:00 PM ICT,298.0
12-Jan-26 9:00:00 PM ICT,298.0
12-Jan-26 10:00:00 PM ICT,298.0
12-Jan-26 11:00:00 PM ICT,298.0
13-Jan-26 12:00:00 AM ICT,298.0
13-Jan-26 1:00:00 AM ICT,298.0
13-Jan-26 2:00:00 AM ICT,298.0
13-Jan-26 3:00:00 AM ICT,298.0
13-Jan-26 4:00:00 AM ICT,298.0
13-Jan-26 5:00:00 AM ICT,298.0
13-Jan-26 6:00:00 AM ICT,298.0
13-Jan-26 7:00:00 AM ICT,298.0
13-Jan-26 8:00:00 AM ICT,298.0
13-Jan-26 9:00:00 AM ICT,298.0
13-Jan-26 10:00:00 AM ICT,298.0
13-Jan-26 11:00:00 AM ICT,298.0
13-Jan-26 12:00:00 PM ICT,298.0
13-Jan-26 1:00:00 PM ICT,298.0
13-Jan-26 2:00:00 PM ICT,298.0
13-Jan-26 3:00:00 PM ICT,298.0
13-Jan-26 4:00:00 PM ICT,298.0
13-Jan-26 5:00:00 PM ICT,298.0
13-Jan-26 6:00:00 PM ICT,298.0
13-Jan-26 7:00:00 PM ICT,298.0
13-Jan-26 8:00:00 PM ICT,298.0
13-Jan-26 9:00:00 PM ICT,298.0
13-Jan-26 10:00:00 PM ICT,298.0
13-Jan-26 11:00:00 PM ICT,298.0
14-Jan-26 12:00:00 AM ICT,298.0
14-Jan-26 1:00:00 AM ICT,298.0
14-Jan-26 2:00:00 AM ICT,298.0
14-Jan-26 3:00:00 AM ICT,298.0
14-Jan-26 4:00:00 AM ICT,298.0
14-Jan-26 5:00:00 AM ICT,298.0
14-Jan-26 6:00:00 AM ICT,298.0
14-Jan-26 7:00:00 AM ICT,298.0
14-Jan-26 8:00:00 AM ICT,298.0
14-Jan-26 9:00:00 AM ICT,298.0
14-Jan-26 10:00:00 AM ICT,298.0
14-Jan-26 11:00:00 AM ICT,298.0
14-Jan-26 12:00:00 PM ICT,298.0
14-Jan-26 1:00:00 PM ICT,298.0
14-Jan-26 2:00:00 PM ICT,299.0
14-Jan-26 3:00:00 PM ICT,299.0
14-Jan-26 4:00:00 PM ICT,300.3
14-Jan-26 5:00:00 PM ICT,301.0
14-Jan-26 6:00:00 PM ICT,301.0
14-Jan-26 7:00:00 PM ICT,301.0
14-Jan-26 8:00:00 PM ICT,301.0
14-Jan-26 9:00:00 PM ICT,301.0
14-Jan-26 10:00:00 PM ICT,301.0
14-Jan-26 11:00:00 PM ICT,301.0
15-Jan-26 12:00:00 AM ICT,301.0
15-Jan-26 1:00:00 AM ICT,301.0
15-Jan-26 2:00:00 AM ICT,301.0
15-Jan-26 3:00:00 AM ICT,301.0
15-Jan-26 4:00:00 AM ICT,301.0
15-Jan-26 5:00:00 AM ICT,301.0
15-Jan-26 6:00:00 AM ICT,301.0
15-Jan-26 7:00:00 AM ICT,301.0
15-Jan-26 8:00:00 AM ICT,301.0
15-Jan-26 9:00:00 AM ICT,301.0
15-Jan-26 10:00:00 AM ICT,301.0
15-Jan-26 11:00:00 AM ICT,301.0
15-Jan-26 12:00:00 PM ICT,301.0
15-Jan-26 1:00:00 PM ICT,301.0
15-Jan-26 2:00:00 PM ICT,301.0
15-Jan-26 3:00:00 PM ICT,301.0
15-Jan-26 4:00:00 PM ICT,301.0
15-Jan-26 5:00:00 PM ICT,301.0
15-Jan-26 6:00:00 PM ICT,301.0
15-Jan-26 7:00:00 PM ICT,301.0
15-Jan-26 8:00:00 PM ICT,301.0
15-Jan-26 9:00:00 PM ICT,301.0
15-Jan-26 10:00:00 PM ICT,301.0
15-Jan-26 11:00:00 PM ICT,301.0
16-Jan-26 12:00:00 AM ICT,301.0
16-Jan-26 1:00:00 AM ICT,301.0
16-Jan-26 2:00:00 AM ICT,301.0
16-Jan-26 3:00:00 AM ICT,301.0
16-Jan-26 4:00:00 AM ICT,301.0
16-Jan-26 5:00:00 AM ICT,301.0
16-Jan-26 6:00:00 AM ICT,301.0
16-Jan-26 7:00:00 AM ICT,301.0
16-Jan-26 8:00:00 AM ICT,301.0
16-Jan-26 9:00:00 AM ICT,301.0
16-Jan-26 10:00:00 AM ICT,301.0
16-Jan-26 11:00:00 AM ICT,301.5
16-Jan-26 12:00:00 PM ICT,302.0
16-Jan-26 1:00:00 PM ICT,303.0
16-Jan-26 2:00:00 PM ICT,303.5
16-Jan-26 3:00:00 PM ICT,304.0
16-Jan-26 4:00:00 PM ICT,305.0
16-Jan-26 5:00:00 PM ICT,305.0
16-Jan-26 6:00:00 PM ICT,305.0
17-Jan-26 3:00:00 PM ICT,313.0
17-Jan-26 4:00:00 PM ICT,313.8
17-Jan-26 5:00:00 PM ICT,315.8
17-Jan-26 6:00:00 PM ICT,316.0
17-Jan-26 7:00:00 PM ICT,316.0
17-Jan-26 8:00:00 PM ICT,316.0
17-Jan-26 9:00:00 PM ICT,316.0
17-Jan-26 10:00:00 PM ICT,316.0
17-Jan-26 11:00:00 PM ICT,316.0
18-Jan-26 12:00:00 AM ICT,316.0
18-Jan-26 1:00:00 AM ICT,316.0
18-Jan-26 2:00:00 AM ICT,316.0
18-Jan-26 3:00:00 AM ICT,316.0
18-Jan-26 4:00:00 AM ICT,316.0
18-Jan-26 5:00:00 AM ICT,316.0
18-Jan-26 6:00:00 AM ICT,316.0
18-Jan-26 7:00:00 AM ICT,316.0
18-Jan-26 8:00:00 AM ICT,316.0
18-Jan-26 9:00:00 AM ICT,316.0
18-Jan-26 10:00:00 AM ICT,316.0
18-Jan-26 11:00:00 AM ICT,316.0
18-Jan-26 12:00:00 PM ICT,316.0
18-Jan-26 1:00:00 PM ICT,316.0
18-Jan-26 2:00:00 PM ICT,316.0
18-Jan-26 3:00:00 PM ICT,316.0
18-Jan-26 4:00:00 PM ICT,316.0
18-Jan-26 5:00:00 PM ICT,316.0
18-Jan-26 6:00:00 PM ICT,316.0
18-Jan-26 7:00:00 PM ICT,316.0
18-Jan-26 8:00:00 PM ICT,316.0
18-Jan-26 9:00:00 PM ICT,316.0
18-Jan-26 10:00:00 PM ICT,316.0
18-Jan-26 11:00:00 PM ICT,316.0
19-Jan-26 12:00:00 AM ICT,316.0
19-Jan-26 1:00:00 AM ICT,316.0
19-Jan-26 2:00:00 AM ICT,316.0
19-Jan-26 3:00:00 AM ICT,316.0
19-Jan-26 4:00:00 AM ICT,316.0
19-Jan-26 5:00:00 AM ICT,317.0
19-Jan-26 6:00:00 AM ICT,317.0
19-Jan-26 7:00:00 AM ICT,317.0
19-Jan-26 8:00:00 AM ICT,317.8
19-Jan-26 9:00:00 AM ICT,318.3
19-Jan-26 10:00:00 AM ICT,319.3
19-Jan-26 11:00:00 AM ICT,320.3
19-Jan-26 12:00:00 PM ICT,321.0
19-Jan-26 1:00:00 PM ICT,321.3
19-Jan-26 2:00:00 PM ICT,322.3
19-Jan-26 3:00:00 PM ICT,323.0
19-Jan-26 4:00:00 PM ICT,323.3
19-Jan-26 5:00:00 PM ICT,324.0
19-Jan-26 6:00:00 PM ICT,324.0
19-Jan-26 7:00:00 PM ICT,324.0
19-Jan-26 8:00:00 PM ICT,324.0
19-Jan-26 9:00:00 PM ICT,324.0
19-Jan-26 10:00:00 PM ICT,324.0
19-Jan-26 11:00:00 PM ICT,325.0
20-Jan-26 12:00:00 AM ICT,325.0
20-Jan-26 1:00:00 AM ICT,325.0
20-Jan-26 2:00:00 AM ICT,325.0
20-Jan-26 3:00:00 AM ICT,325.0
20-Jan-26 4:00:00 AM ICT,325.0
20-Jan-26 5:00:00 AM ICT,325.0
20-Jan-26 6:00:00 AM ICT,325.0
20-Jan-26 7:00:00 AM ICT,325.0
20-Jan-26 8:00:00 AM ICT,325.0
20-Jan-26 9:00:00 AM ICT,325.0
20-Jan-26 10:00:00 AM ICT,325.0
20-Jan-26 11:00:00 AM ICT,325.0
20-Jan-26 12:00:00 PM ICT,327.0
20-Jan-26 1:00:00 PM ICT,327.3
20-Jan-26 2:00:00 PM ICT,328.0
20-Jan-26 3:00:00 PM ICT,328.0
20-Jan-26 4:00:00 PM ICT,328.8
20-Jan-26 5:00:00 PM ICT,329.0
20-Jan-26 6:00:00 PM ICT,329.5
20-Jan-26 7:00:00 PM ICT,330.0
20-Jan-26 8:00:00 PM ICT,330.5
20-Jan-26 9:00:00 PM ICT,331.0
20-Jan-26 10:00:00 PM ICT,331.8
20-Jan-26 11:00:00 PM ICT,332.0
21-Jan-26 12:00:00 AM ICT,332.0
21-Jan-26 1:00:00 AM ICT,333.0
21-Jan-26 2:00:00 AM ICT,333.0
21-Jan-26 3:00:00 AM ICT,334.0
21-Jan-26 4:00:00 AM ICT,334.0
21-Jan-26 5:00:00 AM ICT,334.0
21-Jan-26 6:00:00 AM ICT,334.8
21-Jan-26 7:00:00 AM ICT,335.0
21-Jan-26 8:00:00 AM ICT,335.0
21-Jan-26 9:00:00 AM ICT,336.0
21-Jan-26 10:00:00 AM ICT,339.3
21-Jan-26 11:00:00 AM ICT,340.3
21-Jan-26 12:00:00 PM ICT,342.8
21-Jan-26 1:00:00 PM ICT,343.3
21-Jan-26 2:00:00 PM ICT,344.3
21-Jan-26 3:00:00 PM ICT,346.0
21-Jan-26 4:00:00 PM ICT,347.0
21-Jan-26 5:00:00 PM ICT,347.8
21-Jan-26 6:00:00 PM ICT,348.8
21-Jan-26 7:00:00 PM ICT,349.0
21-Jan-26 8:00:00 PM ICT,349.0
21-Jan-26 9:00:00 PM ICT,349.0
21-Jan-26 10:00:00 PM ICT,349.0
21-Jan-26 11:00:00 PM ICT,349.0
22-Jan-26 12:00:00 AM ICT,349.0
22-Jan-26 1:00:00 AM ICT,349.0
22-Jan-26 2:00:00 AM ICT,349.0
22-Jan-26 3:00:00 AM ICT,349.0
22-Jan-26 4:00:00 AM ICT,349.0
22-Jan-26 5:00:00 AM ICT,349.0
22-Jan-26 6:00:00 AM ICT,349.5
22-Jan-26 7:00:00 AM ICT,350.0
22-Jan-26 8:00:00 AM ICT,350.0
22-Jan-26 9:00:00 AM ICT,350.0
22-Jan-26 10:00:00 AM ICT,350.3
22-Jan-26 11:00:00 AM ICT,352.3
22-Jan-26 12:00:00 PM ICT,354.0
22-Jan-26 1:00:00 PM ICT,354.8
22-Jan-26 2:00:00 PM ICT,355.8
22-Jan-26 3:00:00 PM ICT,356.3
22-Jan-26 4:00:00 PM ICT,357.0
22-Jan-26 5:00:00 PM ICT,357.0
22-Jan-26 6:00:00 PM ICT,357.0
22-Jan-26 7:00:00 PM ICT,357.0
22-Jan-26 8:00:00 PM ICT,357.0
22-Jan-26 9:00:00 PM ICT,357.0
22-Jan-26 10:00:00 PM ICT,357.0
22-Jan-26 11:00:00 PM ICT,357.0
23-Jan-26 12:00:00 AM ICT,357.0
23-Jan-26 1:00:00 AM ICT,357.0
23-Jan-26 2:00:00 AM ICT,357.0
23-Jan-26 3:00:00 AM ICT,357.0
23-Jan-26 4:00:00 AM ICT,357.0
23-Jan-26 5:00:00 AM ICT,357.0
23-Jan-26 6:00:00 AM ICT,357.0
23-Jan-26 7:00:00 AM ICT,358.0
23-Jan-26 8:00:00 AM ICT,360.0
23-Jan-26 9:00:00 AM ICT,361.0
23-Jan-26 10:00:00 AM ICT,362.0
23-Jan-26 11:00:00 AM ICT,363.8
23-Jan-26 12:00:00 PM ICT,364.8
23-Jan-26 1:00:00 PM ICT,365.0
23-Jan-26 2:00:00 PM ICT,365.0
23-Jan-26 3:00:00 PM ICT,365.8
23-Jan-26 4:00:00 PM ICT,366.3
23-Jan-26 5:00:00 PM ICT,367.0
23-Jan-26 6:00:00 PM ICT,367.0
23-Jan-26 7:00:00 PM ICT,367.0
23-Jan-26 8:00:00 PM ICT,367.0
23-Jan-26 9:00:00 PM ICT,367.0
23-Jan-26 10:00:00 PM ICT,367.0
23-Jan-26 11:00:00 PM ICT,367.0
24-Jan-26 12:00:00 AM ICT,367.0
24-Jan-26 1:00:00 AM ICT,367.0
24-Jan-26 2:00:00 AM ICT,367.0
24-Jan-26 3:00:00 AM ICT,367.0
24-Jan-26 4:00:00 AM ICT,367.0
24-Jan-26 5:00:00 AM ICT,367.0
24-Jan-26 6:00:00 AM ICT,367.0
24-Jan-26 7:00:00 AM ICT,367.0
24-Jan-26 8:00:00 AM ICT,367.0
24-Jan-26 9:00:00 AM ICT,367.0
24-Jan-26 10:00:00 AM ICT,367.0
24-Jan-26 11:00:00 AM ICT,367.0
24-Jan-26 12:00:00 PM ICT,367.0
24-Jan-26 1:00:00 PM ICT,367.0
24-Jan-26 2:00:00 PM ICT,367.0
24-Jan-26 3:00:00 PM ICT,367.0
24-Jan-26 4:00:00 PM ICT,367.0
24-Jan-26 5:00:00 PM ICT,367.0
24-Jan-26 6:00:00 PM ICT,367.0
24-Jan-26 7:00:00 PM ICT,367.0
24-Jan-26 8:00:00 PM ICT,367.0
24-Jan-26 9:00:00 PM ICT,367.0
24-Jan-26 10:00:00 PM ICT,367.0
24-Jan-26 11:00:00 PM ICT,367.0
25-Jan-26 12:00:00 AM ICT,367.0
25-Jan-26 1:00:00 AM ICT,367.0
25-Jan-26 2:00:00 AM ICT,367.0
25-Jan-26 3:00:00 AM ICT,367.0
25-Jan-26 4:00:00 AM ICT,367.0
25-Jan-26 5:00:00 AM ICT,367.0
25-Jan-26 6:00:00 AM ICT,367.0
25-Jan-26 7:00:00 AM ICT,367.0
25-Jan-26 8:00:00 AM ICT,367.0
25-Jan-26 10:00:00 AM ICT,367.0
25-Jan-26 11:00:00 AM ICT,367.0
25-Jan-26 12:00:00 PM ICT,367.0
25-Jan-26 1:00:00 PM ICT,367.0
25-Jan-26 2:00:00 PM ICT,367.0
25-Jan-26 3:00:00 PM ICT,367.0
25-Jan-26 4:00:00 PM ICT,367.0
25-Jan-26 5:00:00 PM ICT,367.0
25-Jan-26 6:00:00 PM ICT,367.0
25-Jan-26 7:00:00 PM ICT,367.0
25-Jan-26 8:00:00 PM ICT,367.0
25-Jan-26 9:00:00 PM ICT,367.0
25-Jan-26 10:00:00 PM ICT,367.0
25-Jan-26 11:00:00 PM ICT,367.0
26-Jan-26 12:00:00 AM ICT,367.0
26-Jan-26 1:00:00 AM ICT,367.0
26-Jan-26 2:00:00 AM ICT,367.0
26-Jan-26 3:00:00 AM ICT,367.0
26-Jan-26 4:00:00 AM ICT,367.0
26-Jan-26 5:00:00 AM ICT,367.0
26-Jan-26 6:00:00 AM ICT,367.0
26-Jan-26 7:00:00 AM ICT,367.0
26-Jan-26 8:00:00 AM ICT,367.0
26-Jan-26 9:00:00 AM ICT,367.0
26-Jan-26 10:00:00 AM ICT,367.0
26-Jan-26 11:00:00 AM ICT,367.0
26-Jan-26 12:00:00 PM ICT,367.0
26-Jan-26 1:00:00 PM ICT,367.0
26-Jan-26 2:00:00 PM ICT,367.0
26-Jan-26 3:00:00 PM ICT,367.0
26-Jan-26 4:00:00 PM ICT,367.0
26-Jan-26 5:00:00 PM ICT,367.0
26-Jan-26 6:00:00 PM ICT,367.0
26-Jan-26 7:00:00 PM ICT,367.0
26-Jan-26 8:00:00 PM ICT,367.0
26-Jan-26 9:00:00 PM ICT,367.0
26-Jan-26 10:00:00 PM ICT,367.0
26-Jan-26 11:00:00 PM ICT,367.0
27-Jan-26 12:00:00 AM ICT,367.0
27-Jan-26 1:00:00 AM ICT,367.0
27-Jan-26 2:00:00 AM ICT,367.0
27-Jan-26 3:00:00 AM ICT,367.0
27-Jan-26 4:00:00 AM ICT,367.0
27-Jan-26 5:00:00 AM ICT,367.0
27-Jan-26 6:00:00 AM ICT,367.3
27-Jan-26 7:00:00 AM ICT,368.0
27-Jan-26 8:00:00 AM ICT,368.0
27-Jan-26 9:00:00 AM ICT,368.0
27-Jan-26 10:00:00 AM ICT,368.0
27-Jan-26 11:00:00 AM ICT,368.0
27-Jan-26 12:00:00 PM ICT,368.0
27-Jan-26 1:00:00 PM ICT,368.3
27-Jan-26 2:00:00 PM ICT,369.0
27-Jan-26 3:00:00 PM ICT,369.0
27-Jan-26 4:00:00 PM ICT,369.0
27-Jan-26 5:00:00 PM ICT,369.0
27-Jan-26 6:00:00 PM ICT,369.0
27-Jan-26 7:00:00 PM ICT,369.0
27-Jan-26 8:00:00 PM ICT,369.0
27-Jan-26 9:00:00 PM ICT,369.0
27-Jan-26 10:00:00 PM ICT,369.0
27-Jan-26 11:00:00 PM ICT,369.0
28-Jan-26 12:00:00 AM ICT,369.0
28-Jan-26 1:00:00 AM ICT,369.0
28-Jan-26 2:00:00 AM ICT,369.0
28-Jan-26 3:00:00 AM ICT,369.0
28-Jan-26 4:00:00 AM ICT,369.0
28-Jan-26 5:00:00 AM ICT,369.0
28-Jan-26 6:00:00 AM ICT,369.0
28-Jan-26 7:00:00 AM ICT,369.8
28-Jan-26 8:00:00 AM ICT,370.8
28-Jan-26 9:00:00 AM ICT,372.8
28-Jan-26 10:00:00 AM ICT,375.8
28-Jan-26 11:00:00 AM ICT,376.3
28-Jan-26 12:00:00 PM ICT,377.0
28-Jan-26 1:00:00 PM ICT,378.5
28-Jan-26 2:00:00 PM ICT,383.5
28-Jan-26 3:00:00 PM ICT,386.0
28-Jan-26 4:00:00 PM ICT,386.8
28-Jan-26 5:00:00 PM ICT,387.0
28-Jan-26 6:00:00 PM ICT,387.0
28-Jan-26 7:00:00 PM ICT,387.0
28-Jan-26 8:00:00 PM ICT,387.0
28-Jan-26 9:00:00 PM ICT,388.0
28-Jan-26 10:00:00 PM ICT,388.0
28-Jan-26 11:00:00 PM ICT,388.0
29-Jan-26 12:00:00 AM ICT,388.0
29-Jan-26 1:00:00 AM ICT,388.0
29-Jan-26 2:00:00 AM ICT,388.0
29-Jan-26 3:00:00 AM ICT,388.0
29-Jan-26 4:00:00 AM ICT,388.0
29-Jan-26 5:00:00 AM ICT,388.0
29-Jan-26 6:00:00 AM ICT,388.0
29-Jan-26 7:00:00 AM ICT,389.0
29-Jan-26 8:00:00 AM ICT,392.8
29-Jan-26 9:00:00 AM ICT,393.0
29-Jan-26 10:00:00 AM ICT,394.8
29-Jan-26 11:00:00 AM ICT,395.0
29-Jan-26 12:00:00 PM ICT,396.8
29-Jan-26 1:00:00 PM ICT,397.3
29-Jan-26 2:00:00 PM ICT,398.0
29-Jan-26 3:00:00 PM ICT,398.0
29-Jan-26 4:00:00 PM ICT,400.0
29-Jan-26 5:00:00 PM ICT,400.0
29-Jan-26 6:00:00 PM ICT,400.0
29-Jan-26 7:00:00 PM ICT,401.3
29-Jan-26 8:00:00 PM ICT,404.0
29-Jan-26 9:00:00 PM ICT,407.3
29-Jan-26 10:00:00 PM ICT,410.5
29-Jan-26 11:00:00 PM ICT,413.5
30-Jan-26 12:00:00 AM ICT,416.0
30-Jan-26 1:00:00 AM ICT,417.0
30-Jan-26 2:00:00 AM ICT,417.5
30-Jan-26 3:00:00 AM ICT,418.0
30-Jan-26 4:00:00 AM ICT,418.0
30-Jan-26 5:00:00 AM ICT,418.0
30-Jan-26 6:00:00 AM ICT,418.0
30-Jan-26 7:00:00 AM ICT,419.8
30-Jan-26 8:00:00 AM ICT,422.0
30-Jan-26 9:00:00 AM ICT,422.5
30-Jan-26 10:00:00 AM ICT,423.8
30-Jan-26 11:00:00 AM ICT,424.8
30-Jan-26 12:00:00 PM ICT,425.0
30-Jan-26 1:00:00 PM ICT,426.0
30-Jan-26 2:00:00 PM ICT,427.0
30-Jan-26 3:00:00 PM ICT,427.8
30-Jan-26 4:00:00 PM ICT,428.0
30-Jan-26 5:00:00 PM ICT,429.0
30-Jan-26 6:00:00 PM ICT,429.0
30-Jan-26 7:00:00 PM ICT,429.0
30-Jan-26 8:00:00 PM ICT,429.0
30-Jan-26 9:00:00 PM ICT,429.0
30-Jan-26 10:00:00 PM ICT,429.0
30-Jan-26 11:00:00 PM ICT,429.0
31-Jan-26 12:00:00 AM ICT,430.0
31-Jan-26 1:00:00 AM ICT,430.0
31-Jan-26 2:00:00 AM ICT,430.0
31-Jan-26 3:00:00 AM ICT,430.0
31-Jan-26 4:00:00 AM ICT,430.0
31-Jan-26 5:00:00 AM ICT,430.0
31-Jan-26 6:00:00 AM ICT,430.0
31-Jan-26 7:00:00 AM ICT,430.0
31-Jan-26 8:00:00 AM ICT,430.0
31-Jan-26 9:00:00 AM ICT,430.0
31-Jan-26 10:00:00 AM ICT,430.0
31-Jan-26 11:00:00 AM ICT,430.0
31-Jan-26 12:00:00 PM ICT,430.0
31-Jan-26 1:00:00 PM ICT,430.8
31-Jan-26 2:00:00 PM ICT,431.0
31-Jan-26 3:00:00 PM ICT,431.0
31-Jan-26 4:00:00 PM ICT,431.0
31-Jan-26 5:00:00 PM ICT,431.0
31-Jan-26 6:00:00 PM ICT,431.0
31-Jan-26 7:00:00 PM ICT,431.0
31-Jan-26 8:00:00 PM ICT,431.0
31-Jan-26 9:00:00 PM ICT,431.0
31-Jan-26 10:00:00 PM ICT,431.0
31-Jan-26 11:00:00 PM ICT,431.0
01-Feb-26 12:00:00 AM ICT,431.0
01-Feb-26 1:00:00 AM ICT,431.0
01-Feb-26 2:00:00 AM ICT,431.0
01-Feb-26 3:00:00 AM ICT,431.0
01-Feb-26 4:00:00 AM ICT,431.0
01-Feb-26 5:00:00 AM ICT,431.0
01-Feb-26 6:00:00 AM ICT,431.0
01-Feb-26 7:00:00 AM ICT,431.0
01-Feb-26 8:00:00 AM ICT,431.0
01-Feb-26 9:00:00 AM ICT,431.0
01-Feb-26 10:00:00 AM ICT,431.0
01-Feb-26 11:00:00 AM ICT,431.0
01-Feb-26 12:00:00 PM ICT,431.0
01-Feb-26 1:00:00 PM ICT,431.0
01-Feb-26 2:00:00 PM ICT,431.0
01-Feb-26 3:00:00 PM ICT,431.0
01-Feb-26 4:00:00 PM ICT,431.0
01-Feb-26 5:00:00 PM ICT,431.0
01-Feb-26 6:00:00 PM ICT,431.0
01-Feb-26 7:00:00 PM ICT,431.0
01-Feb-26 8:00:00 PM ICT,431.5
01-Feb-26 9:00:00 PM ICT,432.0
01-Feb-26 10:00:00 PM ICT,432.0
01-Feb-26 11:00:00 PM ICT,432.0
02-Feb-26 12:00:00 AM ICT,432.0
02-Feb-26 1:00:00 AM ICT,432.0
02-Feb-26 2:00:00 AM ICT,432.0
02-Feb-26 3:00:00 AM ICT,432.0
02-Feb-26 4:00:00 AM ICT,432.5
02-Feb-26 5:00:00 AM ICT,433.0
02-Feb-26 6:00:00 AM ICT,433.0
02-Feb-26 7:00:00 AM ICT,433.0
02-Feb-26 8:00:00 AM ICT,434.0
02-Feb-26 9:00:00 AM ICT,435.8
02-Feb-26 10:00:00 AM ICT,437.3
02-Feb-26 11:00:00 AM ICT,438.3
02-Feb-26 12:00:00 PM ICT,440.0
02-Feb-26 1:00:00 PM ICT,440.0
02-Feb-26 2:00:00 PM ICT,441.0
02-Feb-26 3:00:00 PM ICT,442.0
02-Feb-26 4:00:00 PM ICT,442.0
02-Feb-26 5:00:00 PM ICT,442.0
02-Feb-26 6:00:00 PM ICT,442.0
02-Feb-26 7:00:00 PM ICT,442.0
02-Feb-26 8:00:00 PM ICT,443.0
02-Feb-26 9:00:00 PM ICT,443.0
02-Feb-26 10:00:00 PM ICT,443.0
02-Feb-26 11:00:00 PM ICT,443.0
03-Feb-26 12:00:00 AM ICT,443.0
03-Feb-26 1:00:00 AM ICT,443.0
03-Feb-26 2:00:00 AM ICT,443.0
03-Feb-26 3:00:00 AM ICT,443.0
03-Feb-26 4:00:00 AM ICT,443.0
03-Feb-26 5:00:00 AM ICT,443.0
03-Feb-26 6:00:00 AM ICT,443.0
03-Feb-26 7:00:00 AM ICT,443.3
03-Feb-26 8:00:00 AM ICT,446.3
03-Feb-26 9:00:00 AM ICT,447.3
03-Feb-26 10:00:00 AM ICT,449.5
03-Feb-26 11:00:00 AM ICT,451.0
03-Feb-26 12:00:00 PM ICT,451.0
03-Feb-26 1:00:00 PM ICT,451.5
03-Feb-26 2:00:00 PM ICT,452.0
03-Feb-26 3:00:00 PM ICT,452.8
03-Feb-26 4:00:00 PM ICT,453.0
03-Feb-26 5:00:00 PM ICT,453.0
03-Feb-26 6:00:00 PM ICT,453.0
03-Feb-26 7:00:00 PM ICT,453.0
03-Feb-26 8:00:00 PM ICT,453.0
03-Feb-26 9:00:00 PM ICT,453.8
03-Feb-26 10:00:00 PM ICT,454.0
03-Feb-26 11:00:00 PM ICT,454.0
04-Feb-26 12:00:00 AM ICT,454.0
04-Feb-26 1:00:00 AM ICT,454.0
04-Feb-26 2:00:00 AM ICT,454.0
04-Feb-26 3:00:00 AM ICT,454.5
04-Feb-26 4:00:00 AM ICT,455.0
04-Feb-26 5:00:00 AM ICT,455.0
04-Feb-26 6:00:00 AM ICT,455.0
04-Feb-26 7:00:00 AM ICT,456.5
04-Feb-26 8:00:00 AM ICT,457.8
04-Feb-26 9:00:00 AM ICT,459.3
04-Feb-26 10:00:00 AM ICT,462.0
04-Feb-26 11:00:00 AM ICT,463.0
04-Feb-26 12:00:00 PM ICT,463.0
04-Feb-26 1:00:00 PM ICT,464.0
04-Feb-26 2:00:00 PM ICT,464.0
04-Feb-26 3:00:00 PM ICT,464.0
04-Feb-26 4:00:00 PM ICT,464.0
04-Feb-26 5:00:00 PM ICT,464.0
04-Feb-26 6:00:00 PM ICT,464.0
04-Feb-26 7:00:00 PM ICT,464.3
04-Feb-26 8:00:00 PM ICT,465.0
04-Feb-26 9:00:00 PM ICT,465.0
04-Feb-26 10:00:00 PM ICT,465.0
04-Feb-26 11:00:00 PM ICT,465.5
05-Feb-26 12:00:00 AM ICT,466.0
05-Feb-26 1:00:00 AM ICT,466.0
05-Feb-26 2:00:00 AM ICT,466.0
05-Feb-26 3:00:00 AM ICT,466.0
05-Feb-26 4:00:00 AM ICT,466.0
05-Feb-26 5:00:00 AM ICT,466.3
05-Feb-26 6:00:00 AM ICT,467.3
05-Feb-26 7:00:00 AM ICT,468.5
05-Feb-26 8:00:00 AM ICT,470.0
05-Feb-26 9:00:00 AM ICT,471.0
05-Feb-26 10:00:00 AM ICT,474.0
05-Feb-26 11:00:00 AM ICT,475.0
05-Feb-26 12:00:00 PM ICT,475.5
05-Feb-26 1:00:00 PM ICT,476.0
05-Feb-26 2:00:00 PM ICT,476.0
05-Feb-26 3:00:00 PM ICT,476.0
05-Feb-26 4:00:00 PM ICT,476.5
05-Feb-26 5:00:00 PM ICT,477.0
05-Feb-26 6:00:00 PM ICT,477.0
05-Feb-26 7:00:00 PM ICT,477.0
05-Feb-26 8:00:00 PM ICT,477.0
05-Feb-26 9:00:00 PM ICT,477.5
05-Feb-26 10:00:00 PM ICT,478.0
05-Feb-26 11:00:00 PM ICT,478.0
06-Feb-26 12:00:00 AM ICT,478.0
06-Feb-26 1:00:00 AM ICT,478.0
06-Feb-26 2:00:00 AM ICT,478.0
06-Feb-26 3:00:00 AM ICT,478.0
06-Feb-26 4:00:00 AM ICT,478.0
06-Feb-26 5:00:00 AM ICT,478.0
06-Feb-26 6:00:00 AM ICT,478.0
06-Feb-26 7:00:00 AM ICT,478.0
06-Feb-26 8:00:00 AM ICT,478.0
06-Feb-26 9:00:00 AM ICT,478.0
06-Feb-26 10:00:00 AM ICT,478.0
06-Feb-26 11:00:00 AM ICT,478.0
06-Feb-26 12:00:00 PM ICT,478.0
06-Feb-26 1:00:00 PM ICT,478.0
06-Feb-26 2:00:00 PM ICT,478.0
06-Feb-26 3:00:00 PM ICT,478.0
06-Feb-26 4:00:00 PM ICT,478.0
06-Feb-26 5:00:00 PM ICT,478.0
06-Feb-26 6:00:00 PM ICT,478.0
06-Feb-26 7:00:00 PM ICT,478.0
06-Feb-26 8:00:00 PM ICT,478.0
06-Feb-26 9:00:00 PM ICT,478.0
06-Feb-26 10:00:00 PM ICT,478.0
06-Feb-26 11:00:00 PM ICT,478.8
07-Feb-26 12:00:00 AM ICT,479.0
07-Feb-26 1:00:00 AM ICT,479.0
07-Feb-26 2:00:00 AM ICT,479.0
07-Feb-26 3:00:00 AM ICT,479.0
07-Feb-26 4:00:00 AM ICT,479.0
07-Feb-26 5:00:00 AM ICT,479.5
07-Feb-26 6:00:00 AM ICT,480.0
07-Feb-26 7:00:00 AM ICT,480.0
07-Feb-26 8:00:00 AM ICT,480.0
07-Feb-26 9:00:00 AM ICT,480.0
07-Feb-26 10:00:00 AM ICT,480.0
07-Feb-26 11:00:00 AM ICT,480.0
07-Feb-26 12:00:00 PM ICT,480.0
07-Feb-26 1:00:00 PM ICT,480.0
07-Feb-26 2:00:00 PM ICT,480.0
07-Feb-26 3:00:00 PM ICT,480.0
07-Feb-26 4:00:00 PM ICT,480.0
07-Feb-26 5:00:00 PM ICT,480.0
07-Feb-26 6:00:00 PM ICT,480.0
07-Feb-26 7:00:00 PM ICT,480.0
07-Feb-26 8:00:00 PM ICT,480.0
07-Feb-26 9:00:00 PM ICT,480.0
07-Feb-26 10:00:00 PM ICT,480.0
07-Feb-26 11:00:00 PM ICT,481.0
08-Feb-26 12:00:00 AM ICT,481.0
08-Feb-26 1:00:00 AM ICT,481.0
08-Feb-26 2:00:00 AM ICT,481.0
08-Feb-26 3:00:00 AM ICT,481.0
08-Feb-26 4:00:00 AM ICT,482.0
08-Feb-26 5:00:00 AM ICT,482.0
08-Feb-26 6:00:00 AM ICT,482.3
08-Feb-26 7:00:00 AM ICT,484.8
08-Feb-26 8:00:00 AM ICT,488.5
08-Feb-26 9:00:00 AM ICT,492.5
08-Feb-26 10:00:00 AM ICT,495.0
08-Feb-26 11:00:00 AM ICT,495.0
08-Feb-26 12:00:00 PM ICT,495.0
08-Feb-26 1:00:00 PM ICT,495.0
08-Feb-26 2:00:00 PM ICT,495.0
08-Feb-26 3:00:00 PM ICT,495.0
08-Feb-26 4:00:00 PM ICT,495.0
08-Feb-26 5:00:00 PM ICT,496.0
08-Feb-26 6:00:00 PM ICT,496.0
08-Feb-26 7:00:00 PM ICT,496.0
08-Feb-26 8:00:00 PM ICT,496.0
08-Feb-26 9:00:00 PM ICT,496.0
08-Feb-26 10:00:00 PM ICT,496.0
08-Feb-26 11:00:00 PM ICT,496.0
09-Feb-26 12:00:00 AM ICT,496.0
09-Feb-26 1:00:00 AM ICT,496.0
09-Feb-26 2:00:00 AM ICT,496.0
09-Feb-26 3:00:00 AM ICT,496.0
09-Feb-26 4:00:00 AM ICT,496.0
09-Feb-26 5:00:00 AM ICT,496.0
09-Feb-26 6:00:00 AM ICT,496.0
09-Feb-26 7:00:00 AM ICT,496.0
09-Feb-26 8:00:00 AM ICT,496.0
09-Feb-26 9:00:00 AM ICT,496.0
09-Feb-26 10:00:00 AM ICT,496.0
09-Feb-26 11:00:00 AM ICT,496.0
09-Feb-26 12:00:00 PM ICT,496.0
09-Feb-26 1:00:00 PM ICT,496.0
09-Feb-26 2:00:00 PM ICT,496.0
09-Feb-26 3:00:00 PM ICT,496.0
09-Feb-26 4:00:00 PM ICT,496.0
09-Feb-26 5:00:00 PM ICT,496.0
09-Feb-26 6:00:00 PM ICT,496.0
09-Feb-26 7:00:00 PM ICT,496.0
09-Feb-26 8:00:00 PM ICT,496.0
09-Feb-26 9:00:00 PM ICT,496.0
09-Feb-26 10:00:00 PM ICT,496.0
09-Feb-26 11:00:00 PM ICT,496.0
10-Feb-26 12:00:00 AM ICT,496.0
10-Feb-26 1:00:00 AM ICT,496.0
10-Feb-26 2:00:00 AM ICT,496.0
10-Feb-26 3:00:00 AM ICT,496.0
10-Feb-26 4:00:00 AM ICT,496.0
10-Feb-26 5:00:00 AM ICT,496.0
10-Feb-26 6:00:00 AM ICT,496.0
10-Feb-26 7:00:00 AM ICT,496.0
10-Feb-26 8:00:00 AM ICT,496.0
10-Feb-26 9:00:00 AM ICT,496.0
10-Feb-26 10:00:00 AM ICT,496.0
10-Feb-26 11:00:00 AM ICT,496.0
10-Feb-26 12:00:00 PM ICT,496.0
10-Feb-26 1:00:00 PM ICT,496.5
10-Feb-26 2:00:00 PM ICT,497.0
10-Feb-26 3:00:00 PM ICT,498.8
10-Feb-26 4:00:00 PM ICT,500.0
10-Feb-26 5:00:00 PM ICT,500.0
10-Feb-26 6:00:00 PM ICT,500.0
10-Feb-26 7:00:00 PM ICT,500.0
10-Feb-26 8:00:00 PM ICT,500.5
10-Feb-26 9:00:00 PM ICT,501.0
10-Feb-26 10:00:00 PM ICT,501.0
10-Feb-26 11:00:00 PM ICT,501.0
11-Feb-26 12:00:00 AM ICT,501.0
11-Feb-26 1:00:00 AM ICT,501.0
11-Feb-26 2:00:00 AM ICT,501.0
11-Feb-26 3:00:00 AM ICT,501.0
11-Feb-26 4:00:00 AM ICT,501.0
11-Feb-26 5:00:00 AM ICT,501.0
11-Feb-26 6:00:00 AM ICT,501.0
11-Feb-26 7:00:00 AM ICT,501.0
11-Feb-26 8:00:00 AM ICT,501.0
11-Feb-26 9:00:00 AM ICT,501.0
11-Feb-26 10:00:00 AM ICT,501.0
11-Feb-26 11:00:00 AM ICT,501.0
11-Feb-26 12:00:00 PM ICT,501.0
11-Feb-26 1:00:00 PM ICT,501.0
11-Feb-26 2:00:00 PM ICT,501.0
11-Feb-26 3:00:00 PM ICT,501.0
11-Feb-26 4:00:00 PM ICT,501.0
11-Feb-26 5:00:00 PM ICT,501.0
11-Feb-26 6:00:00 PM ICT,501.0
11-Feb-26 7:00:00 PM ICT,501.0
11-Feb-26 8:00:00 PM ICT,501.0
11-Feb-26 9:00:00 PM ICT,501.0
11-Feb-26 10:00:00 PM ICT,501.0
11-Feb-26 11:00:00 PM ICT,501.0
12-Feb-26 12:00:00 AM ICT,501.0
12-Feb-26 1:00:00 AM ICT,501.0
12-Feb-26 2:00:00 AM ICT,501.0
12-Feb-26 3:00:00 AM ICT,501.0
12-Feb-26 4:00:00 AM ICT,501.0
12-Feb-26 5:00:00 AM ICT,501.0
12-Feb-26 6:00:00 AM ICT,501.0
12-Feb-26 7:00:00 AM ICT,501.0
12-Feb-26 8:00:00 AM ICT,501.0
12-Feb-26 9:00:00 AM ICT,501.0
12-Feb-26 10:00:00 AM ICT,501.0
12-Feb-26 11:00:00 AM ICT,501.0
12-Feb-26 12:00:00 PM ICT,501.0
12-Feb-26 1:00:00 PM ICT,501.0
12-Feb-26 2:00:00 PM ICT,501.0
12-Feb-26 3:00:00 PM ICT,501.5
12-Feb-26 4:00:00 PM ICT,502.0
12-Feb-26 5:00:00 PM ICT,502.0
12-Feb-26 6:00:00 PM ICT,502.0
12-Feb-26 7:00:00 PM ICT,502.0
12-Feb-26 8:00:00 PM ICT,502.0
12-Feb-26 9:00:00 PM ICT,502.0
12-Feb-26 10:00:00 PM ICT,502.0
12-Feb-26 11:00:00 PM ICT,502.0
13-Feb-26 12:00:00 AM ICT,502.0
13-Feb-26 1:00:00 AM ICT,502.0
13-Feb-26 2:00:00 AM ICT,502.0
13-Feb-26 3:00:00 AM ICT,502.0
13-Feb-26 4:00:00 AM ICT,502.0
13-Feb-26 5:00:00 AM ICT,502.0
13-Feb-26 6:00:00 AM ICT,502.0
13-Feb-26 7:00:00 AM ICT,502.0
13-Feb-26 8:00:00 AM ICT,502.0
13-Feb-26 9:00:00 AM ICT,502.0
13-Feb-26 10:00:00 AM ICT,502.0
13-Feb-26 11:00:00 AM ICT,502.0
13-Feb-26 12:00:00 PM ICT,502.0
13-Feb-26 1:00:00 PM ICT,502.0
13-Feb-26 2:00:00 PM ICT,502.5
13-Feb-26 3:00:00 PM ICT,505.0
13-Feb-26 4:00:00 PM ICT,505.5
13-Feb-26 5:00:00 PM ICT,507.0
13-Feb-26 6:00:00 PM ICT,507.0
13-Feb-26 7:00:00 PM ICT,507.0
13-Feb-26 8:00:00 PM ICT,507.0
13-Feb-26 9:00:00 PM ICT,507.0
13-Feb-26 10:00:00 PM ICT,507.0
13-Feb-26 11:00:00 PM ICT,507.0
14-Feb-26 12:00:00 AM ICT,507.0
14-Feb-26 1:00:00 AM ICT,507.0
14-Feb-26 2:00:00 AM ICT,507.0
14-Feb-26 3:00:00 AM ICT,507.0
14-Feb-26 4:00:00 AM ICT,507.0
14-Feb-26 5:00:00 AM ICT,507.0
14-Feb-26 6:00:00 AM ICT,507.0
14-Feb-26 7:00:00 AM ICT,507.0
14-Feb-26 8:00:00 AM ICT,507.0
14-Feb-26 9:00:00 AM ICT,507.0
14-Feb-26 10:00:00 AM ICT,507.0
14-Feb-26 11:00:00 AM ICT,507.0
14-Feb-26 12:00:00 PM ICT,508.0
14-Feb-26 1:00:00 PM ICT,508.0
14-Feb-26 2:00:00 PM ICT,508.0
14-Feb-26 3:00:00 PM ICT,508.0
14-Feb-26 4:00:00 PM ICT,508.3
14-Feb-26 5:00:00 PM ICT,509.0
14-Feb-26 6:00:00 PM ICT,509.0
14-Feb-26 7:00:00 PM ICT,509.0
14-Feb-26 8:00:00 PM ICT,509.0
14-Feb-26 9:00:00 PM ICT,509.0
14-Feb-26 10:00:00 PM ICT,509.0
14-Feb-26 11:00:00 PM ICT,509.0
15-Feb-26 12:00:00 AM ICT,509.0
15-Feb-26 1:00:00 AM ICT,509.0
15-Feb-26 2:00:00 AM ICT,509.0
15-Feb-26 3:00:00 AM ICT,509.0
15-Feb-26 4:00:00 AM ICT,509.0
15-Feb-26 5:00:00 AM ICT,509.0
15-Feb-26 6:00:00 AM ICT,509.0
15-Feb-26 7:00:00 AM ICT,509.0
15-Feb-26 8:00:00 AM ICT,509.0
15-Feb-26 9:00:00 AM ICT,509.0
15-Feb-26 10:00:00 AM ICT,509.0
15-Feb-26 11:00:00 AM ICT,509.0
15-Feb-26 12:00:00 PM ICT,510.0
15-Feb-26 1:00:00 PM ICT,510.0
15-Feb-26 2:00:00 PM ICT,510.0
15-Feb-26 3:00:00 PM ICT,510.0
15-Feb-26 4:00:00 PM ICT,510.0
15-Feb-26 5:00:00 PM ICT,510.0
15-Feb-26 6:00:00 PM ICT,510.0
15-Feb-26 7:00:00 PM ICT,510.0
15-Feb-26 8:00:00 PM ICT,510.0
15-Feb-26 9:00:00 PM ICT,510.0
15-Feb-26 10:00:00 PM ICT,510.0
15-Feb-26 11:00:00 PM ICT,510.0
16-Feb-26 12:00:00 AM ICT,510.0
16-Feb-26 1:00:00 AM ICT,510.0
16-Feb-26 2:00:00 AM ICT,510.0
16-Feb-26 3:00:00 AM ICT,510.0
16-Feb-26 4:00:00 AM ICT,510.0
16-Feb-26 5:00:00 AM ICT,510.0
16-Feb-26 6:00:00 AM ICT,510.5
16-Feb-26 7:00:00 AM ICT,512.8
16-Feb-26 8:00:00 AM ICT,514.5
16-Feb-26 9:00:00 AM ICT,515.8
16-Feb-26 10:00:00 AM ICT,516.0
16-Feb-26 11:00:00 AM ICT,517.5
16-Feb-26 12:00:00 PM ICT,518.0
16-Feb-26 1:00:00 PM ICT,518.3
16-Feb-26 2:00:00 PM ICT,519.3
16-Feb-26 3:00:00 PM ICT,520.5
16-Feb-26 4:00:00 PM ICT,521.0
16-Feb-26 5:00:00 PM ICT,523.0
16-Feb-26 6:00:00 PM ICT,533.5
16-Feb-26 7:00:00 PM ICT,544.5
16-Feb-26 8:00:00 PM ICT,556.0
16-Feb-26 9:00:00 PM ICT,567.0
16-Feb-26 10:00:00 PM ICT,578.0
16-Feb-26 11:00:00 PM ICT,589.3
17-Feb-26 12:00:00 AM ICT,600.3
17-Feb-26 1:00:00 AM ICT,611.3
17-Feb-26 2:00:00 AM ICT,622.5
17-Feb-26 3:00:00 AM ICT,633.5
17-Feb-26 4:00:00 AM ICT,644.5
17-Feb-26 5:00:00 AM ICT,655.5
17-Feb-26 6:00:00 AM ICT,666.8
17-Feb-26 7:00:00 AM ICT,677.8
17-Feb-26 8:00:00 AM ICT,687.3
17-Feb-26 9:00:00 AM ICT,689.0
17-Feb-26 10:00:00 AM ICT,689.0
17-Feb-26 11:00:00 AM ICT,689.0
17-Feb-26 12:00:00 PM ICT,689.0
17-Feb-26 1:00:00 PM ICT,689.0
17-Feb-26 2:00:00 PM ICT,689.0
17-Feb-26 3:00:00 PM ICT,689.0
17-Feb-26 4:00:00 PM ICT,689.0
17-Feb-26 5:00:00 PM ICT,689.0
17-Feb-26 6:00:00 PM ICT,689.0
17-Feb-26 7:00:00 PM ICT,689.0
17-Feb-26 8:00:00 PM ICT,689.0
17-Feb-26 9:00:00 PM ICT,689.0
17-Feb-26 10:00:00 PM ICT,689.0
17-Feb-26 11:00:00 PM ICT,689.0
18-Feb-26 12:00:00 AM ICT,689.0
18-Feb-26 1:00:00 AM ICT,689.0
18-Feb-26 2:00:00 AM ICT,689.0
18-Feb-26 3:00:00 AM ICT,689.0
18-Feb-26 4:00:00 AM ICT,689.0
18-Feb-26 5:00:00 AM ICT,689.0
18-Feb-26 6:00:00 AM ICT,689.0
18-Feb-26 7:00:00 AM ICT,689.0
18-Feb-26 8:00:00 AM ICT,689.0
18-Feb-26 9:00:00 AM ICT,691.3
18-Feb-26 10:00:00 AM ICT,693.0
18-Feb-26 11:00:00 AM ICT,693.0
18-Feb-26 12:00:00 PM ICT,693.0
18-Feb-26 1:00:00 PM ICT,693.0
18-Feb-26 2:00:00 PM ICT,693.0
18-Feb-26 3:00:00 PM ICT,693.0
18-Feb-26 4:00:00 PM ICT,693.0
18-Feb-26 5:00:00 PM ICT,693.0
18-Feb-26 6:00:00 PM ICT,693.0
18-Feb-26 7:00:00 PM ICT,693.0
18-Feb-26 8:00:00 PM ICT,693.0
18-Feb-26 9:00:00 PM ICT,693.0
18-Feb-26 10:00:00 PM ICT,693.0
18-Feb-26 11:00:00 PM ICT,693.0
19-Feb-26 12:00:00 AM ICT,693.0
19-Feb-26 1:00:00 AM ICT,693.0
19-Feb-26 2:00:00 AM ICT,693.0
19-Feb-26 3:00:00 AM ICT,693.0
19-Feb-26 4:00:00 AM ICT,693.0
19-Feb-26 5:00:00 AM ICT,693.0
19-Feb-26 6:00:00 AM ICT,693.0
19-Feb-26 7:00:00 AM ICT,693.0
19-Feb-26 8:00:00 AM ICT,693.0
19-Feb-26 9:00:00 AM ICT,693.0
19-Feb-26 10:00:00 AM ICT,693.0
19-Feb-26 11:00:00 AM ICT,693.0
19-Feb-26 12:00:00 PM ICT,693.0
19-Feb-26 1:00:00 PM ICT,693.0
19-Feb-26 2:00:00 PM ICT,693.0
19-Feb-26 3:00:00 PM ICT,693.0
19-Feb-26 4:00:00 PM ICT,693.0
19-Feb-26 5:00:00 PM ICT,693.0
19-Feb-26 6:00:00 PM ICT,693.0
19-Feb-26 7:00:00 PM ICT,693.0
19-Feb-26 8:00:00 PM ICT,693.0
19-Feb-26 9:00:00 PM ICT,693.0
19-Feb-26 10:00:00 PM ICT,693.0
19-Feb-26 11:00:00 PM ICT,693.0
20-Feb-26 12:00:00 AM ICT,693.0
20-Feb-26 1:00:00 AM ICT,693.0
20-Feb-26 2:00:00 AM ICT,693.0
20-Feb-26 3:00:00 AM ICT,693.0
20-Feb-26 4:00:00 AM ICT,693.0
20-Feb-26 5:00:00 AM ICT,693.0
20-Feb-26 6:00:00 AM ICT,693.0
20-Feb-26 7:00:00 AM ICT,693.0
20-Feb-26 8:00:00 AM ICT,693.5
20-Feb-26 9:00:00 AM ICT,694.0
20-Feb-26 10:00:00 AM ICT,694.5
20-Feb-26 11:00:00 AM ICT,695.0
20-Feb-26 12:00:00 PM ICT,695.0
20-Feb-26 1:00:00 PM ICT,695.0
20-Feb-26 2:00:00 PM ICT,695.0
20-Feb-26 3:00:00 PM ICT,695.0
20-Feb-26 4:00:00 PM ICT,695.0
20-Feb-26 5:00:00 PM ICT,695.0
20-Feb-26 6:00:00 PM ICT,695.0
20-Feb-26 7:00:00 PM ICT,695.0
20-Feb-26 8:00:00 PM ICT,695.0
20-Feb-26 9:00:00 PM ICT,695.0
20-Feb-26 10:00:00 PM ICT,695.0
20-Feb-26 11:00:00 PM ICT,695.0
21-Feb-26 12:00:00 AM ICT,695.0
21-Feb-26 1:00:00 AM ICT,695.0
21-Feb-26 2:00:00 AM ICT,695.0
21-Feb-26 3:00:00 AM ICT,695.0
21-Feb-26 4:00:00 AM ICT,695.0
21-Feb-26 5:00:00 AM ICT,695.0
21-Feb-26 6:00:00 AM ICT,695.8
21-Feb-26 7:00:00 AM ICT,696.0
21-Feb-26 8:00:00 AM ICT,696.0
21-Feb-26 9:00:00 AM ICT,696.0
21-Feb-26 10:00:00 AM ICT,696.0
21-Feb-26 11:00:00 AM ICT,696.0
21-Feb-26 12:00:00 PM ICT,696.0
21-Feb-26 1:00:00 PM ICT,696.0
21-Feb-26 2:00:00 PM ICT,696.0
21-Feb-26 3:00:00 PM ICT,696.0
21-Feb-26 4:00:00 PM ICT,696.0
21-Feb-26 5:00:00 PM ICT,696.0
21-Feb-26 6:00:00 PM ICT,696.0
21-Feb-26 7:00:00 PM ICT,696.0
21-Feb-26 8:00:00 PM ICT,696.0
21-Feb-26 9:00:00 PM ICT,696.0
21-Feb-26 10:00:00 PM ICT,696.0
21-Feb-26 11:00:00 PM ICT,696.0
22-Feb-26 12:00:00 AM ICT,696.0
22-Feb-26 1:00:00 AM ICT,696.0
22-Feb-26 2:00:00 AM ICT,696.0
22-Feb-26 3:00:00 AM ICT,696.0
22-Feb-26 4:00:00 AM ICT,696.0
22-Feb-26 5:00:00 AM ICT,696.0
22-Feb-26 6:00:00 AM ICT,696.0
22-Feb-26 7:00:00 AM ICT,696.0
22-Feb-26 8:00:00 AM ICT,696.0
22-Feb-26 9:00:00 AM ICT,696.0
22-Feb-26 11:00:00 AM ICT,696.0
22-Feb-26 12:00:00 PM ICT,696.0
22-Feb-26 1:00:00 PM ICT,696.0
22-Feb-26 2:00:00 PM ICT,696.0
22-Feb-26 3:00:00 PM ICT,696.0
22-Feb-26 4:00:00 PM ICT,696.0
22-Feb-26 5:00:00 PM ICT,696.0
22-Feb-26 6:00:00 PM ICT,697.0
22-Feb-26 7:00:00 PM ICT,697.0
22-Feb-26 8:00:00 PM ICT,697.0
22-Feb-26 9:00:00 PM ICT,697.0
22-Feb-26 10:00:00 PM ICT,697.0
22-Feb-26 11:00:00 PM ICT,697.0
23-Feb-26 12:00:00 AM ICT,697.0
23-Feb-26 1:00:00 AM ICT,697.0
23-Feb-26 2:00:00 AM ICT,697.0
23-Feb-26 3:00:00 AM ICT,697.0
23-Feb-26 4:00:00 AM ICT,697.0
23-Feb-26 5:00:00 AM ICT,697.0
23-Feb-26 6:00:00 AM ICT,697.0
23-Feb-26 7:00:00 AM ICT,697.0
23-Feb-26 8:00:00 AM ICT,697.0
23-Feb-26 9:00:00 AM ICT,697.0
23-Feb-26 10:00:00 AM ICT,697.0
23-Feb-26 11:00:00 AM ICT,697.0
23-Feb-26 12:00:00 PM ICT,697.0
23-Feb-26 1:00:00 PM ICT,697.0
23-Feb-26 2:00:00 PM ICT,697.0
23-Feb-26 3:00:00 PM ICT,697.0
23-Feb-26 4:00:00 PM ICT,697.0
23-Feb-26 5:00:00 PM ICT,697.0
23-Feb-26 6:00:00 PM ICT,697.5
23-Feb-26 7:00:00 PM ICT,698.0
23-Feb-26 8:00:00 PM ICT,698.0
23-Feb-26 9:00:00 PM ICT,698.0
23-Feb-26 10:00:00 PM ICT,698.0
23-Feb-26 11:00:00 PM ICT,698.0
24-Feb-26 12:00:00 AM ICT,698.0
24-Feb-26 1:00:00 AM ICT,698.0
24-Feb-26 2:00:00 AM ICT,698.0
24-Feb-26 3:00:00 AM ICT,698.0
24-Feb-26 4:00:00 AM ICT,698.0
24-Feb-26 5:00:00 AM ICT,698.0
24-Feb-26 6:00:00 AM ICT,698.0
24-Feb-26 7:00:00 AM ICT,698.0
24-Feb-26 8:00:00 AM ICT,698.0
24-Feb-26 9:00:00 AM ICT,698.5
24-Feb-26 10:00:00 AM ICT,699.0
24-Feb-26 11:00:00 AM ICT,700.0
24-Feb-26 12:00:00 PM ICT,700.0
24-Feb-26 1:00:00 PM ICT,700.0
24-Feb-26 2:00:00 PM ICT,700.8
24-Feb-26 3:00:00 PM ICT,701.5
24-Feb-26 4:00:00 PM ICT,702.0
24-Feb-26 5:00:00 PM ICT,702.0
24-Feb-26 6:00:00 PM ICT,702.0
24-Feb-26 7:00:00 PM ICT,702.0
24-Feb-26 8:00:00 PM ICT,702.0
24-Feb-26 9:00:00 PM ICT,702.0
24-Feb-26 10:00:00 PM ICT,702.0
24-Feb-26 11:00:00 PM ICT,702.0
25-Feb-26 12:00:00 AM ICT,702.0
25-Feb-26 1:00:00 AM ICT,702.0
25-Feb-26 2:00:00 AM ICT,702.0
25-Feb-26 3:00:00 AM ICT,702.0
25-Feb-26 4:00:00 AM ICT,702.0
25-Feb-26 5:00:00 AM ICT,702.0
25-Feb-26 6:00:00 AM ICT,702.0
25-Feb-26 7:00:00 AM ICT,702.0
25-Feb-26 8:00:00 AM ICT,702.0
25-Feb-26 9:00:00 AM ICT,702.0
25-Feb-26 10:00:00 AM ICT,702.0
25-Feb-26 11:00:00 AM ICT,702.0
25-Feb-26 12:00:00 PM ICT,702.0
25-Feb-26 1:00:00 PM ICT,702.0
25-Feb-26 2:00:00 PM ICT,702.0
25-Feb-26 3:00:00 PM ICT,702.0
25-Feb-26 4:00:00 PM ICT,702.0
25-Feb-26 5:00:00 PM ICT,702.0
25-Feb-26 6:00:00 PM ICT,702.0
25-Feb-26 7:00:00 PM ICT,702.0
25-Feb-26 8:00:00 PM ICT,702.0
25-Feb-26 9:00:00 PM ICT,702.0
25-Feb-26 10:00:00 PM ICT,702.0
25-Feb-26 11:00:00 PM ICT,702.0
26-Feb-26 12:00:00 AM ICT,702.0
26-Feb-26 1:00:00 AM ICT,702.0
26-Feb-26 2:00:00 AM ICT,702.0
26-Feb-26 3:00:00 AM ICT,702.0
26-Feb-26 4:00:00 AM ICT,702.0
26-Feb-26 5:00:00 AM ICT,702.0
26-Feb-26 6:00:00 AM ICT,702.0
26-Feb-26 7:00:00 AM ICT,702.0
26-Feb-26 8:00:00 AM ICT,702.0
26-Feb-26 9:00:00 AM ICT,702.0
26-Feb-26 10:00:00 AM ICT,702.0
26-Feb-26 11:00:00 AM ICT,702.0
26-Feb-26 12:00:00 PM ICT,702.0
26-Feb-26 1:00:00 PM ICT,702.0
26-Feb-26 2:00:00 PM ICT,702.0
26-Feb-26 3:00:00 PM ICT,702.0
26-Feb-26 4:00:00 PM ICT,702.0
26-Feb-26 5:00:00 PM ICT,702.0
26-Feb-26 6:00:00 PM ICT,702.0
26-Feb-26 7:00:00 PM ICT,702.0
26-Feb-26 8:00:00 PM ICT,702.0
26-Feb-26 9:00:00 PM ICT,702.0
26-Feb-26 10:00:00 PM ICT,702.0
26-Feb-26 11:00:00 PM ICT,702.0
27-Feb-26 12:00:00 AM ICT,702.0
27-Feb-26 1:00:00 AM ICT,702.0
27-Feb-26 2:00:00 AM ICT,702.0
27-Feb-26 3:00:00 AM ICT,702.0
27-Feb-26 4:00:00 AM ICT,702.0
27-Feb-26 5:00:00 AM ICT,702.0
27-Feb-26 6:00:00 AM ICT,702.0
27-Feb-26 7:00:00 AM ICT,702.0
27-Feb-26 8:00:00 AM ICT,702.0
27-Feb-26 9:00:00 AM ICT,702.0
27-Feb-26 10:00:00 AM ICT,702.0
27-Feb-26 11:00:00 AM ICT,702.0
27-Feb-26 12:00:00 PM ICT,702.3
27-Feb-26 1:00:00 PM ICT,703.0
27-Feb-26 2:00:00 PM ICT,703.0
27-Feb-26 3:00:00 PM ICT,703.8
27-Feb-26 4:00:00 PM ICT,705.0
27-Feb-26 5:00:00 PM ICT,705.0
27-Feb-26 6:00:00 PM ICT,705.0
27-Feb-26 7:00:00 PM ICT,705.5
27-Feb-26 8:00:00 PM ICT,706.0
27-Feb-26 9:00:00 PM ICT,706.0
27-Feb-26 10:00:00 PM ICT,706.0
27-Feb-26 11:00:00 PM ICT,706.0
28-Feb-26 12:00:00 AM ICT,706.0
28-Feb-26 1:00:00 AM ICT,706.0
28-Feb-26 2:00:00 AM ICT,706.0
28-Feb-26 3:00:00 AM ICT,706.0
28-Feb-26 4:00:00 AM ICT,706.0
28-Feb-26 5:00:00 AM ICT,706.0
28-Feb-26 6:00:00 AM ICT,706.0
28-Feb-26 7:00:00 AM ICT,706.0
28-Feb-26 8:00:00 AM ICT,706.0
28-Feb-26 9:00:00 AM ICT,706.0
28-Feb-26 10:00:00 AM ICT,706.8
28-Feb-26 11:00:00 AM ICT,707.0
28-Feb-26 12:00:00 PM ICT,707.0
28-Feb-26 1:00:00 PM ICT,707.0
28-Feb-26 2:00:00 PM ICT,708.5
28-Feb-26 3:00:00 PM ICT,709.0
28-Feb-26 4:00:00 PM ICT,709.0
28-Feb-26 5:00:00 PM ICT,709.0
28-Feb-26 6:00:00 PM ICT,709.0
28-Feb-26 7:00:00 PM ICT,709.0
28-Feb-26 8:00:00 PM ICT,709.0
28-Feb-26 9:00:00 PM ICT,709.0
28-Feb-26 10:00:00 PM ICT,709.0
28-Feb-26 11:00:00 PM ICT,709.0
01-Mar-26 12:00:00 AM ICT,709.0
01-Mar-26 1:00:00 AM ICT,709.0
01-Mar-26 2:00:00 AM ICT,709.0
01-Mar-26 3:00:00 AM ICT,709.0
01-Mar-26 4:00:00 AM ICT,709.0
01-Mar-26 5:00:00 AM ICT,709.0
01-Mar-26 6:00:00 AM ICT,709.0
01-Mar-26 7:00:00 AM ICT,709.0
01-Mar-26 8:00:00 AM ICT,709.0
01-Mar-26 9:00:00 AM ICT,709.0
01-Mar-26 10:00:00 AM ICT,709.3
01-Mar-26 11:00:00 AM ICT,710.0
01-Mar-26 12:00:00 PM ICT,710.0
01-Mar-26 1:00:00 PM ICT,710.0
01-Mar-26 2:00:00 PM ICT,710.0
01-Mar-26 3:00:00 PM ICT,710.0
01-Mar-26 4:00:00 PM ICT,710.0
01-Mar-26 5:00:00 PM ICT,710.0
01-Mar-26 6:00:00 PM ICT,710.0
01-Mar-26 7:00:00 PM ICT,710.0
01-Mar-26 8:00:00 PM ICT,710.0
01-Mar-26 9:00:00 PM ICT,710.0
01-Mar-26 10:00:00 PM ICT,710.0
01-Mar-26 11:00:00 PM ICT,710.0
02-Mar-26 12:00:00 AM ICT,710.0
02-Mar-26 1:00:00 AM ICT,710.0
02-Mar-26 2:00:00 AM ICT,710.0
02-Mar-26 3:00:00 AM ICT,710.0
02-Mar-26 4:00:00 AM ICT,710.0
02-Mar-26 5:00:00 AM ICT,710.0
02-Mar-26 6:00:00 AM ICT,710.0
02-Mar-26 7:00:00 AM ICT,710.0
02-Mar-26 8:00:00 AM ICT,710.0
02-Mar-26 9:00:00 AM ICT,710.0
02-Mar-26 10:00:00 AM ICT,710.0
02-Mar-26 11:00:00 AM ICT,710.0
02-Mar-26 12:00:00 PM ICT,710.0
02-Mar-26 1:00:00 PM ICT,710.0
02-Mar-26 2:00:00 PM ICT,710.0
02-Mar-26 3:00:00 PM ICT,710.0
02-Mar-26 4:00:00 PM ICT,710.0
02-Mar-26 5:00:00 PM ICT,710.0
02-Mar-26 6:00:00 PM ICT,710.0
02-Mar-26 7:00:00 PM ICT,710.0
02-Mar-26 8:00:00 PM ICT,710.0
02-Mar-26 9:00:00 PM ICT,710.0
02-Mar-26 10:00:00 PM ICT,710.0
02-Mar-26 11:00:00 PM ICT,710.0
03-Mar-26 12:00:00 AM ICT,710.0
03-Mar-26 1:00:00 AM ICT,710.0
03-Mar-26 2:00:00 AM ICT,710.0
03-Mar-26 3:00:00 AM ICT,710.0
03-Mar-26 4:00:00 AM ICT,710.0
03-Mar-26 5:00:00 AM ICT,710.0
03-Mar-26 6:00:00 AM ICT,710.0
03-Mar-26 7:00:00 AM ICT,710.0
03-Mar-26 8:00:00 AM ICT,710.0
03-Mar-26 9:00:00 AM ICT,710.0
03-Mar-26 10:00:00 AM ICT,710.0
03-Mar-26 11:00:00 AM ICT,710.0
03-Mar-26 12:00:00 PM ICT,710.0
03-Mar-26 1:00:00 PM ICT,710.0
03-Mar-26 2:00:00 PM ICT,710.0
03-Mar-26 3:00:00 PM ICT,710.0
03-Mar-26 4:00:00 PM ICT,710.0
03-Mar-26 5:00:00 PM ICT,710.0
03-Mar-26 6:00:00 PM ICT,710.0
03-Mar-26 7:00:00 PM ICT,710.0
03-Mar-26 8:00:00 PM ICT,710.0
03-Mar-26 9:00:00 PM ICT,710.0
03-Mar-26 10:00:00 PM ICT,710.0
03-Mar-26 11:00:00 PM ICT,710.0
04-Mar-26 12:00:00 AM ICT,710.0
04-Mar-26 1:00:00 AM ICT,710.0
04-Mar-26 2:00:00 AM ICT,710.0
04-Mar-26 3:00:00 AM ICT,710.0
04-Mar-26 4:00:00 AM ICT,710.0
04-Mar-26 5:00:00 AM ICT,710.0
04-Mar-26 6:00:00 AM ICT,710.0
04-Mar-26 7:00:00 AM ICT,710.0
04-Mar-26 8:00:00 AM ICT,710.0
04-Mar-26 9:00:00 AM ICT,710.0
04-Mar-26 10:00:00 AM ICT,710.0
04-Mar-26 11:00:00 AM ICT,710.3
04-Mar-26 12:00:00 PM ICT,711.0
04-Mar-26 1:00:00 PM ICT,711.0
04-Mar-26 2:00:00 PM ICT,711.0
04-Mar-26 3:00:00 PM ICT,711.8
04-Mar-26 4:00:00 PM ICT,712.5
04-Mar-26 5:00:00 PM ICT,714.5
04-Mar-26 6:00:00 PM ICT,718.3
04-Mar-26 7:00:00 PM ICT,719.0
04-Mar-26 8:00:00 PM ICT,719.0
04-Mar-26 9:00:00 PM ICT,719.0
04-Mar-26 10:00:00 PM ICT,719.0
04-Mar-26 11:00:00 PM ICT,719.0
05-Mar-26 12:00:00 AM ICT,719.0
05-Mar-26 1:00:00 AM ICT,719.0
05-Mar-26 2:00:00 AM ICT,719.3
05-Mar-26 3:00:00 AM ICT,720.5
05-Mar-26 4:00:00 AM ICT,722.3
05-Mar-26 5:00:00 AM ICT,723.8
05-Mar-26 6:00:00 AM ICT,725.3
05-Mar-26 7:00:00 AM ICT,728.3
05-Mar-26 8:00:00 AM ICT,730.8
05-Mar-26 9:00:00 AM ICT,731.5
05-Mar-26 10:00:00 AM ICT,732.0
05-Mar-26 11:00:00 AM ICT,732.0
05-Mar-26 12:00:00 PM ICT,732.0
05-Mar-26 1:00:00 PM ICT,732.0
05-Mar-26 2:00:00 PM ICT,732.0
05-Mar-26 3:00:00 PM ICT,732.0
05-Mar-26 4:00:00 PM ICT,732.0
05-Mar-26 5:00:00 PM ICT,732.0
05-Mar-26 6:00:00 PM ICT,732.0
05-Mar-26 7:00:00 PM ICT,732.0
05-Mar-26 8:00:00 PM ICT,732.0
05-Mar-26 9:00:00 PM ICT,732.0
05-Mar-26 10:00:00 PM ICT,732.0
05-Mar-26 11:00:00 PM ICT,732.0
06-Mar-26 12:00:00 AM ICT,732.0
06-Mar-26 1:00:00 AM ICT,732.0
06-Mar-26 2:00:00 AM ICT,732.0
06-Mar-26 3:00:00 AM ICT,732.0
06-Mar-26 4:00:00 AM ICT,732.0
06-Mar-26 5:00:00 AM ICT,732.0
06-Mar-26 6:00:00 AM ICT,732.3
06-Mar-26 7:00:00 AM ICT,736.5
06-Mar-26 8:00:00 AM ICT,741.0
06-Mar-26 9:00:00 AM ICT,743.7
06-Mar-26 10:00:00 AM ICT,744.0
06-Mar-26 11:00:00 AM ICT,745.5
06-Mar-26 12:00:00 PM ICT,746.3
06-Mar-26 1:00:00 PM ICT,747.3
06-Mar-26 2:00:00 PM ICT,749.0
06-Mar-26 3:00:00 PM ICT,750.0
06-Mar-26 4:00:00 PM ICT,750.3
06-Mar-26 5:00:00 PM ICT,751.0
06-Mar-26 6:00:00 PM ICT,751.3
06-Mar-26 7:00:00 PM ICT,752.0
06-Mar-26 8:00:00 PM ICT,752.0
06-Mar-26 9:00:00 PM ICT,752.0
06-Mar-26 10:00:00 PM ICT,752.0
06-Mar-26 11:00:00 PM ICT,752.0
07-Mar-26 12:00:00 AM ICT,752.0
07-Mar-26 1:00:00 AM ICT,752.0
07-Mar-26 2:00:00 AM ICT,752.0
07-Mar-26 3:00:00 AM ICT,752.0
07-Mar-26 4:00:00 AM ICT,752.0
07-Mar-26 5:00:00 AM ICT,752.0
07-Mar-26 6:00:00 AM ICT,752.0
07-Mar-26 7:00:00 AM ICT,752.0
07-Mar-26 8:00:00 AM ICT,752.0
07-Mar-26 9:00:00 AM ICT,752.0
07-Mar-26 10:00:00 AM ICT,752.0
07-Mar-26 11:00:00 AM ICT,752.0
07-Mar-26 12:00:00 PM ICT,752.0
07-Mar-26 1:00:00 PM ICT,752.0
07-Mar-26 2:00:00 PM ICT,752.0
07-Mar-26 3:00:00 PM ICT,752.0
07-Mar-26 4:00:00 PM ICT,752.0
07-Mar-26 5:00:00 PM ICT,752.0
07-Mar-26 6:00:00 PM ICT,752.0
07-Mar-26 7:00:00 PM ICT,752.0
07-Mar-26 8:00:00 PM ICT,752.0
07-Mar-26 9:00:00 PM ICT,752.0
07-Mar-26 10:00:00 PM ICT,752.0
07-Mar-26 11:00:00 PM ICT,752.0
08-Mar-26 12:00:00 AM ICT,752.0
08-Mar-26 1:00:00 AM ICT,752.0
08-Mar-26 2:00:00 AM ICT,752.0
08-Mar-26 3:00:00 AM ICT,752.0
08-Mar-26 4:00:00 AM ICT,752.0
08-Mar-26 5:00:00 AM ICT,752.0
08-Mar-26 6:00:00 AM ICT,752.0
08-Mar-26 7:00:00 AM ICT,752.0
08-Mar-26 8:00:00 AM ICT,752.0
08-Mar-26 9:00:00 AM ICT,752.0
08-Mar-26 10:00:00 AM ICT,752.0
08-Mar-26 11:00:00 AM ICT,752.0
08-Mar-26 12:00:00 PM ICT,752.0
08-Mar-26 1:00:00 PM ICT,752.0
08-Mar-26 2:00:00 PM ICT,752.0
08-Mar-26 3:00:00 PM ICT,752.0
08-Mar-26 4:00:00 PM ICT,752.0
08-Mar-26 5:00:00 PM ICT,752.0
08-Mar-26 6:00:00 PM ICT,752.0
08-Mar-26 7:00:00 PM ICT,752.0
08-Mar-26 8:00:00 PM ICT,752.0
08-Mar-26 9:00:00 PM ICT,752.0
08-Mar-26 10:00:00 PM ICT,752.0
08-Mar-26 11:00:00 PM ICT,752.0
09-Mar-26 12:00:00 AM ICT,752.0
09-Mar-26 1:00:00 AM ICT,752.0
09-Mar-26 2:00:00 AM ICT,752.0
09-Mar-26 3:00:00 AM ICT,752.0
09-Mar-26 4:00:00 AM ICT,752.0
09-Mar-26 5:00:00 AM ICT,752.0
09-Mar-26 6:00:00 AM ICT,752.0
09-Mar-26 7:00:00 AM ICT,752.0
09-Mar-26 8:00:00 AM ICT,752.0
09-Mar-26 9:00:00 AM ICT,752.0
09-Mar-26 10:00:00 AM ICT,752.0
09-Mar-26 11:00:00 AM ICT,752.0
09-Mar-26 12:00:00 PM ICT,752.0
09-Mar-26 1:00:00 PM ICT,752.0
09-Mar-26 2:00:00 PM ICT,752.0
09-Mar-26 3:00:00 PM ICT,752.0
09-Mar-26 4:00:00 PM ICT,752.0
09-Mar-26 5:00:00 PM ICT,752.0
09-Mar-26 6:00:00 PM ICT,752.0
09-Mar-26 7:00:00 PM ICT,752.0
09-Mar-26 8:00:00 PM ICT,752.0
09-Mar-26 9:00:00 PM ICT,752.0
09-Mar-26 10:00:00 PM ICT,752.0
09-Mar-26 11:00:00 PM ICT,752.0
10-Mar-26 12:00:00 AM ICT,752.0
10-Mar-26 1:00:00 AM ICT,752.0
10-Mar-26 2:00:00 AM ICT,752.0
10-Mar-26 3:00:00 AM ICT,752.0
10-Mar-26 4:00:00 AM ICT,752.0
10-Mar-26 5:00:00 AM ICT,752.0
10-Mar-26 6:00:00 AM ICT,752.0
10-Mar-26 7:00:00 AM ICT,752.0
10-Mar-26 8:00:00 AM ICT,752.0
10-Mar-26 9:00:00 AM ICT,752.0
10-Mar-26 10:00:00 AM ICT,753.0
10-Mar-26 11:00:00 AM ICT,754.0
10-Mar-26 12:00:00 PM ICT,754.0
10-Mar-26 1:00:00 PM ICT,754.0
10-Mar-26 2:00:00 PM ICT,754.0
10-Mar-26 3:00:00 PM ICT,754.0
10-Mar-26 4:00:00 PM ICT,754.0
10-Mar-26 5:00:00 PM ICT,754.0
10-Mar-26 6:00:00 PM ICT,754.0
10-Mar-26 7:00:00 PM ICT,754.0
10-Mar-26 8:00:00 PM ICT,754.0
10-Mar-26 9:00:00 PM ICT,754.0
10-Mar-26 10:00:00 PM ICT,754.0
10-Mar-26 11:00:00 PM ICT,754.0
11-Mar-26 12:00:00 AM ICT,754.0
11-Mar-26 1:00:00 AM ICT,754.0
11-Mar-26 2:00:00 AM ICT,754.0
11-Mar-26 3:00:00 AM ICT,754.0
11-Mar-26 4:00:00 AM ICT,754.0
11-Mar-26 5:00:00 AM ICT,754.0
11-Mar-26 6:00:00 AM ICT,754.0
11-Mar-26 7:00:00 AM ICT,754.0
11-Mar-26 8:00:00 AM ICT,754.0
11-Mar-26 9:00:00 AM ICT,754.0
11-Mar-26 10:00:00 AM ICT,754.0
11-Mar-26 11:00:00 AM ICT,754.0
11-Mar-26 12:00:00 PM ICT,754.0
11-Mar-26 1:00:00 PM ICT,754.0
11-Mar-26 2:00:00 PM ICT,755.0
11-Mar-26 3:00:00 PM ICT,756.0
11-Mar-26 4:00:00 PM ICT,756.0
11-Mar-26 5:00:00 PM ICT,757.0
11-Mar-26 6:00:00 PM ICT,757.0
11-Mar-26 7:00:00 PM ICT,757.0
11-Mar-26 8:00:00 PM ICT,757.0
11-Mar-26 9:00:00 PM ICT,757.0
11-Mar-26 10:00:00 PM ICT,757.0
11-Mar-26 11:00:00 PM ICT,757.0
12-Mar-26 12:00:00 AM ICT,757.0
12-Mar-26 1:00:00 AM ICT,757.0
12-Mar-26 2:00:00 AM ICT,757.0
12-Mar-26 3:00:00 AM ICT,757.0
12-Mar-26 4:00:00 AM ICT,757.0
12-Mar-26 5:00:00 AM ICT,757.0
12-Mar-26 6:00:00 AM ICT,757.0
12-Mar-26 7:00:00 AM ICT,757.0
12-Mar-26 8:00:00 AM ICT,757.0
12-Mar-26 9:00:00 AM ICT,757.8
12-Mar-26 10:00:00 AM ICT,759.0
12-Mar-26 11:00:00 AM ICT,759.0
12-Mar-26 12:00:00 PM ICT,759.0
12-Mar-26 1:00:00 PM ICT,759.3
12-Mar-26 2:00:00 PM ICT,760.8
12-Mar-26 3:00:00 PM ICT,761.0
12-Mar-26 4:00:00 PM ICT,762.0
12-Mar-26 5:00:00 PM ICT,762.0
12-Mar-26 6:00:00 PM ICT,762.0
12-Mar-26 7:00:00 PM ICT,762.0
12-Mar-26 8:00:00 PM ICT,762.0
12-Mar-26 9:00:00 PM ICT,762.0
12-Mar-26 10:00:00 PM ICT,762.0
12-Mar-26 11:00:00 PM ICT,762.0
13-Mar-26 12:00:00 AM ICT,762.0
13-Mar-26 1:00:00 AM ICT,762.0
13-Mar-26 2:00:00 AM ICT,762.0
13-Mar-26 3:00:00 AM ICT,762.0
13-Mar-26 4:00:00 AM ICT,762.0
13-Mar-26 5:00:00 AM ICT,762.0
13-Mar-26 6:00:00 AM ICT,762.0
13-Mar-26 7:00:00 AM ICT,762.0
13-Mar-26 8:00:00 AM ICT,762.0
13-Mar-26 9:00:00 AM ICT,762.8
13-Mar-26 10:00:00 AM ICT,763.0
13-Mar-26 11:00:00 AM ICT,763.0
13-Mar-26 12:00:00 PM ICT,763.0
13-Mar-26 1:00:00 PM ICT,763.0
13-Mar-26 2:00:00 PM ICT,764.0
13-Mar-26 3:00:00 PM ICT,764.0
13-Mar-26 4:00:00 PM ICT,764.8
13-Mar-26 5:00:00 PM ICT,765.0
13-Mar-26 6:00:00 PM ICT,765.0
13-Mar-26 7:00:00 PM ICT,765.0
13-Mar-26 8:00:00 PM ICT,765.0
13-Mar-26 9:00:00 PM ICT,765.0
13-Mar-26 10:00:00 PM ICT,765.0
13-Mar-26 11:00:00 PM ICT,765.0
14-Mar-26 12:00:00 AM ICT,765.0
14-Mar-26 1:00:00 AM ICT,765.0
14-Mar-26 2:00:00 AM ICT,765.0
14-Mar-26 3:00:00 AM ICT,765.0
14-Mar-26 4:00:00 AM ICT,765.0
14-Mar-26 5:00:00 AM ICT,765.0
14-Mar-26 6:00:00 AM ICT,765.0
14-Mar-26 7:00:00 AM ICT,765.0
14-Mar-26 8:00:00 AM ICT,765.0
14-Mar-26 9:00:00 AM ICT,765.0
14-Mar-26 10:00:00 AM ICT,766.3
14-Mar-26 11:00:00 AM ICT,767.0
14-Mar-26 12:00:00 PM ICT,767.3
14-Mar-26 1:00:00 PM ICT,768.5
14-Mar-26 2:00:00 PM ICT,769.0
14-Mar-26 3:00:00 PM ICT,769.0
14-Mar-26 4:00:00 PM ICT,769.0
14-Mar-26 5:00:00 PM ICT,769.0
14-Mar-26 6:00:00 PM ICT,769.0
14-Mar-26 7:00:00 PM ICT,769.0
14-Mar-26 8:00:00 PM ICT,769.0
14-Mar-26 9:00:00 PM ICT,769.0
14-Mar-26 10:00:00 PM ICT,769.0
14-Mar-26 11:00:00 PM ICT,769.0
15-Mar-26 12:00:00 AM ICT,769.0
15-Mar-26 1:00:00 AM ICT,769.0
15-Mar-26 2:00:00 AM ICT,769.0
15-Mar-26 3:00:00 AM ICT,769.0
15-Mar-26 4:00:00 AM ICT,769.0
15-Mar-26 5:00:00 AM ICT,769.0
15-Mar-26 6:00:00 AM ICT,769.0
15-Mar-26 7:00:00 AM ICT,769.0
15-Mar-26 8:00:00 AM ICT,769.0
15-Mar-26 9:00:00 AM ICT,769.0
15-Mar-26 10:00:00 AM ICT,769.0
15-Mar-26 11:00:00 AM ICT,769.0
15-Mar-26 12:00:00 PM ICT,769.0
15-Mar-26 1:00:00 PM ICT,769.0
15-Mar-26 2:00:00 PM ICT,769.0
15-Mar-26 3:00:00 PM ICT,769.0
15-Mar-26 4:00:00 PM ICT,769.0
15-Mar-26 5:00:00 PM ICT,769.0
15-Mar-26 6:00:00 PM ICT,769.0
15-Mar-26 7:00:00 PM ICT,769.0
15-Mar-26 8:00:00 PM ICT,769.0
15-Mar-26 9:00:00 PM ICT,769.0
15-Mar-26 10:00:00 PM ICT,769.0
15-Mar-26 11:00:00 PM ICT,769.0
16-Mar-26 12:00:00 AM ICT,769.0
16-Mar-26 1:00:00 AM ICT,769.0
16-Mar-26 2:00:00 AM ICT,769.0
16-Mar-26 3:00:00 AM ICT,769.0
16-Mar-26 4:00:00 AM ICT,769.0
16-Mar-26 5:00:00 AM ICT,769.0
16-Mar-26 6:00:00 AM ICT,769.0
16-Mar-26 7:00:00 AM ICT,769.0
16-Mar-26 8:00:00 AM ICT,769.0
16-Mar-26 9:00:00 AM ICT,769.0
16-Mar-26 10:00:00 AM ICT,769.0
16-Mar-26 11:00:00 AM ICT,769.0
16-Mar-26 12:00:00 PM ICT,769.0
16-Mar-26 1:00:00 PM ICT,769.0
16-Mar-26 2:00:00 PM ICT,770.5
16-Mar-26 3:00:00 PM ICT,775.5
16-Mar-26 4:00:00 PM ICT,777.0
16-Mar-26 5:00:00 PM ICT,777.0
16-Mar-26 6:00:00 PM ICT,777.0
16-Mar-26 7:00:00 PM ICT,777.0
16-Mar-26 8:00:00 PM ICT,777.0
16-Mar-26 9:00:00 PM ICT,777.0
16-Mar-26 10:00:00 PM ICT,777.0
16-Mar-26 11:00:00 PM ICT,777.0
17-Mar-26 12:00:00 AM ICT,777.0
17-Mar-26 1:00:00 AM ICT,777.0
17-Mar-26 2:00:00 AM ICT,777.0
17-Mar-26 3:00:00 AM ICT,777.0
17-Mar-26 4:00:00 AM ICT,777.0
17-Mar-26 5:00:00 AM ICT,777.0
17-Mar-26 6:00:00 AM ICT,777.0
17-Mar-26 7:00:00 AM ICT,777.0
17-Mar-26 8:00:00 AM ICT,777.0
17-Mar-26 9:00:00 AM ICT,777.0
17-Mar-26 10:00:00 AM ICT,777.0
17-Mar-26 11:00:00 AM ICT,777.0
17-Mar-26 12:00:00 PM ICT,777.0
17-Mar-26 1:00:00 PM ICT,777.0
17-Mar-26 2:00:00 PM ICT,777.0
17-Mar-26 3:00:00 PM ICT,777.0
17-Mar-26 4:00:00 PM ICT,777.0
17-Mar-26 5:00:00 PM ICT,777.0
17-Mar-26 6:00:00 PM ICT,777.0
17-Mar-26 7:00:00 PM ICT,777.0
17-Mar-26 8:00:00 PM ICT,777.0
17-Mar-26 9:00:00 PM ICT,777.0
17-Mar-26 10:00:00 PM ICT,777.0
17-Mar-26 11:00:00 PM ICT,777.0
18-Mar-26 12:00:00 AM ICT,777.0
18-Mar-26 1:00:00 AM ICT,777.0
18-Mar-26 2:00:00 AM ICT,777.0
18-Mar-26 3:00:00 AM ICT,777.0
18-Mar-26 4:00:00 AM ICT,777.0
18-Mar-26 5:00:00 AM ICT,777.0
18-Mar-26 6:00:00 AM ICT,777.0
18-Mar-26 7:00:00 AM ICT,777.0
18-Mar-26 8:00:00 AM ICT,777.0
18-Mar-26 9:00:00 AM ICT,777.0
18-Mar-26 10:00:00 AM ICT,777.0
18-Mar-26 11:00:00 AM ICT,777.0
18-Mar-26 12:00:00 PM ICT,777.0
18-Mar-26 1:00:00 PM ICT,777.0
18-Mar-26 2:00:00 PM ICT,777.0
18-Mar-26 3:00:00 PM ICT,777.0