Timestamp,FIT101DeepWellWater_Flow(m³/hr)
30-Jan-26 10:30:00 PM ICT,24.8
30-Jan-26 11:00:00 PM ICT,24.8
30-Jan-26 11:30:00 PM ICT,24.8
31-Jan-26 12:00:00 AM ICT,24.6
31-Jan-26 12:30:00 AM ICT,24.5
31-Jan-26 1:00:00 AM ICT,24.6
31-Jan-26 1:30:00 AM ICT,17.0
31-Jan-26 2:00:00 AM ICT,19.6
31-Jan-26 2:30:00 AM ICT,0.0
31-Jan-26 3:00:00 AM ICT,0.0
31-Jan-26 3:30:00 AM ICT,25.0
31-Jan-26 4:00:00 AM ICT,25.0
31-Jan-26 4:30:00 AM ICT,25.1
31-Jan-26 5:00:00 AM ICT,25.1
31-Jan-26 5:30:00 AM ICT,25.0
31-Jan-26 6:00:00 AM ICT,0.0
31-Jan-26 6:30:00 AM ICT,22.8
31-Jan-26 7:00:00 AM ICT,0.0
31-Jan-26 7:30:00 AM ICT,0.0
31-Jan-26 8:00:00 AM ICT,0.0
31-Jan-26 8:30:00 AM ICT,0.0
31-Jan-26 9:00:00 AM ICT,0.0
31-Jan-26 9:30:00 AM ICT,17.6
31-Jan-26 10:00:00 AM ICT,24.9
31-Jan-26 10:30:00 AM ICT,0.0
31-Jan-26 11:00:00 AM ICT,0.0
31-Jan-26 11:30:00 AM ICT,0.0
31-Jan-26 12:00:00 PM ICT,25.0
31-Jan-26 12:30:00 PM ICT,0.0
31-Jan-26 1:00:00 PM ICT,0.0
31-Jan-26 1:30:00 PM ICT,0.0
31-Jan-26 2:00:00 PM ICT,0.0
31-Jan-26 2:30:00 PM ICT,0.0
31-Jan-26 3:00:00 PM ICT,0.0
31-Jan-26 3:30:00 PM ICT,0.0
31-Jan-26 4:00:00 PM ICT,0.0
31-Jan-26 4:30:00 PM ICT,0.0
31-Jan-26 5:00:00 PM ICT,0.0
31-Jan-26 5:30:00 PM ICT,0.0
31-Jan-26 6:00:00 PM ICT,0.0
31-Jan-26 6:30:00 PM ICT,0.0
31-Jan-26 7:00:00 PM ICT,0.0
31-Jan-26 7:30:00 PM ICT,0.0
31-Jan-26 8:00:00 PM ICT,0.0
31-Jan-26 8:30:00 PM ICT,0.0
31-Jan-26 9:00:00 PM ICT,0.0
31-Jan-26 9:30:00 PM ICT,0.0
31-Jan-26 10:00:00 PM ICT,0.0
31-Jan-26 10:30:00 PM ICT,0.0
31-Jan-26 11:00:00 PM ICT,0.0
31-Jan-26 11:30:00 PM ICT,0.0
01-Feb-26 12:00:00 AM ICT,0.0
01-Feb-26 12:30:00 AM ICT,0.0
01-Feb-26 1:00:00 AM ICT,0.0
01-Feb-26 1:30:00 AM ICT,0.0
01-Feb-26 2:00:00 AM ICT,0.0
01-Feb-26 2:30:00 AM ICT,0.0
01-Feb-26 3:00:00 AM ICT,0.0
01-Feb-26 3:30:00 AM ICT,0.0
01-Feb-26 4:00:00 AM ICT,0.0
01-Feb-26 4:30:00 AM ICT,0.0
01-Feb-26 5:00:00 AM ICT,0.0
01-Feb-26 5:30:00 AM ICT,0.0
01-Feb-26 6:00:00 AM ICT,0.0
01-Feb-26 6:30:00 AM ICT,0.0
01-Feb-26 7:00:00 AM ICT,0.0
01-Feb-26 7:30:00 AM ICT,0.0
01-Feb-26 8:00:00 AM ICT,0.0
01-Feb-26 8:30:00 AM ICT,0.0
01-Feb-26 9:00:00 AM ICT,0.0
01-Feb-26 9:30:00 AM ICT,0.0
01-Feb-26 10:00:00 AM ICT,0.0
01-Feb-26 10:30:00 AM ICT,0.0
01-Feb-26 11:00:00 AM ICT,0.0
01-Feb-26 11:30:00 AM ICT,0.0
01-Feb-26 12:00:00 PM ICT,0.0
01-Feb-26 12:30:00 PM ICT,0.0
01-Feb-26 1:00:00 PM ICT,0.0
01-Feb-26 1:30:00 PM ICT,0.0
01-Feb-26 2:00:00 PM ICT,0.0
01-Feb-26 2:30:00 PM ICT,0.0
01-Feb-26 3:00:00 PM ICT,0.0
01-Feb-26 3:30:00 PM ICT,0.0
01-Feb-26 4:00:00 PM ICT,0.0
01-Feb-26 4:30:00 PM ICT,0.0
01-Feb-26 5:00:00 PM ICT,0.0
01-Feb-26 5:30:00 PM ICT,0.0
01-Feb-26 6:00:00 PM ICT,0.0
01-Feb-26 6:30:00 PM ICT,0.0
01-Feb-26 7:00:00 PM ICT,0.0
01-Feb-26 7:30:00 PM ICT,0.0
01-Feb-26 8:00:00 PM ICT,0.0
01-Feb-26 8:30:00 PM ICT,0.0
01-Feb-26 9:00:00 PM ICT,0.0
01-Feb-26 9:30:00 PM ICT,0.0
01-Feb-26 10:00:00 PM ICT,0.0
01-Feb-26 10:30:00 PM ICT,0.0
01-Feb-26 11:00:00 PM ICT,0.0
01-Feb-26 11:30:00 PM ICT,0.0
02-Feb-26 12:00:00 AM ICT,0.0
02-Feb-26 12:30:00 AM ICT,0.0
02-Feb-26 1:00:00 AM ICT,0.0
02-Feb-26 1:30:00 AM ICT,0.0
02-Feb-26 2:00:00 AM ICT,0.0
02-Feb-26 2:30:00 AM ICT,0.0
02-Feb-26 3:00:00 AM ICT,0.0
02-Feb-26 3:30:00 AM ICT,0.0
02-Feb-26 4:00:00 AM ICT,0.0
02-Feb-26 4:30:00 AM ICT,0.0
02-Feb-26 5:00:00 AM ICT,0.0
02-Feb-26 5:30:00 AM ICT,0.0
02-Feb-26 6:00:00 AM ICT,0.0
02-Feb-26 6:30:00 AM ICT,0.0
02-Feb-26 7:00:00 AM ICT,0.0
02-Feb-26 7:30:00 AM ICT,0.0
02-Feb-26 8:00:00 AM ICT,0.0
02-Feb-26 8:30:00 AM ICT,0.0
02-Feb-26 9:00:00 AM ICT,24.9
02-Feb-26 9:30:00 AM ICT,49.1
02-Feb-26 10:00:00 AM ICT,49.3
02-Feb-26 10:30:00 AM ICT,49.1
02-Feb-26 11:00:00 AM ICT,49.0
02-Feb-26 11:30:00 AM ICT,49.1
02-Feb-26 12:00:00 PM ICT,49.0
02-Feb-26 12:30:00 PM ICT,48.8
02-Feb-26 1:00:00 PM ICT,48.9
02-Feb-26 1:30:00 PM ICT,48.9
02-Feb-26 2:00:00 PM ICT,24.6
02-Feb-26 2:30:00 PM ICT,0.0
02-Feb-26 3:00:00 PM ICT,0.0
02-Feb-26 3:30:00 PM ICT,0.0
02-Feb-26 4:00:00 PM ICT,0.0
02-Feb-26 4:30:00 PM ICT,0.0
02-Feb-26 5:00:00 PM ICT,0.0
02-Feb-26 5:30:00 PM ICT,0.0
02-Feb-26 6:00:00 PM ICT,0.0
02-Feb-26 6:30:00 PM ICT,0.0
02-Feb-26 7:00:00 PM ICT,0.0
02-Feb-26 7:30:00 PM ICT,0.0
02-Feb-26 8:00:00 PM ICT,0.0
02-Feb-26 8:30:00 PM ICT,0.0
02-Feb-26 9:00:00 PM ICT,0.0
02-Feb-26 9:30:00 PM ICT,0.0
02-Feb-26 10:00:00 PM ICT,0.0
02-Feb-26 10:30:00 PM ICT,0.0
02-Feb-26 11:00:00 PM ICT,0.0
02-Feb-26 11:30:00 PM ICT,0.0
03-Feb-26 12:00:00 AM ICT,0.0
03-Feb-26 12:30:00 AM ICT,0.0
03-Feb-26 1:00:00 AM ICT,0.0
03-Feb-26 1:30:00 AM ICT,0.0
03-Feb-26 2:00:00 AM ICT,0.0
03-Feb-26 2:30:00 AM ICT,0.0
03-Feb-26 3:00:00 AM ICT,0.0
03-Feb-26 3:30:00 AM ICT,0.0
03-Feb-26 4:00:00 AM ICT,0.0
03-Feb-26 4:30:00 AM ICT,0.0
03-Feb-26 5:00:00 AM ICT,0.0
03-Feb-26 5:30:00 AM ICT,0.0
03-Feb-26 6:00:00 AM ICT,0.0
03-Feb-26 6:30:00 AM ICT,0.0
03-Feb-26 7:00:00 AM ICT,0.0
03-Feb-26 7:30:00 AM ICT,0.0
03-Feb-26 8:00:00 AM ICT,0.0
03-Feb-26 8:30:00 AM ICT,0.0
03-Feb-26 9:00:00 AM ICT,0.0
03-Feb-26 9:30:00 AM ICT,0.0
03-Feb-26 10:00:00 AM ICT,0.0
03-Feb-26 10:30:00 AM ICT,0.0
03-Feb-26 11:00:00 AM ICT,0.0
03-Feb-26 11:30:00 AM ICT,0.0
03-Feb-26 12:00:00 PM ICT,0.0
03-Feb-26 12:30:00 PM ICT,0.0
03-Feb-26 1:00:00 PM ICT,0.0
03-Feb-26 1:30:00 PM ICT,0.0
03-Feb-26 2:00:00 PM ICT,0.0
03-Feb-26 2:30:00 PM ICT,48.6
03-Feb-26 3:00:00 PM ICT,48.6
03-Feb-26 3:30:00 PM ICT,24.4
03-Feb-26 4:00:00 PM ICT,0.0
03-Feb-26 4:30:00 PM ICT,0.0
03-Feb-26 5:00:00 PM ICT,0.0
03-Feb-26 5:30:00 PM ICT,0.0
03-Feb-26 6:00:00 PM ICT,0.0
03-Feb-26 6:30:00 PM ICT,0.0
03-Feb-26 7:00:00 PM ICT,0.0
03-Feb-26 7:30:00 PM ICT,0.0
03-Feb-26 8:00:00 PM ICT,0.0
03-Feb-26 8:30:00 PM ICT,0.0
03-Feb-26 9:00:00 PM ICT,0.0
03-Feb-26 9:30:00 PM ICT,0.0
03-Feb-26 10:00:00 PM ICT,0.0
03-Feb-26 10:30:00 PM ICT,0.0
03-Feb-26 11:00:00 PM ICT,0.0
03-Feb-26 11:30:00 PM ICT,0.0
04-Feb-26 12:00:00 AM ICT,0.0
04-Feb-26 12:30:00 AM ICT,0.0
04-Feb-26 1:00:00 AM ICT,0.0
04-Feb-26 1:30:00 AM ICT,0.0
04-Feb-26 2:00:00 AM ICT,0.0
04-Feb-26 2:30:00 AM ICT,0.0
04-Feb-26 3:00:00 AM ICT,0.0
04-Feb-26 3:30:00 AM ICT,0.0
04-Feb-26 4:00:00 AM ICT,0.0
04-Feb-26 4:30:00 AM ICT,0.0
04-Feb-26 5:00:00 AM ICT,0.0
04-Feb-26 5:30:00 AM ICT,0.0
04-Feb-26 6:00:00 AM ICT,0.0
04-Feb-26 6:30:00 AM ICT,0.0
04-Feb-26 7:00:00 AM ICT,0.0
04-Feb-26 7:30:00 AM ICT,0.0
04-Feb-26 8:00:00 AM ICT,0.0
04-Feb-26 8:30:00 AM ICT,0.0
04-Feb-26 9:00:00 AM ICT,0.0
04-Feb-26 9:30:00 AM ICT,0.0
04-Feb-26 10:00:00 AM ICT,0.0
04-Feb-26 10:30:00 AM ICT,0.0
04-Feb-26 11:00:00 AM ICT,0.0
04-Feb-26 11:30:00 AM ICT,0.0
04-Feb-26 12:00:00 PM ICT,0.0
04-Feb-26 12:30:00 PM ICT,0.0
04-Feb-26 1:00:00 PM ICT,0.0
04-Feb-26 1:30:00 PM ICT,0.0
04-Feb-26 2:00:00 PM ICT,0.0
04-Feb-26 2:30:00 PM ICT,0.0
04-Feb-26 3:00:00 PM ICT,0.0
04-Feb-26 3:30:00 PM ICT,0.0
04-Feb-26 4:00:00 PM ICT,24.3
04-Feb-26 4:30:00 PM ICT,48.5
04-Feb-26 5:00:00 PM ICT,48.6
04-Feb-26 5:30:00 PM ICT,48.1
04-Feb-26 6:00:00 PM ICT,48.4
04-Feb-26 6:30:00 PM ICT,48.1
04-Feb-26 7:00:00 PM ICT,48.6
04-Feb-26 7:30:00 PM ICT,49.0
04-Feb-26 8:00:00 PM ICT,48.6
04-Feb-26 8:30:00 PM ICT,48.4
04-Feb-26 9:00:00 PM ICT,48.8
04-Feb-26 9:30:00 PM ICT,49.0
04-Feb-26 10:00:00 PM ICT,48.8
04-Feb-26 10:30:00 PM ICT,48.9
04-Feb-26 11:00:00 PM ICT,49.0
04-Feb-26 11:30:00 PM ICT,49.0
05-Feb-26 12:00:00 AM ICT,49.0
05-Feb-26 12:30:00 AM ICT,49.1
05-Feb-26 1:00:00 AM ICT,49.1
05-Feb-26 1:30:00 AM ICT,49.1
05-Feb-26 2:00:00 AM ICT,49.3
05-Feb-26 2:30:00 AM ICT,49.0
05-Feb-26 3:00:00 AM ICT,49.1
05-Feb-26 3:30:00 AM ICT,49.0
05-Feb-26 4:00:00 AM ICT,49.0
05-Feb-26 4:30:00 AM ICT,49.1
05-Feb-26 5:00:00 AM ICT,49.1
05-Feb-26 5:30:00 AM ICT,49.0
05-Feb-26 6:00:00 AM ICT,48.9
05-Feb-26 6:30:00 AM ICT,49.3
05-Feb-26 7:00:00 AM ICT,49.1
05-Feb-26 7:30:00 AM ICT,49.0
05-Feb-26 8:00:00 AM ICT,48.9
05-Feb-26 8:30:00 AM ICT,48.9
05-Feb-26 9:00:00 AM ICT,0.0
05-Feb-26 9:30:00 AM ICT,0.0
05-Feb-26 10:00:00 AM ICT,0.0
05-Feb-26 10:30:00 AM ICT,0.0
05-Feb-26 11:00:00 AM ICT,0.0
05-Feb-26 11:30:00 AM ICT,0.0
05-Feb-26 12:00:00 PM ICT,0.0
05-Feb-26 12:30:00 PM ICT,0.0
05-Feb-26 1:00:00 PM ICT,0.0
05-Feb-26 1:30:00 PM ICT,0.0
05-Feb-26 2:00:00 PM ICT,0.0
05-Feb-26 2:30:00 PM ICT,0.0
05-Feb-26 3:00:00 PM ICT,0.0
05-Feb-26 3:30:00 PM ICT,0.0
05-Feb-26 4:00:00 PM ICT,0.0
05-Feb-26 4:30:00 PM ICT,0.0
05-Feb-26 5:00:00 PM ICT,0.0
05-Feb-26 5:30:00 PM ICT,0.0
05-Feb-26 6:00:00 PM ICT,0.0
05-Feb-26 6:30:00 PM ICT,0.0
05-Feb-26 7:00:00 PM ICT,0.0
05-Feb-26 7:30:00 PM ICT,0.0
05-Feb-26 8:00:00 PM ICT,0.0
05-Feb-26 8:30:00 PM ICT,0.0
05-Feb-26 9:00:00 PM ICT,0.0
05-Feb-26 9:30:00 PM ICT,0.0
05-Feb-26 10:00:00 PM ICT,0.0
05-Feb-26 10:30:00 PM ICT,0.0
05-Feb-26 11:00:00 PM ICT,0.0
05-Feb-26 11:30:00 PM ICT,0.0
06-Feb-26 12:00:00 AM ICT,0.0
06-Feb-26 12:30:00 AM ICT,0.0
06-Feb-26 1:00:00 AM ICT,0.0
06-Feb-26 1:30:00 AM ICT,0.0
06-Feb-26 2:00:00 AM ICT,0.0
06-Feb-26 2:30:00 AM ICT,0.0
06-Feb-26 3:00:00 AM ICT,0.0
06-Feb-26 3:30:00 AM ICT,0.0
06-Feb-26 4:00:00 AM ICT,0.0
06-Feb-26 4:30:00 AM ICT,0.0
06-Feb-26 5:00:00 AM ICT,0.0
06-Feb-26 5:30:00 AM ICT,0.0
06-Feb-26 6:00:00 AM ICT,0.0
06-Feb-26 6:30:00 AM ICT,0.0
06-Feb-26 7:00:00 AM ICT,0.0
06-Feb-26 7:30:00 AM ICT,0.0
06-Feb-26 8:00:00 AM ICT,24.8
06-Feb-26 8:30:00 AM ICT,49.4
06-Feb-26 9:00:00 AM ICT,49.1
06-Feb-26 9:30:00 AM ICT,49.0
06-Feb-26 10:00:00 AM ICT,49.1
06-Feb-26 10:30:00 AM ICT,48.9
06-Feb-26 11:00:00 AM ICT,49.0
06-Feb-26 11:30:00 AM ICT,49.0
06-Feb-26 12:00:00 PM ICT,49.1
06-Feb-26 12:30:00 PM ICT,49.1
06-Feb-26 1:00:00 PM ICT,48.9
06-Feb-26 1:30:00 PM ICT,49.0
06-Feb-26 2:00:00 PM ICT,48.9
06-Feb-26 2:30:00 PM ICT,24.4
06-Feb-26 3:00:00 PM ICT,0.0
06-Feb-26 3:30:00 PM ICT,24.5
06-Feb-26 4:00:00 PM ICT,49.0
06-Feb-26 4:30:00 PM ICT,24.6
06-Feb-26 5:00:00 PM ICT,24.8
06-Feb-26 5:30:00 PM ICT,24.5
06-Feb-26 6:00:00 PM ICT,24.6
06-Feb-26 6:30:00 PM ICT,24.5
06-Feb-26 7:00:00 PM ICT,24.6
06-Feb-26 7:30:00 PM ICT,24.6
06-Feb-26 8:00:00 PM ICT,0.0
06-Feb-26 8:30:00 PM ICT,0.0
06-Feb-26 9:00:00 PM ICT,0.0
06-Feb-26 9:30:00 PM ICT,0.0
06-Feb-26 10:00:00 PM ICT,49.3
06-Feb-26 10:30:00 PM ICT,49.4
06-Feb-26 11:00:00 PM ICT,49.4
06-Feb-26 11:30:00 PM ICT,49.5
07-Feb-26 12:00:00 AM ICT,49.5
07-Feb-26 12:30:00 AM ICT,49.5
07-Feb-26 1:00:00 AM ICT,49.4
07-Feb-26 1:30:00 AM ICT,49.3
07-Feb-26 2:00:00 AM ICT,49.3
07-Feb-26 2:30:00 AM ICT,49.1
07-Feb-26 3:00:00 AM ICT,49.3
07-Feb-26 3:30:00 AM ICT,49.3
07-Feb-26 4:00:00 AM ICT,24.6
07-Feb-26 4:30:00 AM ICT,0.0
07-Feb-26 5:00:00 AM ICT,0.0
07-Feb-26 5:30:00 AM ICT,0.0
07-Feb-26 6:00:00 AM ICT,0.0
07-Feb-26 6:30:00 AM ICT,0.0
07-Feb-26 7:00:00 AM ICT,0.0
07-Feb-26 7:30:00 AM ICT,0.0
07-Feb-26 8:00:00 AM ICT,0.0
07-Feb-26 8:30:00 AM ICT,0.0
07-Feb-26 9:00:00 AM ICT,0.0
07-Feb-26 9:30:00 AM ICT,0.0
07-Feb-26 10:00:00 AM ICT,0.0
07-Feb-26 10:30:00 AM ICT,0.0
07-Feb-26 11:00:00 AM ICT,0.0
07-Feb-26 11:30:00 AM ICT,0.0
07-Feb-26 12:00:00 PM ICT,0.0
07-Feb-26 12:30:00 PM ICT,0.0
07-Feb-26 1:00:00 PM ICT,0.0
07-Feb-26 1:30:00 PM ICT,0.0
07-Feb-26 2:00:00 PM ICT,0.0
07-Feb-26 2:30:00 PM ICT,0.0
07-Feb-26 3:00:00 PM ICT,0.0
07-Feb-26 3:30:00 PM ICT,0.0
07-Feb-26 4:00:00 PM ICT,0.0
07-Feb-26 4:30:00 PM ICT,0.0
07-Feb-26 5:00:00 PM ICT,0.0
07-Feb-26 5:30:00 PM ICT,0.0
07-Feb-26 6:00:00 PM ICT,0.0
07-Feb-26 6:30:00 PM ICT,24.8
07-Feb-26 7:00:00 PM ICT,3.0
07-Feb-26 7:30:00 PM ICT,0.0
07-Feb-26 8:00:00 PM ICT,24.5
07-Feb-26 8:30:00 PM ICT,49.0
07-Feb-26 9:00:00 PM ICT,49.3
07-Feb-26 9:30:00 PM ICT,24.6
07-Feb-26 10:00:00 PM ICT,0.0
07-Feb-26 10:30:00 PM ICT,24.6
07-Feb-26 11:00:00 PM ICT,0.0
07-Feb-26 11:30:00 PM ICT,0.0
08-Feb-26 12:00:00 AM ICT,0.0
08-Feb-26 12:30:00 AM ICT,0.0
08-Feb-26 1:00:00 AM ICT,0.0
08-Feb-26 1:30:00 AM ICT,0.0
08-Feb-26 2:00:00 AM ICT,0.0
08-Feb-26 2:30:00 AM ICT,0.0
08-Feb-26 3:00:00 AM ICT,0.0
08-Feb-26 3:30:00 AM ICT,0.0
08-Feb-26 4:00:00 AM ICT,0.0
08-Feb-26 4:30:00 AM ICT,0.0
08-Feb-26 5:00:00 AM ICT,0.0
08-Feb-26 5:30:00 AM ICT,0.0
08-Feb-26 6:00:00 AM ICT,0.0
08-Feb-26 6:30:00 AM ICT,0.0
08-Feb-26 7:00:00 AM ICT,0.0
08-Feb-26 7:30:00 AM ICT,0.0
08-Feb-26 8:00:00 AM ICT,0.0
08-Feb-26 8:30:00 AM ICT,49.6
08-Feb-26 9:00:00 AM ICT,24.6
08-Feb-26 9:30:00 AM ICT,0.0
08-Feb-26 10:00:00 AM ICT,24.5
08-Feb-26 10:30:00 AM ICT,24.6
08-Feb-26 11:00:00 AM ICT,49.0
08-Feb-26 11:30:00 AM ICT,48.9
08-Feb-26 12:00:00 PM ICT,49.0
08-Feb-26 12:30:00 PM ICT,49.1
08-Feb-26 1:00:00 PM ICT,49.1
08-Feb-26 1:30:00 PM ICT,0.0
08-Feb-26 2:00:00 PM ICT,0.0
08-Feb-26 2:30:00 PM ICT,0.0
08-Feb-26 3:00:00 PM ICT,0.0
08-Feb-26 3:30:00 PM ICT,0.0
08-Feb-26 4:00:00 PM ICT,0.0
08-Feb-26 4:30:00 PM ICT,0.0
08-Feb-26 5:00:00 PM ICT,0.0
08-Feb-26 5:30:00 PM ICT,0.0
08-Feb-26 6:00:00 PM ICT,0.0
08-Feb-26 6:30:00 PM ICT,0.0
08-Feb-26 7:00:00 PM ICT,0.0
08-Feb-26 7:30:00 PM ICT,0.0
08-Feb-26 8:00:00 PM ICT,0.0
08-Feb-26 8:30:00 PM ICT,0.0
08-Feb-26 9:00:00 PM ICT,0.0
08-Feb-26 9:30:00 PM ICT,0.0
08-Feb-26 10:00:00 PM ICT,0.0
08-Feb-26 10:30:00 PM ICT,0.0
08-Feb-26 11:00:00 PM ICT,0.0
08-Feb-26 11:30:00 PM ICT,0.0
09-Feb-26 12:00:00 AM ICT,0.0
09-Feb-26 12:30:00 AM ICT,0.0
09-Feb-26 1:00:00 AM ICT,0.0
09-Feb-26 1:30:00 AM ICT,0.0
09-Feb-26 2:00:00 AM ICT,0.0
09-Feb-26 2:30:00 AM ICT,0.0
09-Feb-26 3:00:00 AM ICT,0.0
09-Feb-26 3:30:00 AM ICT,0.0
09-Feb-26 4:00:00 AM ICT,0.0
09-Feb-26 4:30:00 AM ICT,0.0
09-Feb-26 5:00:00 AM ICT,0.0
09-Feb-26 5:30:00 AM ICT,0.0
09-Feb-26 6:00:00 AM ICT,0.0
09-Feb-26 6:30:00 AM ICT,0.0
09-Feb-26 7:00:00 AM ICT,0.0
09-Feb-26 7:30:00 AM ICT,0.0
09-Feb-26 8:00:00 AM ICT,0.0
09-Feb-26 8:30:00 AM ICT,0.0
09-Feb-26 9:00:00 AM ICT,0.0
09-Feb-26 9:30:00 AM ICT,0.0
09-Feb-26 10:00:00 AM ICT,0.0
09-Feb-26 10:30:00 AM ICT,0.0
09-Feb-26 11:00:00 AM ICT,24.6
09-Feb-26 11:30:00 AM ICT,24.6
09-Feb-26 12:00:00 PM ICT,24.9
09-Feb-26 12:30:00 PM ICT,0.0
09-Feb-26 1:00:00 PM ICT,0.0
09-Feb-26 1:30:00 PM ICT,0.0
09-Feb-26 2:00:00 PM ICT,0.0
09-Feb-26 2:30:00 PM ICT,0.0
09-Feb-26 3:00:00 PM ICT,0.0
09-Feb-26 3:30:00 PM ICT,0.0
09-Feb-26 4:00:00 PM ICT,0.0
09-Feb-26 4:30:00 PM ICT,0.0
09-Feb-26 5:00:00 PM ICT,0.0
09-Feb-26 5:30:00 PM ICT,0.0
09-Feb-26 6:00:00 PM ICT,0.0
09-Feb-26 6:30:00 PM ICT,0.0
09-Feb-26 7:00:00 PM ICT,0.0
09-Feb-26 7:30:00 PM ICT,0.0
09-Feb-26 8:00:00 PM ICT,0.0
09-Feb-26 8:30:00 PM ICT,0.0
09-Feb-26 9:00:00 PM ICT,0.0
09-Feb-26 9:30:00 PM ICT,0.0
09-Feb-26 10:00:00 PM ICT,0.0
09-Feb-26 10:30:00 PM ICT,0.0
09-Feb-26 11:00:00 PM ICT,0.0
09-Feb-26 11:30:00 PM ICT,0.0
10-Feb-26 12:00:00 AM ICT,0.0
10-Feb-26 12:30:00 AM ICT,0.0
10-Feb-26 1:00:00 AM ICT,0.0
10-Feb-26 1:30:00 AM ICT,0.0
10-Feb-26 2:00:00 AM ICT,0.0
10-Feb-26 2:30:00 AM ICT,0.0
10-Feb-26 3:00:00 AM ICT,0.0
10-Feb-26 3:30:00 AM ICT,0.0
10-Feb-26 4:00:00 AM ICT,0.0
10-Feb-26 4:30:00 AM ICT,0.0
10-Feb-26 5:00:00 AM ICT,0.0
10-Feb-26 5:30:00 AM ICT,0.0
10-Feb-26 6:00:00 AM ICT,0.0
10-Feb-26 6:30:00 AM ICT,0.0
10-Feb-26 7:00:00 AM ICT,0.0
10-Feb-26 7:30:00 AM ICT,0.0
10-Feb-26 8:00:00 AM ICT,0.0
10-Feb-26 8:30:00 AM ICT,0.0
10-Feb-26 9:00:00 AM ICT,0.0
10-Feb-26 9:30:00 AM ICT,0.0
10-Feb-26 10:00:00 AM ICT,0.0
10-Feb-26 10:30:00 AM ICT,0.0
10-Feb-26 11:00:00 AM ICT,0.0
10-Feb-26 11:30:00 AM ICT,0.0
10-Feb-26 12:00:00 PM ICT,0.0
10-Feb-26 12:30:00 PM ICT,0.0
10-Feb-26 1:00:00 PM ICT,0.0
10-Feb-26 1:30:00 PM ICT,0.0
10-Feb-26 2:00:00 PM ICT,0.0
10-Feb-26 2:30:00 PM ICT,0.0
10-Feb-26 3:00:00 PM ICT,0.0
10-Feb-26 3:30:00 PM ICT,0.0
10-Feb-26 4:00:00 PM ICT,0.0
10-Feb-26 4:30:00 PM ICT,0.0
10-Feb-26 5:00:00 PM ICT,0.0
10-Feb-26 5:30:00 PM ICT,0.0
10-Feb-26 6:00:00 PM ICT,0.0
10-Feb-26 6:30:00 PM ICT,0.0
10-Feb-26 7:00:00 PM ICT,0.0
10-Feb-26 7:30:00 PM ICT,0.0
10-Feb-26 8:00:00 PM ICT,0.0
10-Feb-26 8:30:00 PM ICT,49.1
10-Feb-26 9:00:00 PM ICT,49.0
10-Feb-26 9:30:00 PM ICT,49.0
10-Feb-26 10:00:00 PM ICT,48.9
10-Feb-26 10:30:00 PM ICT,49.1
10-Feb-26 11:00:00 PM ICT,0.0
10-Feb-26 11:30:00 PM ICT,0.0
11-Feb-26 12:00:00 AM ICT,0.0
11-Feb-26 12:30:00 AM ICT,0.0
11-Feb-26 1:00:00 AM ICT,0.0
11-Feb-26 1:30:00 AM ICT,0.0
11-Feb-26 2:00:00 AM ICT,0.0
11-Feb-26 2:30:00 AM ICT,0.0
11-Feb-26 3:00:00 AM ICT,0.0
11-Feb-26 3:30:00 AM ICT,0.0
11-Feb-26 4:00:00 AM ICT,0.0
11-Feb-26 4:30:00 AM ICT,0.0
11-Feb-26 5:00:00 AM ICT,0.0
11-Feb-26 5:30:00 AM ICT,0.0
11-Feb-26 6:00:00 AM ICT,0.0
11-Feb-26 6:30:00 AM ICT,0.0
11-Feb-26 7:00:00 AM ICT,0.0
11-Feb-26 7:30:00 AM ICT,0.0
11-Feb-26 8:00:00 AM ICT,0.0
11-Feb-26 8:30:00 AM ICT,0.0
11-Feb-26 9:00:00 AM ICT,0.0
11-Feb-26 9:30:00 AM ICT,0.0
11-Feb-26 10:00:00 AM ICT,0.0
11-Feb-26 10:30:00 AM ICT,0.0
11-Feb-26 11:00:00 AM ICT,0.0
11-Feb-26 11:30:00 AM ICT,0.0
11-Feb-26 12:00:00 PM ICT,0.0
11-Feb-26 12:30:00 PM ICT,0.0
11-Feb-26 1:00:00 PM ICT,0.0
11-Feb-26 1:30:00 PM ICT,0.0
11-Feb-26 2:00:00 PM ICT,0.0
11-Feb-26 2:30:00 PM ICT,0.0
11-Feb-26 3:00:00 PM ICT,0.0
11-Feb-26 3:30:00 PM ICT,0.0
11-Feb-26 4:00:00 PM ICT,0.0
11-Feb-26 4:30:00 PM ICT,0.0
11-Feb-26 5:00:00 PM ICT,0.0
11-Feb-26 5:30:00 PM ICT,0.0
11-Feb-26 6:00:00 PM ICT,0.0
11-Feb-26 6:30:00 PM ICT,0.0
11-Feb-26 7:00:00 PM ICT,0.0
11-Feb-26 7:30:00 PM ICT,0.0
11-Feb-26 8:00:00 PM ICT,0.0
11-Feb-26 8:30:00 PM ICT,0.0
11-Feb-26 9:00:00 PM ICT,0.0
11-Feb-26 9:30:00 PM ICT,0.0
11-Feb-26 10:00:00 PM ICT,0.0
11-Feb-26 10:30:00 PM ICT,0.0
11-Feb-26 11:00:00 PM ICT,0.0
11-Feb-26 11:30:00 PM ICT,0.0
12-Feb-26 12:00:00 AM ICT,0.0
12-Feb-26 12:30:00 AM ICT,0.0
12-Feb-26 1:00:00 AM ICT,0.0
12-Feb-26 1:30:00 AM ICT,0.0
12-Feb-26 2:00:00 AM ICT,0.0
12-Feb-26 2:30:00 AM ICT,0.0
12-Feb-26 3:00:00 AM ICT,0.0
12-Feb-26 3:30:00 AM ICT,0.0
12-Feb-26 4:00:00 AM ICT,0.0
12-Feb-26 4:30:00 AM ICT,0.0
12-Feb-26 5:00:00 AM ICT,0.0
12-Feb-26 5:30:00 AM ICT,0.0
12-Feb-26 6:00:00 AM ICT,0.0
12-Feb-26 6:30:00 AM ICT,0.0
12-Feb-26 7:00:00 AM ICT,0.0
12-Feb-26 7:30:00 AM ICT,0.0
12-Feb-26 8:00:00 AM ICT,0.0
12-Feb-26 8:30:00 AM ICT,0.0
12-Feb-26 9:00:00 AM ICT,0.0
12-Feb-26 9:30:00 AM ICT,0.0
12-Feb-26 10:00:00 AM ICT,0.0
12-Feb-26 10:30:00 AM ICT,0.0
12-Feb-26 11:00:00 AM ICT,0.0
12-Feb-26 11:30:00 AM ICT,0.0
12-Feb-26 12:00:00 PM ICT,0.0
12-Feb-26 12:30:00 PM ICT,0.0
12-Feb-26 1:00:00 PM ICT,0.0
12-Feb-26 1:30:00 PM ICT,0.0
12-Feb-26 2:00:00 PM ICT,0.0
12-Feb-26 2:30:00 PM ICT,0.0
12-Feb-26 3:00:00 PM ICT,0.0
12-Feb-26 3:30:00 PM ICT,0.0
12-Feb-26 4:00:00 PM ICT,0.0
12-Feb-26 4:30:00 PM ICT,0.0
12-Feb-26 5:00:00 PM ICT,0.0
12-Feb-26 5:30:00 PM ICT,0.0
12-Feb-26 6:00:00 PM ICT,0.0
12-Feb-26 6:30:00 PM ICT,0.0
12-Feb-26 7:00:00 PM ICT,0.0
12-Feb-26 7:30:00 PM ICT,0.0
12-Feb-26 8:00:00 PM ICT,0.0
12-Feb-26 8:30:00 PM ICT,0.0
12-Feb-26 9:00:00 PM ICT,0.0
12-Feb-26 9:30:00 PM ICT,0.0
12-Feb-26 10:00:00 PM ICT,0.0
12-Feb-26 10:30:00 PM ICT,0.0
12-Feb-26 11:00:00 PM ICT,0.0
12-Feb-26 11:30:00 PM ICT,0.0
13-Feb-26 12:00:00 AM ICT,0.0
13-Feb-26 12:30:00 AM ICT,0.0
13-Feb-26 1:00:00 AM ICT,0.0
13-Feb-26 1:30:00 AM ICT,0.0
13-Feb-26 2:00:00 AM ICT,0.0
13-Feb-26 2:30:00 AM ICT,0.0
13-Feb-26 3:00:00 AM ICT,0.0
13-Feb-26 3:30:00 AM ICT,0.0
13-Feb-26 4:00:00 AM ICT,0.0
13-Feb-26 4:30:00 AM ICT,0.0
13-Feb-26 5:00:00 AM ICT,0.0
13-Feb-26 5:30:00 AM ICT,0.0
13-Feb-26 6:00:00 AM ICT,0.0
13-Feb-26 6:30:00 AM ICT,0.0
13-Feb-26 7:00:00 AM ICT,0.0
13-Feb-26 7:30:00 AM ICT,0.0
13-Feb-26 8:00:00 AM ICT,0.0
13-Feb-26 8:30:00 AM ICT,0.0
13-Feb-26 9:00:00 AM ICT,0.0
13-Feb-26 9:30:00 AM ICT,0.0
13-Feb-26 10:00:00 AM ICT,3.7
13-Feb-26 10:30:00 AM ICT,24.6
13-Feb-26 11:00:00 AM ICT,24.6
13-Feb-26 11:30:00 AM ICT,24.9
13-Feb-26 12:00:00 PM ICT,0.0
13-Feb-26 12:30:00 PM ICT,0.0
13-Feb-26 1:00:00 PM ICT,24.6
13-Feb-26 1:30:00 PM ICT,24.5
13-Feb-26 2:00:00 PM ICT,24.8
13-Feb-26 2:30:00 PM ICT,24.5
13-Feb-26 3:00:00 PM ICT,24.5
13-Feb-26 3:30:00 PM ICT,49.1
13-Feb-26 4:00:00 PM ICT,24.5
13-Feb-26 4:30:00 PM ICT,0.0
13-Feb-26 5:00:00 PM ICT,0.0
13-Feb-26 5:30:00 PM ICT,0.0
13-Feb-26 6:00:00 PM ICT,0.0
13-Feb-26 6:30:00 PM ICT,0.0
13-Feb-26 7:00:00 PM ICT,0.0
13-Feb-26 7:30:00 PM ICT,0.0
13-Feb-26 8:00:00 PM ICT,0.0
13-Feb-26 8:30:00 PM ICT,0.0
13-Feb-26 9:00:00 PM ICT,0.0
13-Feb-26 9:30:00 PM ICT,0.0
13-Feb-26 10:00:00 PM ICT,0.0
13-Feb-26 10:30:00 PM ICT,0.0
13-Feb-26 11:00:00 PM ICT,0.0
13-Feb-26 11:30:00 PM ICT,0.0
14-Feb-26 12:00:00 AM ICT,0.0
14-Feb-26 12:30:00 AM ICT,0.0
14-Feb-26 1:00:00 AM ICT,0.0
14-Feb-26 1:30:00 AM ICT,0.0
14-Feb-26 2:00:00 AM ICT,0.0
14-Feb-26 2:30:00 AM ICT,49.6
14-Feb-26 3:00:00 AM ICT,0.0
14-Feb-26 3:30:00 AM ICT,0.0
14-Feb-26 4:00:00 AM ICT,49.6
14-Feb-26 4:30:00 AM ICT,49.5
14-Feb-26 5:00:00 AM ICT,49.4
14-Feb-26 5:30:00 AM ICT,49.3
14-Feb-26 6:00:00 AM ICT,24.6
14-Feb-26 6:30:00 AM ICT,49.8
14-Feb-26 7:00:00 AM ICT,49.6
14-Feb-26 7:30:00 AM ICT,49.5
14-Feb-26 8:00:00 AM ICT,49.4
14-Feb-26 8:30:00 AM ICT,49.3
14-Feb-26 9:00:00 AM ICT,49.3
14-Feb-26 9:30:00 AM ICT,49.1
14-Feb-26 10:00:00 AM ICT,49.3
14-Feb-26 10:30:00 AM ICT,24.6
14-Feb-26 11:00:00 AM ICT,0.0
14-Feb-26 11:30:00 AM ICT,0.0
14-Feb-26 12:00:00 PM ICT,0.0
14-Feb-26 12:30:00 PM ICT,0.0
14-Feb-26 1:00:00 PM ICT,0.0
14-Feb-26 1:30:00 PM ICT,0.0
14-Feb-26 2:00:00 PM ICT,0.0
14-Feb-26 2:30:00 PM ICT,0.0
14-Feb-26 3:00:00 PM ICT,0.0
14-Feb-26 3:30:00 PM ICT,0.0
14-Feb-26 4:00:00 PM ICT,0.0
14-Feb-26 4:30:00 PM ICT,0.0
14-Feb-26 5:00:00 PM ICT,0.0
14-Feb-26 5:30:00 PM ICT,0.0
14-Feb-26 6:00:00 PM ICT,0.0
14-Feb-26 6:30:00 PM ICT,0.0
14-Feb-26 7:00:00 PM ICT,0.0
14-Feb-26 7:30:00 PM ICT,0.0
14-Feb-26 8:00:00 PM ICT,0.0
14-Feb-26 8:30:00 PM ICT,0.0
14-Feb-26 9:00:00 PM ICT,0.0
14-Feb-26 9:30:00 PM ICT,0.0
14-Feb-26 10:00:00 PM ICT,0.0
14-Feb-26 10:30:00 PM ICT,0.0
14-Feb-26 11:00:00 PM ICT,0.0
14-Feb-26 11:30:00 PM ICT,0.0
15-Feb-26 12:00:00 AM ICT,0.0
15-Feb-26 12:30:00 AM ICT,0.0
15-Feb-26 1:00:00 AM ICT,0.0
15-Feb-26 1:30:00 AM ICT,0.0
15-Feb-26 2:00:00 AM ICT,0.0
15-Feb-26 2:30:00 AM ICT,0.0
15-Feb-26 3:00:00 AM ICT,0.0
15-Feb-26 3:30:00 AM ICT,0.0
15-Feb-26 4:00:00 AM ICT,0.0
15-Feb-26 4:30:00 AM ICT,0.0
15-Feb-26 5:00:00 AM ICT,0.0
15-Feb-26 5:30:00 AM ICT,0.0
15-Feb-26 6:00:00 AM ICT,0.0
15-Feb-26 6:30:00 AM ICT,0.0
15-Feb-26 7:00:00 AM ICT,0.0
15-Feb-26 7:30:00 AM ICT,0.0
15-Feb-26 8:00:00 AM ICT,0.0
15-Feb-26 8:30:00 AM ICT,0.0
15-Feb-26 9:00:00 AM ICT,0.0
15-Feb-26 9:30:00 AM ICT,0.0
15-Feb-26 10:00:00 AM ICT,0.0
15-Feb-26 10:30:00 AM ICT,0.0
15-Feb-26 11:00:00 AM ICT,0.0
15-Feb-26 11:30:00 AM ICT,0.0
15-Feb-26 12:00:00 PM ICT,0.0
15-Feb-26 12:30:00 PM ICT,0.0
15-Feb-26 1:00:00 PM ICT,0.0
15-Feb-26 1:30:00 PM ICT,0.0
15-Feb-26 2:00:00 PM ICT,0.0
15-Feb-26 2:30:00 PM ICT,0.0
15-Feb-26 3:00:00 PM ICT,0.0
15-Feb-26 3:30:00 PM ICT,0.0
15-Feb-26 4:00:00 PM ICT,0.0
15-Feb-26 4:30:00 PM ICT,0.0
15-Feb-26 5:00:00 PM ICT,0.0
15-Feb-26 5:30:00 PM ICT,0.0
15-Feb-26 6:00:00 PM ICT,0.0
15-Feb-26 6:30:00 PM ICT,0.0
15-Feb-26 7:00:00 PM ICT,0.0
15-Feb-26 7:30:00 PM ICT,0.0
15-Feb-26 8:00:00 PM ICT,15.1
15-Feb-26 8:30:00 PM ICT,30.0
15-Feb-26 9:00:00 PM ICT,15.0
15-Feb-26 9:30:00 PM ICT,30.0
15-Feb-26 10:00:00 PM ICT,0.0
15-Feb-26 10:30:00 PM ICT,31.3
15-Feb-26 11:00:00 PM ICT,15.6
15-Feb-26 11:30:00 PM ICT,31.9
16-Feb-26 12:00:00 AM ICT,31.4
16-Feb-26 12:30:00 AM ICT,15.9
16-Feb-26 1:00:00 AM ICT,31.1
16-Feb-26 1:30:00 AM ICT,15.6
16-Feb-26 2:00:00 AM ICT,31.6
16-Feb-26 2:30:00 AM ICT,31.3
16-Feb-26 3:00:00 AM ICT,0.0
16-Feb-26 3:30:00 AM ICT,31.3
16-Feb-26 4:00:00 AM ICT,15.7
16-Feb-26 4:30:00 AM ICT,0.0
16-Feb-26 5:00:00 AM ICT,0.0
16-Feb-26 5:30:00 AM ICT,0.0
16-Feb-26 6:00:00 AM ICT,0.0
16-Feb-26 6:30:00 AM ICT,31.3
16-Feb-26 7:00:00 AM ICT,15.8
16-Feb-26 7:30:00 AM ICT,15.7
16-Feb-26 8:00:00 AM ICT,0.0
16-Feb-26 8:30:00 AM ICT,0.0
16-Feb-26 9:00:00 AM ICT,0.0
16-Feb-26 9:30:00 AM ICT,0.0
16-Feb-26 10:00:00 AM ICT,0.0
16-Feb-26 10:30:00 AM ICT,31.4
16-Feb-26 11:00:00 AM ICT,15.6
16-Feb-26 11:30:00 AM ICT,15.7
16-Feb-26 12:00:00 PM ICT,0.0
16-Feb-26 12:30:00 PM ICT,0.0
16-Feb-26 1:00:00 PM ICT,0.0
16-Feb-26 1:30:00 PM ICT,0.0
16-Feb-26 2:00:00 PM ICT,0.0
16-Feb-26 2:30:00 PM ICT,0.0
16-Feb-26 3:00:00 PM ICT,0.0
16-Feb-26 3:30:00 PM ICT,0.0
16-Feb-26 4:00:00 PM ICT,0.0
16-Feb-26 4:30:00 PM ICT,4.9
16-Feb-26 5:00:00 PM ICT,0.0
16-Feb-26 5:30:00 PM ICT,9.8
16-Feb-26 6:00:00 PM ICT,9.8
16-Feb-26 6:30:00 PM ICT,0.0
16-Feb-26 7:00:00 PM ICT,9.8
16-Feb-26 7:30:00 PM ICT,9.9
16-Feb-26 8:00:00 PM ICT,0.0
16-Feb-26 8:30:00 PM ICT,16.4
16-Feb-26 9:00:00 PM ICT,16.4
16-Feb-26 9:30:00 PM ICT,32.8
16-Feb-26 10:00:00 PM ICT,16.4
16-Feb-26 10:30:00 PM ICT,32.6
16-Feb-26 11:00:00 PM ICT,16.4
16-Feb-26 11:30:00 PM ICT,0.0
17-Feb-26 12:00:00 AM ICT,0.0
17-Feb-26 12:30:00 AM ICT,0.0
17-Feb-26 1:00:00 AM ICT,0.0
17-Feb-26 1:30:00 AM ICT,0.0
17-Feb-26 2:00:00 AM ICT,16.5
17-Feb-26 2:30:00 AM ICT,16.5
17-Feb-26 3:00:00 AM ICT,16.4
17-Feb-26 3:30:00 AM ICT,32.8
17-Feb-26 4:00:00 AM ICT,16.4
17-Feb-26 4:30:00 AM ICT,32.8
17-Feb-26 5:00:00 AM ICT,32.9
17-Feb-26 5:30:00 AM ICT,15.6
17-Feb-26 6:00:00 AM ICT,31.5
17-Feb-26 6:30:00 AM ICT,15.8
17-Feb-26 7:00:00 AM ICT,31.5
17-Feb-26 7:30:00 AM ICT,15.8
17-Feb-26 8:00:00 AM ICT,15.7
17-Feb-26 8:30:00 AM ICT,15.7
17-Feb-26 9:00:00 AM ICT,15.6
17-Feb-26 9:30:00 AM ICT,0.0
17-Feb-26 10:00:00 AM ICT,40.1
17-Feb-26 10:30:00 AM ICT,48.8
17-Feb-26 11:00:00 AM ICT,48.8
17-Feb-26 11:30:00 AM ICT,24.6
17-Feb-26 12:00:00 PM ICT,0.0
17-Feb-26 12:30:00 PM ICT,0.0
17-Feb-26 1:00:00 PM ICT,0.0
17-Feb-26 1:30:00 PM ICT,0.0
17-Feb-26 2:00:00 PM ICT,0.0
17-Feb-26 2:30:00 PM ICT,0.0
17-Feb-26 3:00:00 PM ICT,0.0
17-Feb-26 3:30:00 PM ICT,0.0
17-Feb-26 4:00:00 PM ICT,0.0
17-Feb-26 4:30:00 PM ICT,0.0
17-Feb-26 5:00:00 PM ICT,0.0
17-Feb-26 5:30:00 PM ICT,0.0
17-Feb-26 6:00:00 PM ICT,0.0
17-Feb-26 6:30:00 PM ICT,0.0
17-Feb-26 7:00:00 PM ICT,0.0
17-Feb-26 7:30:00 PM ICT,0.0
17-Feb-26 8:00:00 PM ICT,0.0
17-Feb-26 8:30:00 PM ICT,0.0
17-Feb-26 9:00:00 PM ICT,0.0
17-Feb-26 9:30:00 PM ICT,0.0
17-Feb-26 10:00:00 PM ICT,0.0
17-Feb-26 10:30:00 PM ICT,0.0
17-Feb-26 11:00:00 PM ICT,0.0
17-Feb-26 11:30:00 PM ICT,0.0
18-Feb-26 12:00:00 AM ICT,0.0
18-Feb-26 12:30:00 AM ICT,0.0
18-Feb-26 1:00:00 AM ICT,0.0
18-Feb-26 1:30:00 AM ICT,0.0
18-Feb-26 2:00:00 AM ICT,0.0
18-Feb-26 2:30:00 AM ICT,0.0
18-Feb-26 3:00:00 AM ICT,0.0
18-Feb-26 3:30:00 AM ICT,0.0
18-Feb-26 4:00:00 AM ICT,0.0
18-Feb-26 4:30:00 AM ICT,0.0
18-Feb-26 5:00:00 AM ICT,0.0
18-Feb-26 5:30:00 AM ICT,0.0
18-Feb-26 6:00:00 AM ICT,0.0
18-Feb-26 6:30:00 AM ICT,0.0
18-Feb-26 7:00:00 AM ICT,0.0
18-Feb-26 7:30:00 AM ICT,0.0
18-Feb-26 8:00:00 AM ICT,0.0
18-Feb-26 8:30:00 AM ICT,0.0
18-Feb-26 9:00:00 AM ICT,29.4
18-Feb-26 9:30:00 AM ICT,14.8
18-Feb-26 10:00:00 AM ICT,14.7
18-Feb-26 10:30:00 AM ICT,14.4
18-Feb-26 11:00:00 AM ICT,0.0
18-Feb-26 11:30:00 AM ICT,30.8
18-Feb-26 12:00:00 PM ICT,15.4
18-Feb-26 12:30:00 PM ICT,15.3
18-Feb-26 1:00:00 PM ICT,15.3
18-Feb-26 1:30:00 PM ICT,0.0
18-Feb-26 2:00:00 PM ICT,0.0
18-Feb-26 2:30:00 PM ICT,0.0
18-Feb-26 3:00:00 PM ICT,0.0
18-Feb-26 3:30:00 PM ICT,0.0
18-Feb-26 4:00:00 PM ICT,0.0
18-Feb-26 4:30:00 PM ICT,0.0
18-Feb-26 5:00:00 PM ICT,0.0
18-Feb-26 5:30:00 PM ICT,0.0
18-Feb-26 6:00:00 PM ICT,0.0
18-Feb-26 6:30:00 PM ICT,0.0
18-Feb-26 7:00:00 PM ICT,0.0
18-Feb-26 7:30:00 PM ICT,0.0
18-Feb-26 8:00:00 PM ICT,0.0
18-Feb-26 8:30:00 PM ICT,0.0
18-Feb-26 9:00:00 PM ICT,0.0
18-Feb-26 9:30:00 PM ICT,0.0
18-Feb-26 10:00:00 PM ICT,0.0
18-Feb-26 10:30:00 PM ICT,0.0
18-Feb-26 11:00:00 PM ICT,0.0
18-Feb-26 11:30:00 PM ICT,0.0
19-Feb-26 12:00:00 AM ICT,0.0
19-Feb-26 12:30:00 AM ICT,0.0
19-Feb-26 1:00:00 AM ICT,0.0
19-Feb-26 1:30:00 AM ICT,0.0
19-Feb-26 2:00:00 AM ICT,0.0
19-Feb-26 2:30:00 AM ICT,0.0
19-Feb-26 3:00:00 AM ICT,0.0
19-Feb-26 3:30:00 AM ICT,0.0
19-Feb-26 4:00:00 AM ICT,0.0
19-Feb-26 4:30:00 AM ICT,0.0
19-Feb-26 5:00:00 AM ICT,0.0
19-Feb-26 5:30:00 AM ICT,0.0
19-Feb-26 6:00:00 AM ICT,0.0
19-Feb-26 6:30:00 AM ICT,0.0
19-Feb-26 7:00:00 AM ICT,0.0
19-Feb-26 7:30:00 AM ICT,0.0
19-Feb-26 8:00:00 AM ICT,0.0
19-Feb-26 8:30:00 AM ICT,0.0
19-Feb-26 9:00:00 AM ICT,0.0
19-Feb-26 9:30:00 AM ICT,0.0
19-Feb-26 10:00:00 AM ICT,0.0
19-Feb-26 10:30:00 AM ICT,0.0
19-Feb-26 11:00:00 AM ICT,0.0
19-Feb-26 11:30:00 AM ICT,0.0
19-Feb-26 12:00:00 PM ICT,0.0
19-Feb-26 12:30:00 PM ICT,0.0
19-Feb-26 1:00:00 PM ICT,0.0
19-Feb-26 1:30:00 PM ICT,0.0
19-Feb-26 2:00:00 PM ICT,0.0
19-Feb-26 2:30:00 PM ICT,0.0
19-Feb-26 3:00:00 PM ICT,0.0
19-Feb-26 3:30:00 PM ICT,0.0
19-Feb-26 4:00:00 PM ICT,0.0
19-Feb-26 4:30:00 PM ICT,0.0
19-Feb-26 5:00:00 PM ICT,0.0
19-Feb-26 5:30:00 PM ICT,0.0
19-Feb-26 6:00:00 PM ICT,0.0
19-Feb-26 6:30:00 PM ICT,0.0
19-Feb-26 7:00:00 PM ICT,0.0
19-Feb-26 7:30:00 PM ICT,0.0
19-Feb-26 8:00:00 PM ICT,0.0
19-Feb-26 8:30:00 PM ICT,0.0
19-Feb-26 9:00:00 PM ICT,0.0
19-Feb-26 9:30:00 PM ICT,0.0
19-Feb-26 10:00:00 PM ICT,0.0
19-Feb-26 10:30:00 PM ICT,0.0
19-Feb-26 11:00:00 PM ICT,0.0
19-Feb-26 11:30:00 PM ICT,0.0
20-Feb-26 12:00:00 AM ICT,0.0
20-Feb-26 12:30:00 AM ICT,0.0
20-Feb-26 1:00:00 AM ICT,0.0
20-Feb-26 1:30:00 AM ICT,0.0
20-Feb-26 2:00:00 AM ICT,0.0
20-Feb-26 2:30:00 AM ICT,0.0
20-Feb-26 3:00:00 AM ICT,0.0
20-Feb-26 3:30:00 AM ICT,0.0
20-Feb-26 4:00:00 AM ICT,0.0
20-Feb-26 4:30:00 AM ICT,0.0
20-Feb-26 5:00:00 AM ICT,0.0
20-Feb-26 5:30:00 AM ICT,0.0
20-Feb-26 6:00:00 AM ICT,0.0
20-Feb-26 6:30:00 AM ICT,0.0
20-Feb-26 7:00:00 AM ICT,14.0
20-Feb-26 7:30:00 AM ICT,14.0
20-Feb-26 8:00:00 AM ICT,27.9
20-Feb-26 8:30:00 AM ICT,14.0
20-Feb-26 9:00:00 AM ICT,14.0
20-Feb-26 9:30:00 AM ICT,0.0
20-Feb-26 10:00:00 AM ICT,0.0
20-Feb-26 10:30:00 AM ICT,0.0
20-Feb-26 11:00:00 AM ICT,27.5
20-Feb-26 11:30:00 AM ICT,14.9
20-Feb-26 12:00:00 PM ICT,14.6
20-Feb-26 12:30:00 PM ICT,14.4
20-Feb-26 1:00:00 PM ICT,0.0
20-Feb-26 1:30:00 PM ICT,28.9
20-Feb-26 2:00:00 PM ICT,14.4
20-Feb-26 2:30:00 PM ICT,14.4
20-Feb-26 3:00:00 PM ICT,28.9
20-Feb-26 3:30:00 PM ICT,14.6
20-Feb-26 4:00:00 PM ICT,14.5
20-Feb-26 4:30:00 PM ICT,29.2
20-Feb-26 5:00:00 PM ICT,0.0
20-Feb-26 5:30:00 PM ICT,0.0
20-Feb-26 6:00:00 PM ICT,0.0
20-Feb-26 6:30:00 PM ICT,0.0
20-Feb-26 7:00:00 PM ICT,0.0
20-Feb-26 7:30:00 PM ICT,0.0
20-Feb-26 8:00:00 PM ICT,0.0
20-Feb-26 8:30:00 PM ICT,0.0
20-Feb-26 9:00:00 PM ICT,0.0
20-Feb-26 9:30:00 PM ICT,0.0
20-Feb-26 10:00:00 PM ICT,0.0
20-Feb-26 10:30:00 PM ICT,0.0
20-Feb-26 11:00:00 PM ICT,0.0
20-Feb-26 11:30:00 PM ICT,0.0
21-Feb-26 12:00:00 AM ICT,0.0
21-Feb-26 12:30:00 AM ICT,0.0
21-Feb-26 1:00:00 AM ICT,0.0
21-Feb-26 1:30:00 AM ICT,0.0
21-Feb-26 2:00:00 AM ICT,0.0
21-Feb-26 2:30:00 AM ICT,0.0
21-Feb-26 3:00:00 AM ICT,0.0
21-Feb-26 3:30:00 AM ICT,0.0
21-Feb-26 4:00:00 AM ICT,0.0
21-Feb-26 4:30:00 AM ICT,0.0
21-Feb-26 5:00:00 AM ICT,0.0
21-Feb-26 5:30:00 AM ICT,0.0
21-Feb-26 6:00:00 AM ICT,0.0
21-Feb-26 6:30:00 AM ICT,0.0
21-Feb-26 7:00:00 AM ICT,0.0
21-Feb-26 7:30:00 AM ICT,0.0
21-Feb-26 8:00:00 AM ICT,0.0
21-Feb-26 8:30:00 AM ICT,0.0
21-Feb-26 9:00:00 AM ICT,0.0
21-Feb-26 9:30:00 AM ICT,0.0
21-Feb-26 10:00:00 AM ICT,0.0
21-Feb-26 10:30:00 AM ICT,0.0
21-Feb-26 11:00:00 AM ICT,0.0
21-Feb-26 11:30:00 AM ICT,0.0
21-Feb-26 12:00:00 PM ICT,0.0
21-Feb-26 12:30:00 PM ICT,0.0
21-Feb-26 1:00:00 PM ICT,0.0
21-Feb-26 1:30:00 PM ICT,0.0
21-Feb-26 2:00:00 PM ICT,0.0
21-Feb-26 2:30:00 PM ICT,0.0
21-Feb-26 3:00:00 PM ICT,0.0
21-Feb-26 3:30:00 PM ICT,0.0
21-Feb-26 4:00:00 PM ICT,0.0
21-Feb-26 4:30:00 PM ICT,0.0
21-Feb-26 5:00:00 PM ICT,0.0
21-Feb-26 5:30:00 PM ICT,0.0
21-Feb-26 6:00:00 PM ICT,0.0
21-Feb-26 6:30:00 PM ICT,0.0
21-Feb-26 7:00:00 PM ICT,0.0
21-Feb-26 7:30:00 PM ICT,0.0
21-Feb-26 8:00:00 PM ICT,0.0
21-Feb-26 8:30:00 PM ICT,0.0
21-Feb-26 9:00:00 PM ICT,0.0
21-Feb-26 9:30:00 PM ICT,0.0
21-Feb-26 10:00:00 PM ICT,0.0
21-Feb-26 10:30:00 PM ICT,0.0
21-Feb-26 11:00:00 PM ICT,0.0
21-Feb-26 11:30:00 PM ICT,0.0
22-Feb-26 12:00:00 AM ICT,0.0
22-Feb-26 12:30:00 AM ICT,0.0
22-Feb-26 1:00:00 AM ICT,0.0
22-Feb-26 1:30:00 AM ICT,0.0
22-Feb-26 2:00:00 AM ICT,0.0
22-Feb-26 2:30:00 AM ICT,0.0
22-Feb-26 3:00:00 AM ICT,0.0
22-Feb-26 3:30:00 AM ICT,0.0
22-Feb-26 4:00:00 AM ICT,0.0
22-Feb-26 4:30:00 AM ICT,0.0
22-Feb-26 5:00:00 AM ICT,0.0
22-Feb-26 5:30:00 AM ICT,0.0
22-Feb-26 6:00:00 AM ICT,0.0
22-Feb-26 6:30:00 AM ICT,0.0
22-Feb-26 7:00:00 AM ICT,0.0
22-Feb-26 7:30:00 AM ICT,0.0
22-Feb-26 8:00:00 AM ICT,0.0
22-Feb-26 8:30:00 AM ICT,0.0
22-Feb-26 9:00:00 AM ICT,0.0
22-Feb-26 9:30:00 AM ICT,0.0
22-Feb-26 11:00:00 AM ICT,0.0
22-Feb-26 11:30:00 AM ICT,0.0
22-Feb-26 12:00:00 PM ICT,0.0
22-Feb-26 12:30:00 PM ICT,0.0
22-Feb-26 1:00:00 PM ICT,0.0
22-Feb-26 1:30:00 PM ICT,0.0
22-Feb-26 2:00:00 PM ICT,0.0
22-Feb-26 2:30:00 PM ICT,0.0
22-Feb-26 3:00:00 PM ICT,0.0
22-Feb-26 3:30:00 PM ICT,0.0
22-Feb-26 4:00:00 PM ICT,0.0
22-Feb-26 4:30:00 PM ICT,0.0
22-Feb-26 5:00:00 PM ICT,0.0
22-Feb-26 5:30:00 PM ICT,0.0
22-Feb-26 6:00:00 PM ICT,0.0
22-Feb-26 6:30:00 PM ICT,0.0
22-Feb-26 7:00:00 PM ICT,0.0
22-Feb-26 7:30:00 PM ICT,0.0
22-Feb-26 8:00:00 PM ICT,0.0
22-Feb-26 8:30:00 PM ICT,0.0
22-Feb-26 9:00:00 PM ICT,0.0
22-Feb-26 9:30:00 PM ICT,0.0
22-Feb-26 10:00:00 PM ICT,0.0
22-Feb-26 10:30:00 PM ICT,0.0
22-Feb-26 11:00:00 PM ICT,0.0
22-Feb-26 11:30:00 PM ICT,0.0
23-Feb-26 12:00:00 AM ICT,0.0
23-Feb-26 12:30:00 AM ICT,0.0
23-Feb-26 1:00:00 AM ICT,0.0
23-Feb-26 1:30:00 AM ICT,0.0
23-Feb-26 2:00:00 AM ICT,0.0
23-Feb-26 2:30:00 AM ICT,0.0
23-Feb-26 3:00:00 AM ICT,0.0
23-Feb-26 3:30:00 AM ICT,0.0
23-Feb-26 4:00:00 AM ICT,0.0
23-Feb-26 4:30:00 AM ICT,0.0
23-Feb-26 5:00:00 AM ICT,0.0
23-Feb-26 5:30:00 AM ICT,0.0
23-Feb-26 6:00:00 AM ICT,0.0
23-Feb-26 6:30:00 AM ICT,0.0
23-Feb-26 7:00:00 AM ICT,0.0
23-Feb-26 7:30:00 AM ICT,0.0
23-Feb-26 8:00:00 AM ICT,0.0
23-Feb-26 8:30:00 AM ICT,0.0
23-Feb-26 9:00:00 AM ICT,0.0
23-Feb-26 9:30:00 AM ICT,0.0
23-Feb-26 10:00:00 AM ICT,0.0
23-Feb-26 10:30:00 AM ICT,0.0
23-Feb-26 11:00:00 AM ICT,0.0
23-Feb-26 11:30:00 AM ICT,0.0
23-Feb-26 12:00:00 PM ICT,0.0
23-Feb-26 12:30:00 PM ICT,0.0
23-Feb-26 1:00:00 PM ICT,0.0
23-Feb-26 1:30:00 PM ICT,0.0
23-Feb-26 2:00:00 PM ICT,0.0
23-Feb-26 2:30:00 PM ICT,0.0
23-Feb-26 3:00:00 PM ICT,0.0
23-Feb-26 3:30:00 PM ICT,0.0
23-Feb-26 4:00:00 PM ICT,0.0
23-Feb-26 4:30:00 PM ICT,0.0
23-Feb-26 5:00:00 PM ICT,0.0
23-Feb-26 5:30:00 PM ICT,0.0
23-Feb-26 6:00:00 PM ICT,0.0
23-Feb-26 6:30:00 PM ICT,0.0
23-Feb-26 7:00:00 PM ICT,0.0
23-Feb-26 7:30:00 PM ICT,0.0
23-Feb-26 8:00:00 PM ICT,0.0
23-Feb-26 8:30:00 PM ICT,0.0
23-Feb-26 9:00:00 PM ICT,0.0
23-Feb-26 9:30:00 PM ICT,0.0
23-Feb-26 10:00:00 PM ICT,0.0
23-Feb-26 10:30:00 PM ICT,0.0
23-Feb-26 11:00:00 PM ICT,0.0
23-Feb-26 11:30:00 PM ICT,0.0
24-Feb-26 12:00:00 AM ICT,0.0
24-Feb-26 12:30:00 AM ICT,0.0
24-Feb-26 1:00:00 AM ICT,0.0
24-Feb-26 1:30:00 AM ICT,0.0
24-Feb-26 2:00:00 AM ICT,0.0
24-Feb-26 2:30:00 AM ICT,0.0
24-Feb-26 3:00:00 AM ICT,0.0
24-Feb-26 3:30:00 AM ICT,0.0
24-Feb-26 4:00:00 AM ICT,0.0
24-Feb-26 4:30:00 AM ICT,0.0
24-Feb-26 5:00:00 AM ICT,0.0
24-Feb-26 5:30:00 AM ICT,0.0
24-Feb-26 6:00:00 AM ICT,0.0
24-Feb-26 6:30:00 AM ICT,0.0
24-Feb-26 7:00:00 AM ICT,0.0
24-Feb-26 7:30:00 AM ICT,0.0
24-Feb-26 8:00:00 AM ICT,0.0
24-Feb-26 8:30:00 AM ICT,0.0
24-Feb-26 9:00:00 AM ICT,0.0
24-Feb-26 9:30:00 AM ICT,0.0
24-Feb-26 10:00:00 AM ICT,0.0
24-Feb-26 10:30:00 AM ICT,0.0
24-Feb-26 11:00:00 AM ICT,0.0
24-Feb-26 11:30:00 AM ICT,0.0
24-Feb-26 12:00:00 PM ICT,0.0
24-Feb-26 12:30:00 PM ICT,0.0
24-Feb-26 1:00:00 PM ICT,0.0
24-Feb-26 1:30:00 PM ICT,0.0
24-Feb-26 2:00:00 PM ICT,0.0
24-Feb-26 2:30:00 PM ICT,10.9
24-Feb-26 3:00:00 PM ICT,10.9
24-Feb-26 3:30:00 PM ICT,0.0
24-Feb-26 4:00:00 PM ICT,10.9
24-Feb-26 4:30:00 PM ICT,10.9
24-Feb-26 5:00:00 PM ICT,10.9
24-Feb-26 5:30:00 PM ICT,10.8
24-Feb-26 6:00:00 PM ICT,11.0
24-Feb-26 6:30:00 PM ICT,10.8
24-Feb-26 7:00:00 PM ICT,12.1
24-Feb-26 7:30:00 PM ICT,24.1
24-Feb-26 8:00:00 PM ICT,12.0
24-Feb-26 8:30:00 PM ICT,0.0
24-Feb-26 9:00:00 PM ICT,11.9
24-Feb-26 9:30:00 PM ICT,24.1
24-Feb-26 10:00:00 PM ICT,0.0
24-Feb-26 10:30:00 PM ICT,0.0
24-Feb-26 11:00:00 PM ICT,0.0
24-Feb-26 11:30:00 PM ICT,0.0
25-Feb-26 12:00:00 AM ICT,0.0
25-Feb-26 12:30:00 AM ICT,12.1
25-Feb-26 1:00:00 AM ICT,0.0
25-Feb-26 1:30:00 AM ICT,12.1
25-Feb-26 2:00:00 AM ICT,24.1
25-Feb-26 2:30:00 AM ICT,12.0
25-Feb-26 3:00:00 AM ICT,0.0
25-Feb-26 3:30:00 AM ICT,0.0
25-Feb-26 4:00:00 AM ICT,0.0
25-Feb-26 4:30:00 AM ICT,0.0
25-Feb-26 5:00:00 AM ICT,0.0
25-Feb-26 5:30:00 AM ICT,12.1
25-Feb-26 6:00:00 AM ICT,24.3
25-Feb-26 6:30:00 AM ICT,12.1
25-Feb-26 7:00:00 AM ICT,0.0
25-Feb-26 7:30:00 AM ICT,12.0
25-Feb-26 8:00:00 AM ICT,12.0
25-Feb-26 8:30:00 AM ICT,24.3
25-Feb-26 9:00:00 AM ICT,0.0
25-Feb-26 9:30:00 AM ICT,0.0
25-Feb-26 10:00:00 AM ICT,0.0
25-Feb-26 10:30:00 AM ICT,0.0
25-Feb-26 11:00:00 AM ICT,12.0
25-Feb-26 11:30:00 AM ICT,12.1
25-Feb-26 12:00:00 PM ICT,12.1
25-Feb-26 12:30:00 PM ICT,12.1
25-Feb-26 1:00:00 PM ICT,12.0
25-Feb-26 1:30:00 PM ICT,12.1
25-Feb-26 2:00:00 PM ICT,12.0
25-Feb-26 2:30:00 PM ICT,12.0
25-Feb-26 3:00:00 PM ICT,12.1
25-Feb-26 3:30:00 PM ICT,0.0
25-Feb-26 4:00:00 PM ICT,0.0
25-Feb-26 4:30:00 PM ICT,0.0
25-Feb-26 5:00:00 PM ICT,0.0
25-Feb-26 5:30:00 PM ICT,0.0
25-Feb-26 6:00:00 PM ICT,0.0
25-Feb-26 6:30:00 PM ICT,0.0
25-Feb-26 7:00:00 PM ICT,0.0
25-Feb-26 7:30:00 PM ICT,0.0
25-Feb-26 8:00:00 PM ICT,0.0
25-Feb-26 8:30:00 PM ICT,0.0
25-Feb-26 9:00:00 PM ICT,0.0
25-Feb-26 9:30:00 PM ICT,0.0
25-Feb-26 10:00:00 PM ICT,0.0
25-Feb-26 10:30:00 PM ICT,0.0
25-Feb-26 11:00:00 PM ICT,0.0
25-Feb-26 11:30:00 PM ICT,0.0
26-Feb-26 12:00:00 AM ICT,0.0
26-Feb-26 12:30:00 AM ICT,0.0
26-Feb-26 1:00:00 AM ICT,0.0
26-Feb-26 1:30:00 AM ICT,0.0
26-Feb-26 2:00:00 AM ICT,0.0
26-Feb-26 2:30:00 AM ICT,0.0
26-Feb-26 3:00:00 AM ICT,0.0
26-Feb-26 3:30:00 AM ICT,0.0
26-Feb-26 4:00:00 AM ICT,0.0
26-Feb-26 4:30:00 AM ICT,0.0
26-Feb-26 5:00:00 AM ICT,0.0
26-Feb-26 5:30:00 AM ICT,0.0
26-Feb-26 6:00:00 AM ICT,0.0
26-Feb-26 6:30:00 AM ICT,0.0
26-Feb-26 7:00:00 AM ICT,0.0
26-Feb-26 7:30:00 AM ICT,0.0
26-Feb-26 8:00:00 AM ICT,0.0
26-Feb-26 8:30:00 AM ICT,0.0
26-Feb-26 9:00:00 AM ICT,0.0
26-Feb-26 9:30:00 AM ICT,0.0
26-Feb-26 10:00:00 AM ICT,0.0
26-Feb-26 10:30:00 AM ICT,0.0
26-Feb-26 11:00:00 AM ICT,0.0
26-Feb-26 11:30:00 AM ICT,0.0
26-Feb-26 12:00:00 PM ICT,0.0
26-Feb-26 12:30:00 PM ICT,0.0
26-Feb-26 1:00:00 PM ICT,0.0
26-Feb-26 1:30:00 PM ICT,0.0
26-Feb-26 2:00:00 PM ICT,0.0
26-Feb-26 2:30:00 PM ICT,0.0
26-Feb-26 3:00:00 PM ICT,0.0
26-Feb-26 3:30:00 PM ICT,0.0
26-Feb-26 4:00:00 PM ICT,0.0
26-Feb-26 4:30:00 PM ICT,0.0
26-Feb-26 5:00:00 PM ICT,0.0
26-Feb-26 5:30:00 PM ICT,0.0
26-Feb-26 6:00:00 PM ICT,0.0
26-Feb-26 6:30:00 PM ICT,0.0
26-Feb-26 7:00:00 PM ICT,0.0
26-Feb-26 7:30:00 PM ICT,0.0
26-Feb-26 8:00:00 PM ICT,0.0
26-Feb-26 8:30:00 PM ICT,0.0
26-Feb-26 9:00:00 PM ICT,0.0
26-Feb-26 9:30:00 PM ICT,0.0
26-Feb-26 10:00:00 PM ICT,0.0
26-Feb-26 10:30:00 PM ICT,0.0
26-Feb-26 11:00:00 PM ICT,0.0
26-Feb-26 11:30:00 PM ICT,0.0
27-Feb-26 12:00:00 AM ICT,0.0
27-Feb-26 12:30:00 AM ICT,0.0
27-Feb-26 1:00:00 AM ICT,0.0
27-Feb-26 1:30:00 AM ICT,0.0
27-Feb-26 2:30:00 AM ICT,0.0
27-Feb-26 3:00:00 AM ICT,0.0
27-Feb-26 3:30:00 AM ICT,0.0
27-Feb-26 4:00:00 AM ICT,0.0
27-Feb-26 4:30:00 AM ICT,0.0
27-Feb-26 5:00:00 AM ICT,0.0
27-Feb-26 5:30:00 AM ICT,0.0
27-Feb-26 6:00:00 AM ICT,0.0
27-Feb-26 6:30:00 AM ICT,0.0
27-Feb-26 7:00:00 AM ICT,0.0
27-Feb-26 7:30:00 AM ICT,0.0
27-Feb-26 8:00:00 AM ICT,16.4
27-Feb-26 8:30:00 AM ICT,37.3
27-Feb-26 9:00:00 AM ICT,41.5
27-Feb-26 9:30:00 AM ICT,41.5
27-Feb-26 10:00:00 AM ICT,41.4
27-Feb-26 10:30:00 AM ICT,41.3
27-Feb-26 11:00:00 AM ICT,41.3
27-Feb-26 11:30:00 AM ICT,41.9
27-Feb-26 12:00:00 PM ICT,34.3
27-Feb-26 12:30:00 PM ICT,34.1
27-Feb-26 1:00:00 PM ICT,34.0
27-Feb-26 1:30:00 PM ICT,0.0
27-Feb-26 2:00:00 PM ICT,0.0
27-Feb-26 2:30:00 PM ICT,0.0
27-Feb-26 3:00:00 PM ICT,0.0
27-Feb-26 3:30:00 PM ICT,0.0
27-Feb-26 4:00:00 PM ICT,0.0
27-Feb-26 4:30:00 PM ICT,0.0
27-Feb-26 5:00:00 PM ICT,0.0
27-Feb-26 5:30:00 PM ICT,0.0
27-Feb-26 6:00:00 PM ICT,0.0
27-Feb-26 6:30:00 PM ICT,0.0
27-Feb-26 7:00:00 PM ICT,0.0
27-Feb-26 7:30:00 PM ICT,0.0
27-Feb-26 8:00:00 PM ICT,0.0
27-Feb-26 8:30:00 PM ICT,0.0
27-Feb-26 9:00:00 PM ICT,0.0
27-Feb-26 9:30:00 PM ICT,0.0
27-Feb-26 10:00:00 PM ICT,0.0
27-Feb-26 10:30:00 PM ICT,0.0
27-Feb-26 11:00:00 PM ICT,0.0
27-Feb-26 11:30:00 PM ICT,0.0
28-Feb-26 12:00:00 AM ICT,0.0
28-Feb-26 12:30:00 AM ICT,0.0
28-Feb-26 1:00:00 AM ICT,0.0
28-Feb-26 1:30:00 AM ICT,0.0
28-Feb-26 2:00:00 AM ICT,0.0
28-Feb-26 2:30:00 AM ICT,0.0
28-Feb-26 3:00:00 AM ICT,0.0
28-Feb-26 3:30:00 AM ICT,0.0
28-Feb-26 4:00:00 AM ICT,0.0
28-Feb-26 4:30:00 AM ICT,0.0
28-Feb-26 5:00:00 AM ICT,0.0
28-Feb-26 5:30:00 AM ICT,0.0
28-Feb-26 6:00:00 AM ICT,0.0
28-Feb-26 6:30:00 AM ICT,0.0
28-Feb-26 7:00:00 AM ICT,0.0
28-Feb-26 7:30:00 AM ICT,0.0
28-Feb-26 8:00:00 AM ICT,0.0
28-Feb-26 8:30:00 AM ICT,0.0
28-Feb-26 9:00:00 AM ICT,0.0
28-Feb-26 9:30:00 AM ICT,0.0
28-Feb-26 10:00:00 AM ICT,0.0
28-Feb-26 10:30:00 AM ICT,0.0
28-Feb-26 11:00:00 AM ICT,0.0
28-Feb-26 11:30:00 AM ICT,0.0
28-Feb-26 12:00:00 PM ICT,0.0
28-Feb-26 12:30:00 PM ICT,0.0
28-Feb-26 1:00:00 PM ICT,0.0
28-Feb-26 1:30:00 PM ICT,0.0
28-Feb-26 2:00:00 PM ICT,0.0
28-Feb-26 2:30:00 PM ICT,0.0
28-Feb-26 3:00:00 PM ICT,0.0
28-Feb-26 3:30:00 PM ICT,0.0
28-Feb-26 4:00:00 PM ICT,23.4
28-Feb-26 4:30:00 PM ICT,0.0
28-Feb-26 5:00:00 PM ICT,0.0
28-Feb-26 5:30:00 PM ICT,19.2
28-Feb-26 6:00:00 PM ICT,13.1
28-Feb-26 6:30:00 PM ICT,0.0
28-Feb-26 7:00:00 PM ICT,0.0
28-Feb-26 7:30:00 PM ICT,15.7
28-Feb-26 8:00:00 PM ICT,15.8
28-Feb-26 8:30:00 PM ICT,31.4
28-Feb-26 9:00:00 PM ICT,15.8
28-Feb-26 9:30:00 PM ICT,0.0
28-Feb-26 10:00:00 PM ICT,0.0
28-Feb-26 10:30:00 PM ICT,0.0
28-Feb-26 11:00:00 PM ICT,0.0
28-Feb-26 11:30:00 PM ICT,0.0
01-Mar-26 12:00:00 AM ICT,0.0
01-Mar-26 12:30:00 AM ICT,0.0
01-Mar-26 1:00:00 AM ICT,0.0
01-Mar-26 1:30:00 AM ICT,0.0
01-Mar-26 2:00:00 AM ICT,0.0
01-Mar-26 2:30:00 AM ICT,0.0
01-Mar-26 3:00:00 AM ICT,0.0
01-Mar-26 3:30:00 AM ICT,0.0
01-Mar-26 4:00:00 AM ICT,0.0
01-Mar-26 4:30:00 AM ICT,0.0
01-Mar-26 5:00:00 AM ICT,0.0
01-Mar-26 5:30:00 AM ICT,0.0
01-Mar-26 6:00:00 AM ICT,0.0
01-Mar-26 6:30:00 AM ICT,0.0
01-Mar-26 7:00:00 AM ICT,0.0
01-Mar-26 7:30:00 AM ICT,0.0
01-Mar-26 8:00:00 AM ICT,0.0
01-Mar-26 8:30:00 AM ICT,31.4
01-Mar-26 9:00:00 AM ICT,33.4
01-Mar-26 9:30:00 AM ICT,17.1
01-Mar-26 10:00:00 AM ICT,0.0
01-Mar-26 10:30:00 AM ICT,0.0
01-Mar-26 11:00:00 AM ICT,31.3
01-Mar-26 11:30:00 AM ICT,30.0
01-Mar-26 12:00:00 PM ICT,31.4
01-Mar-26 12:30:00 PM ICT,0.1
01-Mar-26 1:00:00 PM ICT,0.0
01-Mar-26 1:30:00 PM ICT,32.8
01-Mar-26 2:00:00 PM ICT,32.8
01-Mar-26 2:30:00 PM ICT,32.5
01-Mar-26 3:00:00 PM ICT,0.0
01-Mar-26 3:30:00 PM ICT,0.0
01-Mar-26 4:00:00 PM ICT,0.0
01-Mar-26 4:30:00 PM ICT,0.0
01-Mar-26 5:00:00 PM ICT,0.0
01-Mar-26 5:30:00 PM ICT,0.0
01-Mar-26 6:00:00 PM ICT,0.0
01-Mar-26 6:30:00 PM ICT,0.0
01-Mar-26 7:00:00 PM ICT,0.0
01-Mar-26 7:30:00 PM ICT,0.0
01-Mar-26 8:00:00 PM ICT,0.0
01-Mar-26 8:30:00 PM ICT,0.0
01-Mar-26 9:00:00 PM ICT,0.0
01-Mar-26 9:30:00 PM ICT,0.0
01-Mar-26 10:00:00 PM ICT,0.0
01-Mar-26 10:30:00 PM ICT,0.0
01-Mar-26 11:00:00 PM ICT,0.0
01-Mar-26 11:30:00 PM ICT,0.0
02-Mar-26 12:00:00 AM ICT,0.0
02-Mar-26 12:30:00 AM ICT,0.0
02-Mar-26 1:00:00 AM ICT,0.0
02-Mar-26 1:30:00 AM ICT,0.0
02-Mar-26 2:00:00 AM ICT,0.0
02-Mar-26 2:30:00 AM ICT,0.0
02-Mar-26 3:00:00 AM ICT,0.0
02-Mar-26 3:30:00 AM ICT,0.0
02-Mar-26 4:00:00 AM ICT,0.0
02-Mar-26 4:30:00 AM ICT,0.0
02-Mar-26 5:00:00 AM ICT,0.0
02-Mar-26 5:30:00 AM ICT,0.0
02-Mar-26 6:00:00 AM ICT,0.0
02-Mar-26 6:30:00 AM ICT,0.0
02-Mar-26 7:00:00 AM ICT,0.0
02-Mar-26 7:30:00 AM ICT,0.0
02-Mar-26 8:00:00 AM ICT,49.1
02-Mar-26 8:30:00 AM ICT,48.9
02-Mar-26 9:00:00 AM ICT,48.9
02-Mar-26 9:30:00 AM ICT,48.8
02-Mar-26 10:00:00 AM ICT,48.6
02-Mar-26 10:30:00 AM ICT,48.6
02-Mar-26 11:00:00 AM ICT,0.0
02-Mar-26 11:30:00 AM ICT,0.0
02-Mar-26 12:00:00 PM ICT,0.0
02-Mar-26 12:30:00 PM ICT,0.0
02-Mar-26 1:00:00 PM ICT,0.0
02-Mar-26 1:30:00 PM ICT,0.0
02-Mar-26 2:00:00 PM ICT,0.0
02-Mar-26 2:30:00 PM ICT,0.0
02-Mar-26 3:00:00 PM ICT,0.0
02-Mar-26 3:30:00 PM ICT,0.0
02-Mar-26 4:00:00 PM ICT,0.0
02-Mar-26 4:30:00 PM ICT,0.0
02-Mar-26 5:00:00 PM ICT,0.0
02-Mar-26 5:30:00 PM ICT,0.0
02-Mar-26 6:00:00 PM ICT,0.0
02-Mar-26 6:30:00 PM ICT,0.0
02-Mar-26 7:00:00 PM ICT,0.0
02-Mar-26 7:30:00 PM ICT,0.0
02-Mar-26 8:00:00 PM ICT,0.0
02-Mar-26 8:30:00 PM ICT,0.0
02-Mar-26 9:00:00 PM ICT,0.0
02-Mar-26 9:30:00 PM ICT,0.0
02-Mar-26 10:00:00 PM ICT,0.0
02-Mar-26 10:30:00 PM ICT,0.0
02-Mar-26 11:00:00 PM ICT,0.0
02-Mar-26 11:30:00 PM ICT,0.0
03-Mar-26 12:00:00 AM ICT,0.0
03-Mar-26 12:30:00 AM ICT,0.0
03-Mar-26 1:00:00 AM ICT,0.0
03-Mar-26 1:30:00 AM ICT,0.0
03-Mar-26 2:00:00 AM ICT,0.0
03-Mar-26 2:30:00 AM ICT,0.0
03-Mar-26 3:00:00 AM ICT,0.0
03-Mar-26 3:30:00 AM ICT,0.0
03-Mar-26 4:00:00 AM ICT,0.0
03-Mar-26 4:30:00 AM ICT,0.0
03-Mar-26 5:00:00 AM ICT,0.0
03-Mar-26 5:30:00 AM ICT,0.0
03-Mar-26 6:00:00 AM ICT,0.0
03-Mar-26 6:30:00 AM ICT,0.0
03-Mar-26 7:00:00 AM ICT,0.0
03-Mar-26 7:30:00 AM ICT,0.0
03-Mar-26 8:00:00 AM ICT,0.0
03-Mar-26 8:30:00 AM ICT,0.0
03-Mar-26 9:00:00 AM ICT,0.0
03-Mar-26 9:30:00 AM ICT,0.0
03-Mar-26 10:00:00 AM ICT,0.0
03-Mar-26 10:30:00 AM ICT,0.0
03-Mar-26 11:00:00 AM ICT,0.0
03-Mar-26 11:30:00 AM ICT,0.0
03-Mar-26 12:00:00 PM ICT,0.0
03-Mar-26 12:30:00 PM ICT,0.0
03-Mar-26 1:00:00 PM ICT,0.0
03-Mar-26 1:30:00 PM ICT,0.0
03-Mar-26 2:00:00 PM ICT,0.0
03-Mar-26 2:30:00 PM ICT,0.0
03-Mar-26 3:00:00 PM ICT,0.0
03-Mar-26 3:30:00 PM ICT,0.0
03-Mar-26 4:00:00 PM ICT,0.0
03-Mar-26 4:30:00 PM ICT,0.0
03-Mar-26 5:00:00 PM ICT,0.0
03-Mar-26 5:30:00 PM ICT,0.0
03-Mar-26 6:00:00 PM ICT,0.0
03-Mar-26 6:30:00 PM ICT,0.0
03-Mar-26 7:00:00 PM ICT,0.0
03-Mar-26 7:30:00 PM ICT,0.0
03-Mar-26 8:00:00 PM ICT,0.0
03-Mar-26 8:30:00 PM ICT,0.0
03-Mar-26 9:00:00 PM ICT,0.0
03-Mar-26 9:30:00 PM ICT,0.0
03-Mar-26 10:00:00 PM ICT,0.0
03-Mar-26 10:30:00 PM ICT,0.0
03-Mar-26 11:00:00 PM ICT,0.0
03-Mar-26 11:30:00 PM ICT,0.0
04-Mar-26 12:00:00 AM ICT,0.0
04-Mar-26 12:30:00 AM ICT,0.0
04-Mar-26 1:00:00 AM ICT,0.0
04-Mar-26 1:30:00 AM ICT,0.0
04-Mar-26 2:00:00 AM ICT,0.0
04-Mar-26 2:30:00 AM ICT,0.0
04-Mar-26 3:00:00 AM ICT,0.0
04-Mar-26 3:30:00 AM ICT,0.0
04-Mar-26 4:00:00 AM ICT,0.0
04-Mar-26 4:30:00 AM ICT,0.0
04-Mar-26 5:00:00 AM ICT,0.0
04-Mar-26 5:30:00 AM ICT,0.0
04-Mar-26 6:00:00 AM ICT,0.0
04-Mar-26 6:30:00 AM ICT,0.0
04-Mar-26 7:00:00 AM ICT,0.0
04-Mar-26 7:30:00 AM ICT,0.0
04-Mar-26 8:00:00 AM ICT,0.0
04-Mar-26 8:30:00 AM ICT,0.0
04-Mar-26 9:00:00 AM ICT,0.0
04-Mar-26 9:30:00 AM ICT,0.0
04-Mar-26 10:00:00 AM ICT,0.0
04-Mar-26 10:30:00 AM ICT,0.0
04-Mar-26 11:00:00 AM ICT,24.4
04-Mar-26 11:30:00 AM ICT,48.5
04-Mar-26 12:00:00 PM ICT,48.8
04-Mar-26 12:30:00 PM ICT,49.0
04-Mar-26 1:00:00 PM ICT,48.6
04-Mar-26 1:30:00 PM ICT,48.4
04-Mar-26 2:00:00 PM ICT,48.8
04-Mar-26 2:30:00 PM ICT,48.6
04-Mar-26 3:00:00 PM ICT,48.5
04-Mar-26 3:30:00 PM ICT,48.5
04-Mar-26 4:00:00 PM ICT,48.6
04-Mar-26 4:30:00 PM ICT,0.0
04-Mar-26 5:00:00 PM ICT,0.0
04-Mar-26 5:30:00 PM ICT,0.0
04-Mar-26 6:00:00 PM ICT,0.0
04-Mar-26 6:30:00 PM ICT,0.0
04-Mar-26 7:00:00 PM ICT,0.0
04-Mar-26 7:30:00 PM ICT,0.0
04-Mar-26 8:00:00 PM ICT,0.0
04-Mar-26 8:30:00 PM ICT,0.0
04-Mar-26 9:00:00 PM ICT,0.0
04-Mar-26 9:30:00 PM ICT,0.0
04-Mar-26 10:00:00 PM ICT,0.0
04-Mar-26 10:30:00 PM ICT,0.0
04-Mar-26 11:00:00 PM ICT,0.0
04-Mar-26 11:30:00 PM ICT,0.0
05-Mar-26 12:00:00 AM ICT,0.0
05-Mar-26 12:30:00 AM ICT,0.0
05-Mar-26 1:00:00 AM ICT,0.0
05-Mar-26 1:30:00 AM ICT,0.0
05-Mar-26 2:00:00 AM ICT,0.0
05-Mar-26 2:30:00 AM ICT,0.0
05-Mar-26 3:00:00 AM ICT,0.0
05-Mar-26 3:30:00 AM ICT,0.0
05-Mar-26 4:00:00 AM ICT,0.0
05-Mar-26 4:30:00 AM ICT,0.0
05-Mar-26 5:00:00 AM ICT,0.0
05-Mar-26 5:30:00 AM ICT,0.0
05-Mar-26 6:00:00 AM ICT,0.0
05-Mar-26 6:30:00 AM ICT,0.0
05-Mar-26 7:00:00 AM ICT,0.0
05-Mar-26 7:30:00 AM ICT,0.0
05-Mar-26 8:00:00 AM ICT,0.0
05-Mar-26 8:30:00 AM ICT,16.1
05-Mar-26 9:00:00 AM ICT,32.4
05-Mar-26 9:30:00 AM ICT,16.1
05-Mar-26 10:00:00 AM ICT,0.0
05-Mar-26 10:30:00 AM ICT,22.3
05-Mar-26 11:00:00 AM ICT,32.1
05-Mar-26 11:30:00 AM ICT,32.1
05-Mar-26 12:00:00 PM ICT,0.0
05-Mar-26 12:30:00 PM ICT,0.0
05-Mar-26 1:00:00 PM ICT,0.0
05-Mar-26 1:30:00 PM ICT,0.0
05-Mar-26 2:00:00 PM ICT,0.0
05-Mar-26 2:30:00 PM ICT,0.0
05-Mar-26 3:00:00 PM ICT,0.0
05-Mar-26 3:30:00 PM ICT,0.0
05-Mar-26 4:00:00 PM ICT,0.0
05-Mar-26 4:30:00 PM ICT,0.0
05-Mar-26 5:00:00 PM ICT,0.0
05-Mar-26 5:30:00 PM ICT,0.0
05-Mar-26 6:00:00 PM ICT,0.0
05-Mar-26 6:30:00 PM ICT,0.0
05-Mar-26 7:00:00 PM ICT,0.0
05-Mar-26 7:30:00 PM ICT,0.0
05-Mar-26 8:00:00 PM ICT,0.0
05-Mar-26 8:30:00 PM ICT,0.0
05-Mar-26 9:00:00 PM ICT,0.0
05-Mar-26 9:30:00 PM ICT,0.0
05-Mar-26 10:00:00 PM ICT,0.0
05-Mar-26 10:30:00 PM ICT,0.0
05-Mar-26 11:00:00 PM ICT,0.0
05-Mar-26 11:30:00 PM ICT,0.0
06-Mar-26 12:00:00 AM ICT,0.0
06-Mar-26 12:30:00 AM ICT,0.0
06-Mar-26 1:00:00 AM ICT,0.0
06-Mar-26 1:30:00 AM ICT,0.0
06-Mar-26 2:00:00 AM ICT,0.0
06-Mar-26 2:30:00 AM ICT,0.0
06-Mar-26 3:00:00 AM ICT,0.0
06-Mar-26 3:30:00 AM ICT,0.0
06-Mar-26 4:00:00 AM ICT,0.0
06-Mar-26 4:30:00 AM ICT,0.0
06-Mar-26 5:00:00 AM ICT,0.0
06-Mar-26 5:30:00 AM ICT,0.0
06-Mar-26 6:00:00 AM ICT,0.0
06-Mar-26 6:30:00 AM ICT,0.0
06-Mar-26 7:00:00 AM ICT,8.8
06-Mar-26 7:30:00 AM ICT,8.8
06-Mar-26 8:00:00 AM ICT,42.1
06-Mar-26 8:30:00 AM ICT,40.9
06-Mar-26 9:00:00 AM ICT,40.8
06-Mar-26 9:30:00 AM ICT,0.0
06-Mar-26 10:00:00 AM ICT,41.5
06-Mar-26 10:30:00 AM ICT,0.0
06-Mar-26 11:00:00 AM ICT,0.0
06-Mar-26 11:30:00 AM ICT,0.0
06-Mar-26 12:00:00 PM ICT,0.0
06-Mar-26 12:30:00 PM ICT,0.0
06-Mar-26 1:00:00 PM ICT,0.0
06-Mar-26 1:30:00 PM ICT,0.0
06-Mar-26 2:00:00 PM ICT,0.0
06-Mar-26 2:30:00 PM ICT,0.0
06-Mar-26 3:00:00 PM ICT,0.0
06-Mar-26 3:30:00 PM ICT,0.0
06-Mar-26 4:00:00 PM ICT,0.0
06-Mar-26 4:30:00 PM ICT,0.0
06-Mar-26 5:00:00 PM ICT,0.0
06-Mar-26 5:30:00 PM ICT,0.0
06-Mar-26 6:00:00 PM ICT,0.0
06-Mar-26 6:30:00 PM ICT,0.0
06-Mar-26 7:00:00 PM ICT,0.0
06-Mar-26 7:30:00 PM ICT,0.0
06-Mar-26 8:00:00 PM ICT,10.9
06-Mar-26 8:30:00 PM ICT,10.9
06-Mar-26 9:00:00 PM ICT,21.7
06-Mar-26 9:30:00 PM ICT,11.1
06-Mar-26 10:00:00 PM ICT,0.0
06-Mar-26 10:30:00 PM ICT,11.1
06-Mar-26 11:00:00 PM ICT,22.1
06-Mar-26 11:30:00 PM ICT,11.8
07-Mar-26 12:00:00 AM ICT,0.0
07-Mar-26 12:30:00 AM ICT,12.2
07-Mar-26 1:00:00 AM ICT,24.6
07-Mar-26 1:30:00 AM ICT,12.3
07-Mar-26 2:00:00 AM ICT,12.3
07-Mar-26 2:30:00 AM ICT,24.4
07-Mar-26 3:00:00 AM ICT,12.2
07-Mar-26 3:30:00 AM ICT,0.0
07-Mar-26 4:00:00 AM ICT,12.3
07-Mar-26 4:30:00 AM ICT,24.7
07-Mar-26 5:00:00 AM ICT,12.3
07-Mar-26 5:30:00 AM ICT,12.2
07-Mar-26 6:00:00 AM ICT,12.2
07-Mar-26 6:30:00 AM ICT,0.0
07-Mar-26 7:00:00 AM ICT,0.0
07-Mar-26 7:30:00 AM ICT,0.0
07-Mar-26 8:00:00 AM ICT,0.0
07-Mar-26 8:30:00 AM ICT,0.0
07-Mar-26 9:00:00 AM ICT,0.0
07-Mar-26 9:30:00 AM ICT,0.0
07-Mar-26 10:00:00 AM ICT,0.0
07-Mar-26 10:30:00 AM ICT,11.8
07-Mar-26 11:00:00 AM ICT,11.7
07-Mar-26 11:30:00 AM ICT,11.9
07-Mar-26 12:00:00 PM ICT,0.0
07-Mar-26 12:30:00 PM ICT,11.8
07-Mar-26 1:00:00 PM ICT,11.7
07-Mar-26 1:30:00 PM ICT,0.0
07-Mar-26 2:00:00 PM ICT,11.8
07-Mar-26 2:30:00 PM ICT,22.6
07-Mar-26 3:00:00 PM ICT,12.3
07-Mar-26 3:30:00 PM ICT,12.2
07-Mar-26 4:00:00 PM ICT,12.2
07-Mar-26 4:30:00 PM ICT,12.3
07-Mar-26 5:00:00 PM ICT,0.0
07-Mar-26 5:30:00 PM ICT,12.3
07-Mar-26 6:00:00 PM ICT,12.3
07-Mar-26 6:30:00 PM ICT,12.4
07-Mar-26 7:00:00 PM ICT,0.0
07-Mar-26 7:30:00 PM ICT,12.3
07-Mar-26 8:00:00 PM ICT,24.7
07-Mar-26 8:30:00 PM ICT,12.4
07-Mar-26 9:00:00 PM ICT,12.3
07-Mar-26 9:30:00 PM ICT,12.4
07-Mar-26 10:00:00 PM ICT,12.3
07-Mar-26 10:30:00 PM ICT,0.0
07-Mar-26 11:00:00 PM ICT,12.4
07-Mar-26 11:30:00 PM ICT,24.9
08-Mar-26 12:00:00 AM ICT,12.4
08-Mar-26 12:30:00 AM ICT,0.0
08-Mar-26 1:00:00 AM ICT,0.0
08-Mar-26 1:30:00 AM ICT,0.0
08-Mar-26 2:00:00 AM ICT,0.0
08-Mar-26 2:30:00 AM ICT,0.0
08-Mar-26 3:00:00 AM ICT,0.0
08-Mar-26 3:30:00 AM ICT,0.0
08-Mar-26 4:00:00 AM ICT,0.0
08-Mar-26 4:30:00 AM ICT,0.0
08-Mar-26 5:00:00 AM ICT,0.0
08-Mar-26 5:30:00 AM ICT,0.0
08-Mar-26 6:00:00 AM ICT,0.0
08-Mar-26 6:30:00 AM ICT,0.0
08-Mar-26 7:00:00 AM ICT,0.0
08-Mar-26 7:30:00 AM ICT,0.0
08-Mar-26 8:00:00 AM ICT,0.0
08-Mar-26 8:30:00 AM ICT,0.0
08-Mar-26 9:00:00 AM ICT,0.0
08-Mar-26 9:30:00 AM ICT,0.0
08-Mar-26 10:00:00 AM ICT,0.0
08-Mar-26 10:30:00 AM ICT,0.0
08-Mar-26 11:00:00 AM ICT,0.0
08-Mar-26 11:30:00 AM ICT,0.0
08-Mar-26 12:00:00 PM ICT,0.0
08-Mar-26 12:30:00 PM ICT,0.0
08-Mar-26 1:00:00 PM ICT,0.0
08-Mar-26 1:30:00 PM ICT,0.0
08-Mar-26 2:00:00 PM ICT,0.0
08-Mar-26 2:30:00 PM ICT,0.0
08-Mar-26 3:00:00 PM ICT,0.0
08-Mar-26 3:30:00 PM ICT,0.0
08-Mar-26 4:00:00 PM ICT,0.0
08-Mar-26 4:30:00 PM ICT,25.0
08-Mar-26 5:00:00 PM ICT,0.0
08-Mar-26 5:30:00 PM ICT,12.4
08-Mar-26 6:00:00 PM ICT,12.4
08-Mar-26 6:30:00 PM ICT,0.0
08-Mar-26 7:00:00 PM ICT,12.4
08-Mar-26 7:30:00 PM ICT,25.1
08-Mar-26 8:00:00 PM ICT,12.6
08-Mar-26 8:30:00 PM ICT,12.4
08-Mar-26 9:00:00 PM ICT,24.9
08-Mar-26 9:30:00 PM ICT,12.4
08-Mar-26 10:00:00 PM ICT,0.0
08-Mar-26 10:30:00 PM ICT,12.4
08-Mar-26 11:00:00 PM ICT,12.5
08-Mar-26 11:30:00 PM ICT,0.0
09-Mar-26 12:00:00 AM ICT,12.6
09-Mar-26 12:30:00 AM ICT,12.4
09-Mar-26 1:00:00 AM ICT,12.6
09-Mar-26 1:30:00 AM ICT,12.4
09-Mar-26 2:00:00 AM ICT,24.9
09-Mar-26 2:30:00 AM ICT,12.4
09-Mar-26 3:00:00 AM ICT,0.0
09-Mar-26 3:30:00 AM ICT,12.5
09-Mar-26 4:00:00 AM ICT,0.0
09-Mar-26 4:30:00 AM ICT,0.0
09-Mar-26 5:00:00 AM ICT,0.0
09-Mar-26 5:30:00 AM ICT,0.0
09-Mar-26 6:00:00 AM ICT,0.0
09-Mar-26 6:30:00 AM ICT,0.0
09-Mar-26 7:00:00 AM ICT,0.0
09-Mar-26 7:30:00 AM ICT,0.0
09-Mar-26 8:00:00 AM ICT,0.0
09-Mar-26 8:30:00 AM ICT,24.0
09-Mar-26 9:00:00 AM ICT,12.4
09-Mar-26 9:30:00 AM ICT,0.0
09-Mar-26 10:00:00 AM ICT,0.0
09-Mar-26 10:30:00 AM ICT,0.0
09-Mar-26 11:00:00 AM ICT,0.0
09-Mar-26 11:30:00 AM ICT,0.0
09-Mar-26 12:00:00 PM ICT,0.0
09-Mar-26 12:30:00 PM ICT,0.0
09-Mar-26 1:00:00 PM ICT,0.0
09-Mar-26 1:30:00 PM ICT,0.0
09-Mar-26 2:00:00 PM ICT,0.0
09-Mar-26 2:30:00 PM ICT,0.0
09-Mar-26 3:00:00 PM ICT,0.0
09-Mar-26 3:30:00 PM ICT,0.0
09-Mar-26 4:00:00 PM ICT,0.0
09-Mar-26 4:30:00 PM ICT,0.0
09-Mar-26 5:00:00 PM ICT,0.0
09-Mar-26 5:30:00 PM ICT,0.0
09-Mar-26 6:00:00 PM ICT,0.0
09-Mar-26 6:30:00 PM ICT,0.0
09-Mar-26 7:00:00 PM ICT,0.0
09-Mar-26 7:30:00 PM ICT,0.0
09-Mar-26 8:00:00 PM ICT,0.0
09-Mar-26 8:30:00 PM ICT,0.0
09-Mar-26 9:00:00 PM ICT,0.0
09-Mar-26 9:30:00 PM ICT,0.0
09-Mar-26 10:00:00 PM ICT,0.0
09-Mar-26 10:30:00 PM ICT,0.0
09-Mar-26 11:00:00 PM ICT,0.0
09-Mar-26 11:30:00 PM ICT,0.0
10-Mar-26 12:00:00 AM ICT,0.0
10-Mar-26 12:30:00 AM ICT,0.0
10-Mar-26 1:00:00 AM ICT,0.0
10-Mar-26 1:30:00 AM ICT,0.0
10-Mar-26 2:00:00 AM ICT,0.0
10-Mar-26 2:30:00 AM ICT,0.0
10-Mar-26 3:00:00 AM ICT,0.0
10-Mar-26 3:30:00 AM ICT,0.0
10-Mar-26 4:00:00 AM ICT,0.0
10-Mar-26 4:30:00 AM ICT,0.0
10-Mar-26 5:00:00 AM ICT,0.0
10-Mar-26 5:30:00 AM ICT,0.0
10-Mar-26 6:00:00 AM ICT,0.0
10-Mar-26 6:30:00 AM ICT,0.0
10-Mar-26 7:00:00 AM ICT,0.0
10-Mar-26 7:30:00 AM ICT,0.0
10-Mar-26 8:00:00 AM ICT,0.0
10-Mar-26 8:30:00 AM ICT,0.0
10-Mar-26 9:00:00 AM ICT,0.0
10-Mar-26 9:30:00 AM ICT,0.0
10-Mar-26 10:00:00 AM ICT,13.5
10-Mar-26 10:30:00 AM ICT,13.4
10-Mar-26 11:00:00 AM ICT,13.4
10-Mar-26 11:30:00 AM ICT,26.9
10-Mar-26 12:00:00 PM ICT,13.5
10-Mar-26 12:30:00 PM ICT,13.4
10-Mar-26 1:00:00 PM ICT,29.6
10-Mar-26 1:30:00 PM ICT,14.6
10-Mar-26 2:00:00 PM ICT,14.8
10-Mar-26 2:30:00 PM ICT,13.9
10-Mar-26 3:00:00 PM ICT,0.0
10-Mar-26 3:30:00 PM ICT,28.0
10-Mar-26 4:00:00 PM ICT,14.1
10-Mar-26 4:30:00 PM ICT,29.6
10-Mar-26 5:00:00 PM ICT,14.8
10-Mar-26 5:30:00 PM ICT,14.7
10-Mar-26 6:00:00 PM ICT,14.6
10-Mar-26 6:30:00 PM ICT,14.6
10-Mar-26 7:00:00 PM ICT,28.1
10-Mar-26 7:30:00 PM ICT,14.6
10-Mar-26 8:00:00 PM ICT,29.3
10-Mar-26 8:30:00 PM ICT,0.0
10-Mar-26 9:00:00 PM ICT,29.3
10-Mar-26 9:30:00 PM ICT,14.8
10-Mar-26 10:00:00 PM ICT,14.6
10-Mar-26 10:30:00 PM ICT,14.7
10-Mar-26 11:00:00 PM ICT,14.6
10-Mar-26 11:30:00 PM ICT,28.4
11-Mar-26 12:00:00 AM ICT,0.0
11-Mar-26 12:30:00 AM ICT,29.5
11-Mar-26 1:00:00 AM ICT,0.0
11-Mar-26 1:30:00 AM ICT,29.4
11-Mar-26 2:00:00 AM ICT,14.8
11-Mar-26 2:30:00 AM ICT,14.8
11-Mar-26 3:00:00 AM ICT,0.0
11-Mar-26 3:30:00 AM ICT,0.0
11-Mar-26 4:00:00 AM ICT,0.0
11-Mar-26 4:30:00 AM ICT,0.0
11-Mar-26 5:00:00 AM ICT,14.8
11-Mar-26 5:30:00 AM ICT,14.8
11-Mar-26 6:00:00 AM ICT,29.5
11-Mar-26 6:30:00 AM ICT,0.0
11-Mar-26 7:00:00 AM ICT,29.4
11-Mar-26 7:30:00 AM ICT,14.9
11-Mar-26 8:00:00 AM ICT,0.0
11-Mar-26 8:30:00 AM ICT,0.0
11-Mar-26 9:00:00 AM ICT,0.0
11-Mar-26 9:30:00 AM ICT,0.0
11-Mar-26 10:00:00 AM ICT,0.0
11-Mar-26 10:30:00 AM ICT,0.0
11-Mar-26 11:00:00 AM ICT,0.0
11-Mar-26 11:30:00 AM ICT,0.0
11-Mar-26 12:00:00 PM ICT,0.0
11-Mar-26 12:30:00 PM ICT,0.0
11-Mar-26 1:00:00 PM ICT,0.0
11-Mar-26 1:30:00 PM ICT,0.0
11-Mar-26 2:00:00 PM ICT,0.0
11-Mar-26 2:30:00 PM ICT,0.0
11-Mar-26 3:00:00 PM ICT,0.0
11-Mar-26 3:30:00 PM ICT,0.0
11-Mar-26 4:00:00 PM ICT,0.0
11-Mar-26 4:30:00 PM ICT,0.0
11-Mar-26 5:00:00 PM ICT,0.0
11-Mar-26 5:30:00 PM ICT,0.0
11-Mar-26 6:00:00 PM ICT,0.0
11-Mar-26 6:30:00 PM ICT,0.0
11-Mar-26 7:00:00 PM ICT,0.0
11-Mar-26 7:30:00 PM ICT,0.0
11-Mar-26 8:00:00 PM ICT,0.0
11-Mar-26 8:30:00 PM ICT,0.0
11-Mar-26 9:00:00 PM ICT,0.0
11-Mar-26 9:30:00 PM ICT,0.0
11-Mar-26 10:00:00 PM ICT,0.0
11-Mar-26 10:30:00 PM ICT,0.0
11-Mar-26 11:00:00 PM ICT,0.0
11-Mar-26 11:30:00 PM ICT,0.0
12-Mar-26 12:00:00 AM ICT,0.0
12-Mar-26 12:30:00 AM ICT,0.0
12-Mar-26 1:00:00 AM ICT,0.0
12-Mar-26 1:30:00 AM ICT,0.0
12-Mar-26 2:00:00 AM ICT,0.0
12-Mar-26 2:30:00 AM ICT,0.0
12-Mar-26 3:00:00 AM ICT,0.0
12-Mar-26 3:30:00 AM ICT,0.0
12-Mar-26 4:00:00 AM ICT,0.0
12-Mar-26 4:30:00 AM ICT,0.0
12-Mar-26 5:00:00 AM ICT,0.0
12-Mar-26 5:30:00 AM ICT,0.0
12-Mar-26 6:00:00 AM ICT,0.0
12-Mar-26 6:30:00 AM ICT,0.0
12-Mar-26 7:00:00 AM ICT,0.0
12-Mar-26 7:30:00 AM ICT,0.0
12-Mar-26 8:00:00 AM ICT,0.0
12-Mar-26 8:30:00 AM ICT,0.0
12-Mar-26 9:00:00 AM ICT,0.0
12-Mar-26 9:30:00 AM ICT,0.0
12-Mar-26 10:00:00 AM ICT,0.0
12-Mar-26 10:30:00 AM ICT,0.0
12-Mar-26 11:00:00 AM ICT,0.0
12-Mar-26 11:30:00 AM ICT,0.0
12-Mar-26 12:00:00 PM ICT,0.0
12-Mar-26 12:30:00 PM ICT,0.0
12-Mar-26 1:00:00 PM ICT,0.0
12-Mar-26 1:30:00 PM ICT,0.0
12-Mar-26 2:00:00 PM ICT,0.0
12-Mar-26 2:30:00 PM ICT,0.0
12-Mar-26 3:00:00 PM ICT,0.0
12-Mar-26 3:30:00 PM ICT,0.0
12-Mar-26 4:00:00 PM ICT,0.0
12-Mar-26 4:30:00 PM ICT,0.0
12-Mar-26 5:00:00 PM ICT,13.4
12-Mar-26 5:30:00 PM ICT,13.3
12-Mar-26 6:00:00 PM ICT,24.0
12-Mar-26 6:30:00 PM ICT,13.3
12-Mar-26 7:00:00 PM ICT,13.3
12-Mar-26 7:30:00 PM ICT,26.6
12-Mar-26 8:00:00 PM ICT,0.0
12-Mar-26 8:30:00 PM ICT,13.2
12-Mar-26 9:00:00 PM ICT,13.3
12-Mar-26 9:30:00 PM ICT,0.0
12-Mar-26 10:00:00 PM ICT,13.3
12-Mar-26 10:30:00 PM ICT,26.4
12-Mar-26 11:00:00 PM ICT,0.0
12-Mar-26 11:30:00 PM ICT,26.6
13-Mar-26 12:00:00 AM ICT,13.3
13-Mar-26 12:30:00 AM ICT,13.3
13-Mar-26 1:00:00 AM ICT,26.7
13-Mar-26 1:30:00 AM ICT,11.9
13-Mar-26 2:00:00 AM ICT,13.4
13-Mar-26 2:30:00 AM ICT,13.9
13-Mar-26 3:00:00 AM ICT,0.0
13-Mar-26 3:30:00 AM ICT,0.0
13-Mar-26 4:00:00 AM ICT,0.0
13-Mar-26 4:30:00 AM ICT,0.0
13-Mar-26 5:00:00 AM ICT,0.0
13-Mar-26 5:30:00 AM ICT,0.0
13-Mar-26 6:00:00 AM ICT,0.0
13-Mar-26 6:30:00 AM ICT,0.0
13-Mar-26 7:00:00 AM ICT,0.0
13-Mar-26 7:30:00 AM ICT,0.0
13-Mar-26 8:00:00 AM ICT,0.0
13-Mar-26 8:30:00 AM ICT,13.9
13-Mar-26 9:00:00 AM ICT,0.0
13-Mar-26 9:30:00 AM ICT,0.0
13-Mar-26 10:00:00 AM ICT,0.0
13-Mar-26 10:30:00 AM ICT,0.0
13-Mar-26 11:00:00 AM ICT,0.0
13-Mar-26 11:30:00 AM ICT,0.0
13-Mar-26 12:00:00 PM ICT,0.0
13-Mar-26 12:30:00 PM ICT,0.0
13-Mar-26 1:00:00 PM ICT,0.0
13-Mar-26 1:30:00 PM ICT,0.0
13-Mar-26 2:00:00 PM ICT,0.0
13-Mar-26 2:30:00 PM ICT,0.0
13-Mar-26 3:00:00 PM ICT,0.0
13-Mar-26 3:30:00 PM ICT,0.0
13-Mar-26 4:00:00 PM ICT,0.0
13-Mar-26 4:30:00 PM ICT,0.0
13-Mar-26 5:00:00 PM ICT,0.0
13-Mar-26 5:30:00 PM ICT,0.0
13-Mar-26 6:00:00 PM ICT,0.0
13-Mar-26 6:30:00 PM ICT,0.0
13-Mar-26 7:00:00 PM ICT,0.0
13-Mar-26 7:30:00 PM ICT,0.0
13-Mar-26 8:00:00 PM ICT,0.0
13-Mar-26 8:30:00 PM ICT,0.0
13-Mar-26 9:00:00 PM ICT,0.0
13-Mar-26 9:30:00 PM ICT,0.0
13-Mar-26 10:00:00 PM ICT,0.0
13-Mar-26 10:30:00 PM ICT,0.0
13-Mar-26 11:00:00 PM ICT,0.0
13-Mar-26 11:30:00 PM ICT,0.0
14-Mar-26 12:00:00 AM ICT,0.0
14-Mar-26 12:30:00 AM ICT,0.0
14-Mar-26 1:00:00 AM ICT,0.0
14-Mar-26 1:30:00 AM ICT,0.0
14-Mar-26 2:00:00 AM ICT,0.0
14-Mar-26 2:30:00 AM ICT,0.0
14-Mar-26 3:00:00 AM ICT,0.0
14-Mar-26 3:30:00 AM ICT,0.0
14-Mar-26 4:00:00 AM ICT,0.0
14-Mar-26 4:30:00 AM ICT,0.0
14-Mar-26 5:00:00 AM ICT,0.0
14-Mar-26 5:30:00 AM ICT,0.0
14-Mar-26 6:00:00 AM ICT,0.0
14-Mar-26 6:30:00 AM ICT,0.0
14-Mar-26 7:00:00 AM ICT,0.0
14-Mar-26 7:30:00 AM ICT,0.0
14-Mar-26 8:00:00 AM ICT,0.0
14-Mar-26 8:30:00 AM ICT,0.0
14-Mar-26 9:00:00 AM ICT,0.0
14-Mar-26 9:30:00 AM ICT,0.0
14-Mar-26 10:00:00 AM ICT,0.0
14-Mar-26 10:30:00 AM ICT,0.0
14-Mar-26 11:00:00 AM ICT,0.0
14-Mar-26 11:30:00 AM ICT,0.0
14-Mar-26 12:00:00 PM ICT,0.0
14-Mar-26 12:30:00 PM ICT,0.0
14-Mar-26 1:00:00 PM ICT,0.0
14-Mar-26 1:30:00 PM ICT,0.0
14-Mar-26 2:00:00 PM ICT,0.0
14-Mar-26 2:30:00 PM ICT,0.0
14-Mar-26 3:00:00 PM ICT,0.0
14-Mar-26 3:30:00 PM ICT,0.0
14-Mar-26 4:00:00 PM ICT,0.0
14-Mar-26 4:30:00 PM ICT,0.0
14-Mar-26 5:00:00 PM ICT,0.0
14-Mar-26 5:30:00 PM ICT,0.0
14-Mar-26 6:00:00 PM ICT,0.0
14-Mar-26 6:30:00 PM ICT,0.0
14-Mar-26 7:00:00 PM ICT,0.0
14-Mar-26 7:30:00 PM ICT,0.0
14-Mar-26 8:00:00 PM ICT,0.0
14-Mar-26 8:30:00 PM ICT,0.0
14-Mar-26 9:00:00 PM ICT,0.0
14-Mar-26 9:30:00 PM ICT,0.0
14-Mar-26 10:00:00 PM ICT,0.0
14-Mar-26 10:30:00 PM ICT,0.0
14-Mar-26 11:00:00 PM ICT,0.0
14-Mar-26 11:30:00 PM ICT,0.0
15-Mar-26 12:00:00 AM ICT,0.0
15-Mar-26 12:30:00 AM ICT,0.0
15-Mar-26 1:00:00 AM ICT,0.0
15-Mar-26 1:30:00 AM ICT,0.0
15-Mar-26 2:00:00 AM ICT,0.0
15-Mar-26 2:30:00 AM ICT,0.0
15-Mar-26 3:00:00 AM ICT,0.0
15-Mar-26 3:30:00 AM ICT,0.0
15-Mar-26 4:00:00 AM ICT,0.0
15-Mar-26 4:30:00 AM ICT,0.0
15-Mar-26 5:00:00 AM ICT,0.0
15-Mar-26 5:30:00 AM ICT,0.0
15-Mar-26 6:00:00 AM ICT,0.0
15-Mar-26 6:30:00 AM ICT,0.0
15-Mar-26 7:00:00 AM ICT,0.0
15-Mar-26 7:30:00 AM ICT,0.0
15-Mar-26 8:00:00 AM ICT,0.0
15-Mar-26 8:30:00 AM ICT,0.0
15-Mar-26 9:00:00 AM ICT,0.0
15-Mar-26 9:30:00 AM ICT,0.0
15-Mar-26 10:00:00 AM ICT,0.0
15-Mar-26 10:30:00 AM ICT,0.0
15-Mar-26 11:00:00 AM ICT,0.0
15-Mar-26 11:30:00 AM ICT,0.0
15-Mar-26 12:00:00 PM ICT,0.0
15-Mar-26 12:30:00 PM ICT,0.0
15-Mar-26 1:00:00 PM ICT,0.0
15-Mar-26 1:30:00 PM ICT,0.0
15-Mar-26 2:00:00 PM ICT,0.0
15-Mar-26 2:30:00 PM ICT,0.0
15-Mar-26 3:00:00 PM ICT,0.0
15-Mar-26 3:30:00 PM ICT,0.0
15-Mar-26 4:00:00 PM ICT,0.0
15-Mar-26 4:30:00 PM ICT,0.0
15-Mar-26 5:00:00 PM ICT,0.0
15-Mar-26 5:30:00 PM ICT,0.0
15-Mar-26 6:00:00 PM ICT,0.0
15-Mar-26 6:30:00 PM ICT,0.0
15-Mar-26 7:00:00 PM ICT,0.0
15-Mar-26 7:30:00 PM ICT,0.0
15-Mar-26 8:00:00 PM ICT,0.0
15-Mar-26 8:30:00 PM ICT,0.0
15-Mar-26 9:00:00 PM ICT,0.0
15-Mar-26 9:30:00 PM ICT,0.0
15-Mar-26 10:00:00 PM ICT,0.0
15-Mar-26 10:30:00 PM ICT,0.0
15-Mar-26 11:00:00 PM ICT,0.0
15-Mar-26 11:30:00 PM ICT,0.0
16-Mar-26 12:00:00 AM ICT,0.0
16-Mar-26 12:30:00 AM ICT,0.0
16-Mar-26 1:00:00 AM ICT,0.0
16-Mar-26 1:30:00 AM ICT,0.0
16-Mar-26 2:00:00 AM ICT,0.0
16-Mar-26 2:30:00 AM ICT,0.0
16-Mar-26 3:00:00 AM ICT,0.0
16-Mar-26 3:30:00 AM ICT,0.0
16-Mar-26 4:00:00 AM ICT,0.0
16-Mar-26 4:30:00 AM ICT,0.0
16-Mar-26 5:00:00 AM ICT,0.0
16-Mar-26 5:30:00 AM ICT,0.0
16-Mar-26 6:00:00 AM ICT,0.0
16-Mar-26 6:30:00 AM ICT,0.0
16-Mar-26 7:00:00 AM ICT,0.0
16-Mar-26 7:30:00 AM ICT,0.0
16-Mar-26 8:00:00 AM ICT,0.0
16-Mar-26 8:30:00 AM ICT,0.0
16-Mar-26 9:00:00 AM ICT,0.0
16-Mar-26 9:30:00 AM ICT,0.0
16-Mar-26 10:00:00 AM ICT,8.4
16-Mar-26 10:30:00 AM ICT,0.0
16-Mar-26 11:00:00 AM ICT,8.5
16-Mar-26 11:30:00 AM ICT,8.5
16-Mar-26 12:00:00 PM ICT,0.0
16-Mar-26 12:30:00 PM ICT,0.0
16-Mar-26 1:00:00 PM ICT,8.5
16-Mar-26 1:30:00 PM ICT,9.3
16-Mar-26 2:00:00 PM ICT,0.0
16-Mar-26 2:30:00 PM ICT,8.5
16-Mar-26 3:00:00 PM ICT,8.7
16-Mar-26 3:30:00 PM ICT,0.0
16-Mar-26 4:00:00 PM ICT,8.6
16-Mar-26 4:30:00 PM ICT,8.8
16-Mar-26 5:00:00 PM ICT,8.6
16-Mar-26 5:30:00 PM ICT,8.8
16-Mar-26 6:00:00 PM ICT,0.0
16-Mar-26 6:30:00 PM ICT,8.6
16-Mar-26 7:00:00 PM ICT,8.8
16-Mar-26 7:30:00 PM ICT,8.8
16-Mar-26 8:00:00 PM ICT,8.8
16-Mar-26 8:30:00 PM ICT,0.0
16-Mar-26 9:00:00 PM ICT,0.0
16-Mar-26 9:30:00 PM ICT,8.8
16-Mar-26 10:00:00 PM ICT,8.9
16-Mar-26 10:30:00 PM ICT,8.8
16-Mar-26 11:00:00 PM ICT,8.9
16-Mar-26 11:30:00 PM ICT,0.0
17-Mar-26 12:00:00 AM ICT,8.8
17-Mar-26 12:30:00 AM ICT,9.3
17-Mar-26 1:00:00 AM ICT,9.1
17-Mar-26 1:30:00 AM ICT,9.3
17-Mar-26 2:00:00 AM ICT,0.0
17-Mar-26 2:30:00 AM ICT,0.0
17-Mar-26 3:00:00 AM ICT,9.2
17-Mar-26 3:30:00 AM ICT,9.3
17-Mar-26 4:00:00 AM ICT,9.1
17-Mar-26 4:30:00 AM ICT,9.2
17-Mar-26 5:00:00 AM ICT,9.1
17-Mar-26 5:30:00 AM ICT,0.0
17-Mar-26 6:00:00 AM ICT,0.0
17-Mar-26 6:30:00 AM ICT,0.0
17-Mar-26 7:00:00 AM ICT,0.0
17-Mar-26 7:30:00 AM ICT,0.0
17-Mar-26 8:00:00 AM ICT,9.3
17-Mar-26 8:30:00 AM ICT,9.1
17-Mar-26 9:00:00 AM ICT,0.0
17-Mar-26 9:30:00 AM ICT,0.0
17-Mar-26 10:00:00 AM ICT,0.0
17-Mar-26 10:30:00 AM ICT,0.0
17-Mar-26 11:00:00 AM ICT,0.0
17-Mar-26 11:30:00 AM ICT,0.0
17-Mar-26 12:00:00 PM ICT,0.0
17-Mar-26 12:30:00 PM ICT,0.0
17-Mar-26 1:00:00 PM ICT,0.0
17-Mar-26 1:30:00 PM ICT,0.0
17-Mar-26 2:00:00 PM ICT,0.0
17-Mar-26 2:30:00 PM ICT,0.0
17-Mar-26 3:00:00 PM ICT,0.0
17-Mar-26 3:30:00 PM ICT,0.0
17-Mar-26 4:00:00 PM ICT,0.0
17-Mar-26 4:30:00 PM ICT,0.0
17-Mar-26 5:00:00 PM ICT,12.9
17-Mar-26 5:30:00 PM ICT,0.0
17-Mar-26 6:00:00 PM ICT,12.9
17-Mar-26 6:30:00 PM ICT,12.9
17-Mar-26 7:00:00 PM ICT,0.0
17-Mar-26 7:30:00 PM ICT,12.9
17-Mar-26 8:00:00 PM ICT,12.9
17-Mar-26 8:30:00 PM ICT,0.0
17-Mar-26 9:00:00 PM ICT,13.7
17-Mar-26 9:30:00 PM ICT,13.4
17-Mar-26 10:00:00 PM ICT,0.0
17-Mar-26 10:30:00 PM ICT,13.5
17-Mar-26 11:00:00 PM ICT,13.5
17-Mar-26 11:30:00 PM ICT,13.4
18-Mar-26 12:00:00 AM ICT,26.9
18-Mar-26 12:30:00 AM ICT,13.4
18-Mar-26 1:00:00 AM ICT,13.4
18-Mar-26 1:30:00 AM ICT,26.9
18-Mar-26 2:00:00 AM ICT,13.5
18-Mar-26 2:30:00 AM ICT,13.4
18-Mar-26 3:00:00 AM ICT,0.0
18-Mar-26 3:30:00 AM ICT,0.0
18-Mar-26 4:00:00 AM ICT,0.0
18-Mar-26 4:30:00 AM ICT,0.0
18-Mar-26 5:00:00 AM ICT,13.5
18-Mar-26 5:30:00 AM ICT,0.0
18-Mar-26 6:00:00 AM ICT,13.4
18-Mar-26 6:30:00 AM ICT,0.0
18-Mar-26 7:00:00 AM ICT,0.0
18-Mar-26 7:30:00 AM ICT,0.0
18-Mar-26 8:00:00 AM ICT,0.0
18-Mar-26 8:30:00 AM ICT,0.0
18-Mar-26 9:00:00 AM ICT,0.0
18-Mar-26 9:30:00 AM ICT,0.0
18-Mar-26 10:00:00 AM ICT,0.0
18-Mar-26 10:30:00 AM ICT,0.0
18-Mar-26 11:00:00 AM ICT,0.0
18-Mar-26 11:30:00 AM ICT,0.0
18-Mar-26 12:00:00 PM ICT,0.0
18-Mar-26 12:30:00 PM ICT,0.0
18-Mar-26 1:00:00 PM ICT,0.0
18-Mar-26 1:30:00 PM ICT,0.0
18-Mar-26 2:00:00 PM ICT,0.0
18-Mar-26 2:30:00 PM ICT,0.0
18-Mar-26 3:00:00 PM ICT,0.0
18-Mar-26 3:30:00 PM ICT,0.0
18-Mar-26 4:00:00 PM ICT,0.0
18-Mar-26 4:30:00 PM ICT,0.0
18-Mar-26 5:00:00 PM ICT,0.0
18-Mar-26 5:30:00 PM ICT,0.0
18-Mar-26 6:00:00 PM ICT,0.0
18-Mar-26 6:30:00 PM ICT,0.0
18-Mar-26 7:00:00 PM ICT,0.0
18-Mar-26 7:30:00 PM ICT,0.0
18-Mar-26 8:00:00 PM ICT,0.0
18-Mar-26 8:30:00 PM ICT,0.0
18-Mar-26 9:00:00 PM ICT,0.0
18-Mar-26 9:30:00 PM ICT,0.0
18-Mar-26 10:00:00 PM ICT,0.0
18-Mar-26 10:30:00 PM ICT,0.0
18-Mar-26 11:00:00 PM ICT,0.0
18-Mar-26 11:30:00 PM ICT,0.0
19-Mar-26 12:00:00 AM ICT,0.0
19-Mar-26 12:30:00 AM ICT,0.0
19-Mar-26 1:00:00 AM ICT,0.0
19-Mar-26 1:30:00 AM ICT,0.0
19-Mar-26 2:00:00 AM ICT,0.0
19-Mar-26 2:30:00 AM ICT,0.0
19-Mar-26 3:00:00 AM ICT,0.0
19-Mar-26 3:30:00 AM ICT,0.0
19-Mar-26 4:00:00 AM ICT,0.0
19-Mar-26 4:30:00 AM ICT,0.0
19-Mar-26 5:00:00 AM ICT,0.0
19-Mar-26 5:30:00 AM ICT,0.0
19-Mar-26 6:00:00 AM ICT,0.0
19-Mar-26 6:30:00 AM ICT,0.0
19-Mar-26 7:00:00 AM ICT,0.0
19-Mar-26 7:30:00 AM ICT,0.0
19-Mar-26 8:00:00 AM ICT,0.0
19-Mar-26 8:30:00 AM ICT,0.0
19-Mar-26 9:00:00 AM ICT,0.0
19-Mar-26 9:30:00 AM ICT,0.0
19-Mar-26 10:00:00 AM ICT,0.0
19-Mar-26 10:30:00 AM ICT,0.0
19-Mar-26 11:00:00 AM ICT,0.0
19-Mar-26 11:30:00 AM ICT,0.0
19-Mar-26 12:00:00 PM ICT,0.0
19-Mar-26 12:30:00 PM ICT,0.0
19-Mar-26 1:00:00 PM ICT,0.0
19-Mar-26 1:30:00 PM ICT,0.0
19-Mar-26 2:00:00 PM ICT,0.0
19-Mar-26 2:30:00 PM ICT,0.0
19-Mar-26 3:00:00 PM ICT,0.0
19-Mar-26 3:30:00 PM ICT,0.0
19-Mar-26 4:00:00 PM ICT,0.0
19-Mar-26 4:30:00 PM ICT,0.0
19-Mar-26 5:00:00 PM ICT,0.0
19-Mar-26 5:30:00 PM ICT,0.0
19-Mar-26 6:00:00 PM ICT,0.0
19-Mar-26 6:30:00 PM ICT,0.0
19-Mar-26 7:00:00 PM ICT,0.0
19-Mar-26 7:30:00 PM ICT,0.0
19-Mar-26 8:00:00 PM ICT,0.0
19-Mar-26 8:30:00 PM ICT,0.0
19-Mar-26 9:00:00 PM ICT,0.0
19-Mar-26 9:30:00 PM ICT,0.0
19-Mar-26 10:00:00 PM ICT,0.0
19-Mar-26 10:30:00 PM ICT,0.0
19-Mar-26 11:00:00 PM ICT,0.0
19-Mar-26 11:30:00 PM ICT,0.0
20-Mar-26 12:00:00 AM ICT,0.0
20-Mar-26 12:30:00 AM ICT,0.0
20-Mar-26 1:00:00 AM ICT,0.0
20-Mar-26 1:30:00 AM ICT,0.0
20-Mar-26 2:00:00 AM ICT,0.0
20-Mar-26 2:30:00 AM ICT,0.0
20-Mar-26 3:00:00 AM ICT,0.0
20-Mar-26 3:30:00 AM ICT,0.0
20-Mar-26 4:00:00 AM ICT,0.0
20-Mar-26 4:30:00 AM ICT,0.0
20-Mar-26 5:00:00 AM ICT,0.0
20-Mar-26 5:30:00 AM ICT,0.0
20-Mar-26 6:00:00 AM ICT,0.0
20-Mar-26 6:30:00 AM ICT,0.0
20-Mar-26 7:00:00 AM ICT,0.0
20-Mar-26 7:30:00 AM ICT,0.0
20-Mar-26 8:00:00 AM ICT,0.0