Timestamp,FIT103ROWaterSupply_Flow(m³/hr)
30-Jan-26 10:30:00 PM ICT,0
30-Jan-26 11:00:00 PM ICT,0
30-Jan-26 11:30:00 PM ICT,0
31-Jan-26 12:00:00 AM ICT,0
31-Jan-26 12:30:00 AM ICT,0
31-Jan-26 1:00:00 AM ICT,0
31-Jan-26 1:30:00 AM ICT,0
31-Jan-26 2:00:00 AM ICT,0
31-Jan-26 2:30:00 AM ICT,0
31-Jan-26 3:00:00 AM ICT,0
31-Jan-26 3:30:00 AM ICT,0
31-Jan-26 4:00:00 AM ICT,0
31-Jan-26 4:30:00 AM ICT,0
31-Jan-26 5:00:00 AM ICT,0
31-Jan-26 5:30:00 AM ICT,0
31-Jan-26 6:00:00 AM ICT,0
31-Jan-26 6:30:00 AM ICT,0
31-Jan-26 7:00:00 AM ICT,0
31-Jan-26 7:30:00 AM ICT,0
31-Jan-26 8:00:00 AM ICT,0
31-Jan-26 8:30:00 AM ICT,0
31-Jan-26 9:00:00 AM ICT,0
31-Jan-26 9:30:00 AM ICT,0
31-Jan-26 10:00:00 AM ICT,0
31-Jan-26 10:30:00 AM ICT,0
31-Jan-26 11:00:00 AM ICT,0.5
31-Jan-26 11:30:00 AM ICT,0
31-Jan-26 12:00:00 PM ICT,0
31-Jan-26 12:30:00 PM ICT,0
31-Jan-26 1:00:00 PM ICT,0
31-Jan-26 1:30:00 PM ICT,0
31-Jan-26 2:00:00 PM ICT,0
31-Jan-26 2:30:00 PM ICT,0
31-Jan-26 3:00:00 PM ICT,0.4
31-Jan-26 3:30:00 PM ICT,0
31-Jan-26 4:00:00 PM ICT,0
31-Jan-26 4:30:00 PM ICT,0
31-Jan-26 5:00:00 PM ICT,0
31-Jan-26 5:30:00 PM ICT,0.5
31-Jan-26 6:00:00 PM ICT,0
31-Jan-26 6:30:00 PM ICT,0
31-Jan-26 7:00:00 PM ICT,0
31-Jan-26 7:30:00 PM ICT,0
31-Jan-26 8:00:00 PM ICT,0
31-Jan-26 8:30:00 PM ICT,0
31-Jan-26 9:00:00 PM ICT,0
31-Jan-26 9:30:00 PM ICT,0
31-Jan-26 10:00:00 PM ICT,0
31-Jan-26 10:30:00 PM ICT,0
31-Jan-26 11:00:00 PM ICT,0
31-Jan-26 11:30:00 PM ICT,0
01-Feb-26 12:00:00 AM ICT,0
01-Feb-26 12:30:00 AM ICT,0
01-Feb-26 1:00:00 AM ICT,0
01-Feb-26 1:30:00 AM ICT,0
01-Feb-26 2:00:00 AM ICT,0
01-Feb-26 2:30:00 AM ICT,0
01-Feb-26 3:00:00 AM ICT,0
01-Feb-26 3:30:00 AM ICT,0
01-Feb-26 4:00:00 AM ICT,0
01-Feb-26 4:30:00 AM ICT,0
01-Feb-26 5:00:00 AM ICT,0
01-Feb-26 5:30:00 AM ICT,0
01-Feb-26 6:00:00 AM ICT,0
01-Feb-26 6:30:00 AM ICT,0
01-Feb-26 7:00:00 AM ICT,0
01-Feb-26 7:30:00 AM ICT,0
01-Feb-26 8:00:00 AM ICT,0
01-Feb-26 8:30:00 AM ICT,0
01-Feb-26 9:00:00 AM ICT,0
01-Feb-26 9:30:00 AM ICT,0
01-Feb-26 10:00:00 AM ICT,0
01-Feb-26 10:30:00 AM ICT,0
01-Feb-26 11:00:00 AM ICT,0
01-Feb-26 11:30:00 AM ICT,0
01-Feb-26 12:00:00 PM ICT,0
01-Feb-26 12:30:00 PM ICT,0
01-Feb-26 1:00:00 PM ICT,0
01-Feb-26 1:30:00 PM ICT,0
01-Feb-26 2:00:00 PM ICT,0
01-Feb-26 2:30:00 PM ICT,0
01-Feb-26 3:00:00 PM ICT,0
01-Feb-26 3:30:00 PM ICT,0
01-Feb-26 4:00:00 PM ICT,0
01-Feb-26 4:30:00 PM ICT,0
01-Feb-26 5:00:00 PM ICT,0
01-Feb-26 5:30:00 PM ICT,0
01-Feb-26 6:00:00 PM ICT,0
01-Feb-26 6:30:00 PM ICT,0
01-Feb-26 7:00:00 PM ICT,0
01-Feb-26 7:30:00 PM ICT,0
01-Feb-26 8:00:00 PM ICT,0
01-Feb-26 8:30:00 PM ICT,0
01-Feb-26 9:00:00 PM ICT,0.7
01-Feb-26 9:30:00 PM ICT,0
01-Feb-26 10:00:00 PM ICT,0
01-Feb-26 10:30:00 PM ICT,0
01-Feb-26 11:00:00 PM ICT,0
01-Feb-26 11:30:00 PM ICT,0
02-Feb-26 12:00:00 AM ICT,0
02-Feb-26 12:30:00 AM ICT,0
02-Feb-26 1:00:00 AM ICT,0
02-Feb-26 1:30:00 AM ICT,0
02-Feb-26 2:00:00 AM ICT,0
02-Feb-26 2:30:00 AM ICT,0
02-Feb-26 3:00:00 AM ICT,0
02-Feb-26 3:30:00 AM ICT,0
02-Feb-26 4:00:00 AM ICT,0
02-Feb-26 4:30:00 AM ICT,0.6
02-Feb-26 5:00:00 AM ICT,0
02-Feb-26 5:30:00 AM ICT,0
02-Feb-26 6:00:00 AM ICT,0
02-Feb-26 6:30:00 AM ICT,0
02-Feb-26 7:00:00 AM ICT,0
02-Feb-26 7:30:00 AM ICT,0
02-Feb-26 8:00:00 AM ICT,3
02-Feb-26 8:30:00 AM ICT,0.6
02-Feb-26 9:00:00 AM ICT,1.1
02-Feb-26 9:30:00 AM ICT,0
02-Feb-26 10:00:00 AM ICT,1.1
02-Feb-26 10:30:00 AM ICT,1.5
02-Feb-26 11:00:00 AM ICT,0
02-Feb-26 11:30:00 AM ICT,0
02-Feb-26 12:00:00 PM ICT,0.6
02-Feb-26 12:30:00 PM ICT,0
02-Feb-26 1:00:00 PM ICT,0
02-Feb-26 1:30:00 PM ICT,0.6
02-Feb-26 2:00:00 PM ICT,1.6
02-Feb-26 2:30:00 PM ICT,0
02-Feb-26 3:00:00 PM ICT,0
02-Feb-26 3:30:00 PM ICT,1.5
02-Feb-26 4:00:00 PM ICT,0
02-Feb-26 4:30:00 PM ICT,0
02-Feb-26 5:00:00 PM ICT,0
02-Feb-26 5:30:00 PM ICT,0
02-Feb-26 6:00:00 PM ICT,0
02-Feb-26 6:30:00 PM ICT,0
02-Feb-26 7:00:00 PM ICT,0
02-Feb-26 7:30:00 PM ICT,0
02-Feb-26 8:00:00 PM ICT,0.5
02-Feb-26 8:30:00 PM ICT,0
02-Feb-26 9:00:00 PM ICT,0
02-Feb-26 9:30:00 PM ICT,0
02-Feb-26 10:00:00 PM ICT,0
02-Feb-26 10:30:00 PM ICT,0
02-Feb-26 11:00:00 PM ICT,0
02-Feb-26 11:30:00 PM ICT,0
03-Feb-26 12:00:00 AM ICT,0
03-Feb-26 12:30:00 AM ICT,0
03-Feb-26 1:00:00 AM ICT,0
03-Feb-26 1:30:00 AM ICT,0
03-Feb-26 2:00:00 AM ICT,0
03-Feb-26 2:30:00 AM ICT,0
03-Feb-26 3:00:00 AM ICT,0
03-Feb-26 3:30:00 AM ICT,0
03-Feb-26 4:00:00 AM ICT,0
03-Feb-26 4:30:00 AM ICT,0
03-Feb-26 5:00:00 AM ICT,0
03-Feb-26 5:30:00 AM ICT,0
03-Feb-26 6:00:00 AM ICT,0
03-Feb-26 6:30:00 AM ICT,0
03-Feb-26 7:00:00 AM ICT,0
03-Feb-26 7:30:00 AM ICT,1
03-Feb-26 8:00:00 AM ICT,0.9
03-Feb-26 8:30:00 AM ICT,1
03-Feb-26 9:00:00 AM ICT,0.5
03-Feb-26 9:30:00 AM ICT,0
03-Feb-26 10:00:00 AM ICT,0.4
03-Feb-26 10:30:00 AM ICT,0
03-Feb-26 11:00:00 AM ICT,0
03-Feb-26 11:30:00 AM ICT,1.5
03-Feb-26 12:00:00 PM ICT,0
03-Feb-26 12:30:00 PM ICT,0
03-Feb-26 1:00:00 PM ICT,0
03-Feb-26 1:30:00 PM ICT,0
03-Feb-26 2:00:00 PM ICT,0
03-Feb-26 2:30:00 PM ICT,0
03-Feb-26 3:00:00 PM ICT,3.3
03-Feb-26 3:30:00 PM ICT,0
03-Feb-26 4:00:00 PM ICT,0
03-Feb-26 4:30:00 PM ICT,0
03-Feb-26 5:00:00 PM ICT,0.5
03-Feb-26 5:30:00 PM ICT,0
03-Feb-26 6:00:00 PM ICT,0
03-Feb-26 6:30:00 PM ICT,0
03-Feb-26 7:00:00 PM ICT,0
03-Feb-26 7:30:00 PM ICT,0
03-Feb-26 8:00:00 PM ICT,0
03-Feb-26 8:30:00 PM ICT,0
03-Feb-26 9:00:00 PM ICT,1
03-Feb-26 9:30:00 PM ICT,0
03-Feb-26 10:00:00 PM ICT,0
03-Feb-26 10:30:00 PM ICT,0
03-Feb-26 11:00:00 PM ICT,0
03-Feb-26 11:30:00 PM ICT,0
04-Feb-26 12:00:00 AM ICT,0
04-Feb-26 12:30:00 AM ICT,0
04-Feb-26 1:00:00 AM ICT,0
04-Feb-26 1:30:00 AM ICT,0
04-Feb-26 2:00:00 AM ICT,0
04-Feb-26 2:30:00 AM ICT,0
04-Feb-26 3:00:00 AM ICT,0
04-Feb-26 3:30:00 AM ICT,0
04-Feb-26 4:00:00 AM ICT,0
04-Feb-26 4:30:00 AM ICT,0
04-Feb-26 5:00:00 AM ICT,0
04-Feb-26 5:30:00 AM ICT,0
04-Feb-26 6:00:00 AM ICT,0
04-Feb-26 6:30:00 AM ICT,0
04-Feb-26 7:00:00 AM ICT,0
04-Feb-26 7:30:00 AM ICT,1
04-Feb-26 8:00:00 AM ICT,0.8
04-Feb-26 8:30:00 AM ICT,0
04-Feb-26 9:00:00 AM ICT,0
04-Feb-26 9:30:00 AM ICT,4.1
04-Feb-26 10:00:00 AM ICT,2.2
04-Feb-26 10:30:00 AM ICT,0.3
04-Feb-26 11:00:00 AM ICT,0
04-Feb-26 11:30:00 AM ICT,0
04-Feb-26 12:00:00 PM ICT,1.6
04-Feb-26 12:30:00 PM ICT,0
04-Feb-26 1:00:00 PM ICT,0
04-Feb-26 1:30:00 PM ICT,0
04-Feb-26 2:00:00 PM ICT,1.4
04-Feb-26 2:30:00 PM ICT,0
04-Feb-26 3:00:00 PM ICT,0
04-Feb-26 3:30:00 PM ICT,0
04-Feb-26 4:00:00 PM ICT,0
04-Feb-26 4:30:00 PM ICT,0
04-Feb-26 5:00:00 PM ICT,0
04-Feb-26 5:30:00 PM ICT,0
04-Feb-26 6:00:00 PM ICT,0
04-Feb-26 6:30:00 PM ICT,0
04-Feb-26 7:00:00 PM ICT,0
04-Feb-26 7:30:00 PM ICT,0
04-Feb-26 8:00:00 PM ICT,0.5
04-Feb-26 8:30:00 PM ICT,0
04-Feb-26 9:00:00 PM ICT,0
04-Feb-26 9:30:00 PM ICT,0
04-Feb-26 10:00:00 PM ICT,0
04-Feb-26 10:30:00 PM ICT,0
04-Feb-26 11:00:00 PM ICT,0
04-Feb-26 11:30:00 PM ICT,0
05-Feb-26 12:00:00 AM ICT,0
05-Feb-26 12:30:00 AM ICT,0
05-Feb-26 1:00:00 AM ICT,0.4
05-Feb-26 1:30:00 AM ICT,0
05-Feb-26 2:00:00 AM ICT,0
05-Feb-26 2:30:00 AM ICT,0
05-Feb-26 3:00:00 AM ICT,0
05-Feb-26 3:30:00 AM ICT,0
05-Feb-26 4:00:00 AM ICT,0
05-Feb-26 4:30:00 AM ICT,0
05-Feb-26 5:00:00 AM ICT,0
05-Feb-26 5:30:00 AM ICT,0.7
05-Feb-26 6:00:00 AM ICT,0
05-Feb-26 6:30:00 AM ICT,1.6
05-Feb-26 7:00:00 AM ICT,1.6
05-Feb-26 7:30:00 AM ICT,0
05-Feb-26 8:00:00 AM ICT,0.3
05-Feb-26 8:30:00 AM ICT,0.8
05-Feb-26 9:00:00 AM ICT,0.3
05-Feb-26 9:30:00 AM ICT,1
05-Feb-26 10:00:00 AM ICT,1.2
05-Feb-26 10:30:00 AM ICT,0
05-Feb-26 11:00:00 AM ICT,1.5
05-Feb-26 11:30:00 AM ICT,0
05-Feb-26 12:00:00 PM ICT,0
05-Feb-26 12:30:00 PM ICT,0
05-Feb-26 1:00:00 PM ICT,1.4
05-Feb-26 1:30:00 PM ICT,0
05-Feb-26 2:00:00 PM ICT,0
05-Feb-26 2:30:00 PM ICT,1.5
05-Feb-26 3:00:00 PM ICT,0
05-Feb-26 3:30:00 PM ICT,0
05-Feb-26 4:00:00 PM ICT,0
05-Feb-26 4:30:00 PM ICT,1.5
05-Feb-26 5:00:00 PM ICT,0
05-Feb-26 5:30:00 PM ICT,0
05-Feb-26 6:00:00 PM ICT,0
05-Feb-26 6:30:00 PM ICT,0
05-Feb-26 7:00:00 PM ICT,0
05-Feb-26 7:30:00 PM ICT,0
05-Feb-26 8:00:00 PM ICT,0
05-Feb-26 8:30:00 PM ICT,0
05-Feb-26 9:00:00 PM ICT,0
05-Feb-26 9:30:00 PM ICT,0
05-Feb-26 10:00:00 PM ICT,0
05-Feb-26 10:30:00 PM ICT,0
05-Feb-26 11:00:00 PM ICT,0
05-Feb-26 11:30:00 PM ICT,0
06-Feb-26 12:00:00 AM ICT,0
06-Feb-26 12:30:00 AM ICT,0
06-Feb-26 1:00:00 AM ICT,0
06-Feb-26 1:30:00 AM ICT,0
06-Feb-26 2:00:00 AM ICT,0
06-Feb-26 2:30:00 AM ICT,0
06-Feb-26 3:00:00 AM ICT,0
06-Feb-26 3:30:00 AM ICT,0
06-Feb-26 4:00:00 AM ICT,0
06-Feb-26 4:30:00 AM ICT,0
06-Feb-26 5:00:00 AM ICT,0
06-Feb-26 5:30:00 AM ICT,0
06-Feb-26 6:00:00 AM ICT,0
06-Feb-26 6:30:00 AM ICT,0
06-Feb-26 7:00:00 AM ICT,0
06-Feb-26 7:30:00 AM ICT,0
06-Feb-26 8:00:00 AM ICT,0
06-Feb-26 8:30:00 AM ICT,0
06-Feb-26 9:00:00 AM ICT,0
06-Feb-26 9:30:00 AM ICT,0
06-Feb-26 10:00:00 AM ICT,0
06-Feb-26 10:30:00 AM ICT,0
06-Feb-26 11:00:00 AM ICT,0
06-Feb-26 11:30:00 AM ICT,0
06-Feb-26 12:00:00 PM ICT,0
06-Feb-26 12:30:00 PM ICT,0
06-Feb-26 1:00:00 PM ICT,0
06-Feb-26 1:30:00 PM ICT,0
06-Feb-26 2:00:00 PM ICT,0
06-Feb-26 2:30:00 PM ICT,0
06-Feb-26 3:00:00 PM ICT,0
06-Feb-26 3:30:00 PM ICT,0
06-Feb-26 4:00:00 PM ICT,0
06-Feb-26 4:30:00 PM ICT,0
06-Feb-26 5:00:00 PM ICT,0
06-Feb-26 5:30:00 PM ICT,0
06-Feb-26 6:00:00 PM ICT,0
06-Feb-26 6:30:00 PM ICT,0
06-Feb-26 7:00:00 PM ICT,0
06-Feb-26 7:30:00 PM ICT,0
06-Feb-26 8:00:00 PM ICT,0
06-Feb-26 8:30:00 PM ICT,0
06-Feb-26 9:00:00 PM ICT,0
06-Feb-26 9:30:00 PM ICT,0
06-Feb-26 10:00:00 PM ICT,0
06-Feb-26 10:30:00 PM ICT,0
06-Feb-26 11:00:00 PM ICT,0
06-Feb-26 11:30:00 PM ICT,0
07-Feb-26 12:00:00 AM ICT,0
07-Feb-26 12:30:00 AM ICT,0
07-Feb-26 1:00:00 AM ICT,0
07-Feb-26 1:30:00 AM ICT,0
07-Feb-26 2:00:00 AM ICT,0
07-Feb-26 2:30:00 AM ICT,0
07-Feb-26 3:00:00 AM ICT,0.9
07-Feb-26 3:30:00 AM ICT,1.7
07-Feb-26 4:00:00 AM ICT,0
07-Feb-26 4:30:00 AM ICT,0
07-Feb-26 5:00:00 AM ICT,0
07-Feb-26 5:30:00 AM ICT,0
07-Feb-26 6:00:00 AM ICT,0
07-Feb-26 6:30:00 AM ICT,0.5
07-Feb-26 7:00:00 AM ICT,0.8
07-Feb-26 7:30:00 AM ICT,0
07-Feb-26 8:00:00 AM ICT,0
07-Feb-26 8:30:00 AM ICT,0
07-Feb-26 9:00:00 AM ICT,0
07-Feb-26 9:30:00 AM ICT,0
07-Feb-26 10:00:00 AM ICT,0
07-Feb-26 10:30:00 AM ICT,0
07-Feb-26 11:00:00 AM ICT,0
07-Feb-26 11:30:00 AM ICT,0
07-Feb-26 12:00:00 PM ICT,0
07-Feb-26 12:30:00 PM ICT,0
07-Feb-26 1:00:00 PM ICT,0
07-Feb-26 1:30:00 PM ICT,0
07-Feb-26 2:00:00 PM ICT,0
07-Feb-26 2:30:00 PM ICT,0
07-Feb-26 3:00:00 PM ICT,0
07-Feb-26 3:30:00 PM ICT,0
07-Feb-26 4:00:00 PM ICT,0
07-Feb-26 4:30:00 PM ICT,0
07-Feb-26 5:00:00 PM ICT,0
07-Feb-26 5:30:00 PM ICT,0
07-Feb-26 6:00:00 PM ICT,0
07-Feb-26 6:30:00 PM ICT,0
07-Feb-26 7:00:00 PM ICT,0
07-Feb-26 7:30:00 PM ICT,0
07-Feb-26 8:00:00 PM ICT,0
07-Feb-26 8:30:00 PM ICT,0
07-Feb-26 9:00:00 PM ICT,0
07-Feb-26 9:30:00 PM ICT,0
07-Feb-26 10:00:00 PM ICT,0
07-Feb-26 10:30:00 PM ICT,0
07-Feb-26 11:00:00 PM ICT,0
07-Feb-26 11:30:00 PM ICT,0
08-Feb-26 12:00:00 AM ICT,0
08-Feb-26 12:30:00 AM ICT,0
08-Feb-26 1:00:00 AM ICT,0
08-Feb-26 1:30:00 AM ICT,0
08-Feb-26 2:00:00 AM ICT,0
08-Feb-26 2:30:00 AM ICT,0
08-Feb-26 3:00:00 AM ICT,0.7
08-Feb-26 3:30:00 AM ICT,0
08-Feb-26 4:00:00 AM ICT,0
08-Feb-26 4:30:00 AM ICT,0
08-Feb-26 5:00:00 AM ICT,1.8
08-Feb-26 5:30:00 AM ICT,0
08-Feb-26 6:00:00 AM ICT,0.6
08-Feb-26 6:30:00 AM ICT,1.8
08-Feb-26 7:00:00 AM ICT,3
08-Feb-26 7:30:00 AM ICT,1.5
08-Feb-26 8:00:00 AM ICT,1.6
08-Feb-26 8:30:00 AM ICT,1.7
08-Feb-26 9:00:00 AM ICT,2.3
08-Feb-26 9:30:00 AM ICT,2.3
08-Feb-26 10:00:00 AM ICT,1.1
08-Feb-26 10:30:00 AM ICT,0
08-Feb-26 11:00:00 AM ICT,0
08-Feb-26 11:30:00 AM ICT,0
08-Feb-26 12:00:00 PM ICT,0
08-Feb-26 12:30:00 PM ICT,0
08-Feb-26 1:00:00 PM ICT,0
08-Feb-26 1:30:00 PM ICT,0
08-Feb-26 2:00:00 PM ICT,0
08-Feb-26 2:30:00 PM ICT,0
08-Feb-26 3:00:00 PM ICT,0
08-Feb-26 3:30:00 PM ICT,0
08-Feb-26 4:00:00 PM ICT,0
08-Feb-26 4:30:00 PM ICT,0.5
08-Feb-26 5:00:00 PM ICT,0
08-Feb-26 5:30:00 PM ICT,0
08-Feb-26 6:00:00 PM ICT,0
08-Feb-26 6:30:00 PM ICT,0
08-Feb-26 7:00:00 PM ICT,0
08-Feb-26 7:30:00 PM ICT,0
08-Feb-26 8:00:00 PM ICT,0
08-Feb-26 8:30:00 PM ICT,0
08-Feb-26 9:00:00 PM ICT,0
08-Feb-26 9:30:00 PM ICT,0
08-Feb-26 10:00:00 PM ICT,0
08-Feb-26 10:30:00 PM ICT,0
08-Feb-26 11:00:00 PM ICT,0
08-Feb-26 11:30:00 PM ICT,0
09-Feb-26 12:00:00 AM ICT,0
09-Feb-26 12:30:00 AM ICT,0
09-Feb-26 1:00:00 AM ICT,0
09-Feb-26 1:30:00 AM ICT,0
09-Feb-26 2:00:00 AM ICT,0
09-Feb-26 2:30:00 AM ICT,0
09-Feb-26 3:00:00 AM ICT,0
09-Feb-26 3:30:00 AM ICT,0
09-Feb-26 4:00:00 AM ICT,0
09-Feb-26 4:30:00 AM ICT,0
09-Feb-26 5:00:00 AM ICT,0
09-Feb-26 5:30:00 AM ICT,0
09-Feb-26 6:00:00 AM ICT,0
09-Feb-26 6:30:00 AM ICT,0
09-Feb-26 7:00:00 AM ICT,0
09-Feb-26 7:30:00 AM ICT,0
09-Feb-26 8:00:00 AM ICT,0
09-Feb-26 8:30:00 AM ICT,0
09-Feb-26 9:00:00 AM ICT,0
09-Feb-26 9:30:00 AM ICT,0
09-Feb-26 10:00:00 AM ICT,0
09-Feb-26 10:30:00 AM ICT,0
09-Feb-26 11:00:00 AM ICT,0
09-Feb-26 11:30:00 AM ICT,0
09-Feb-26 12:00:00 PM ICT,0
09-Feb-26 12:30:00 PM ICT,0
09-Feb-26 1:00:00 PM ICT,0
09-Feb-26 1:30:00 PM ICT,0
09-Feb-26 2:00:00 PM ICT,0
09-Feb-26 2:30:00 PM ICT,0
09-Feb-26 3:00:00 PM ICT,0
09-Feb-26 3:30:00 PM ICT,0
09-Feb-26 4:00:00 PM ICT,0
09-Feb-26 4:30:00 PM ICT,0
09-Feb-26 5:00:00 PM ICT,0
09-Feb-26 5:30:00 PM ICT,0
09-Feb-26 6:00:00 PM ICT,0
09-Feb-26 6:30:00 PM ICT,0
09-Feb-26 7:00:00 PM ICT,0
09-Feb-26 7:30:00 PM ICT,0
09-Feb-26 8:00:00 PM ICT,0
09-Feb-26 8:30:00 PM ICT,0
09-Feb-26 9:00:00 PM ICT,0
09-Feb-26 9:30:00 PM ICT,0
09-Feb-26 10:00:00 PM ICT,0
09-Feb-26 10:30:00 PM ICT,0
09-Feb-26 11:00:00 PM ICT,0
09-Feb-26 11:30:00 PM ICT,0
10-Feb-26 12:00:00 AM ICT,0
10-Feb-26 12:30:00 AM ICT,0
10-Feb-26 1:00:00 AM ICT,0
10-Feb-26 1:30:00 AM ICT,0
10-Feb-26 2:00:00 AM ICT,0
10-Feb-26 2:30:00 AM ICT,0
10-Feb-26 3:00:00 AM ICT,0
10-Feb-26 3:30:00 AM ICT,0
10-Feb-26 4:00:00 AM ICT,0
10-Feb-26 4:30:00 AM ICT,0
10-Feb-26 5:00:00 AM ICT,0
10-Feb-26 5:30:00 AM ICT,0
10-Feb-26 6:00:00 AM ICT,0
10-Feb-26 6:30:00 AM ICT,0
10-Feb-26 7:00:00 AM ICT,0
10-Feb-26 7:30:00 AM ICT,0
10-Feb-26 8:00:00 AM ICT,0
10-Feb-26 8:30:00 AM ICT,0
10-Feb-26 9:00:00 AM ICT,0
10-Feb-26 9:30:00 AM ICT,0
10-Feb-26 10:00:00 AM ICT,0
10-Feb-26 10:30:00 AM ICT,0
10-Feb-26 11:00:00 AM ICT,0
10-Feb-26 11:30:00 AM ICT,0
10-Feb-26 12:00:00 PM ICT,0
10-Feb-26 12:30:00 PM ICT,0
10-Feb-26 1:00:00 PM ICT,2.9
10-Feb-26 1:30:00 PM ICT,0
10-Feb-26 2:00:00 PM ICT,0
10-Feb-26 2:30:00 PM ICT,0
10-Feb-26 3:00:00 PM ICT,0
10-Feb-26 3:30:00 PM ICT,1.6
10-Feb-26 4:00:00 PM ICT,0
10-Feb-26 4:30:00 PM ICT,0
10-Feb-26 5:00:00 PM ICT,0
10-Feb-26 5:30:00 PM ICT,0
10-Feb-26 6:00:00 PM ICT,0
10-Feb-26 6:30:00 PM ICT,0
10-Feb-26 7:00:00 PM ICT,0
10-Feb-26 7:30:00 PM ICT,0
10-Feb-26 8:00:00 PM ICT,0
10-Feb-26 8:30:00 PM ICT,0
10-Feb-26 9:00:00 PM ICT,0
10-Feb-26 9:30:00 PM ICT,0
10-Feb-26 10:00:00 PM ICT,0
10-Feb-26 10:30:00 PM ICT,0
10-Feb-26 11:00:00 PM ICT,0
10-Feb-26 11:30:00 PM ICT,0
11-Feb-26 12:00:00 AM ICT,0
11-Feb-26 12:30:00 AM ICT,0
11-Feb-26 1:00:00 AM ICT,0
11-Feb-26 1:30:00 AM ICT,0
11-Feb-26 2:00:00 AM ICT,0
11-Feb-26 2:30:00 AM ICT,0
11-Feb-26 3:00:00 AM ICT,0
11-Feb-26 3:30:00 AM ICT,0
11-Feb-26 4:00:00 AM ICT,0
11-Feb-26 4:30:00 AM ICT,0
11-Feb-26 5:00:00 AM ICT,0
11-Feb-26 5:30:00 AM ICT,0
11-Feb-26 6:00:00 AM ICT,0
11-Feb-26 6:30:00 AM ICT,0
11-Feb-26 7:00:00 AM ICT,0
11-Feb-26 7:30:00 AM ICT,0
11-Feb-26 8:00:00 AM ICT,0
11-Feb-26 8:30:00 AM ICT,0
11-Feb-26 9:00:00 AM ICT,0
11-Feb-26 9:30:00 AM ICT,0
11-Feb-26 10:00:00 AM ICT,0
11-Feb-26 10:30:00 AM ICT,0
11-Feb-26 11:00:00 AM ICT,0
11-Feb-26 11:30:00 AM ICT,0
11-Feb-26 12:00:00 PM ICT,0
11-Feb-26 12:30:00 PM ICT,0
11-Feb-26 1:00:00 PM ICT,0
11-Feb-26 1:30:00 PM ICT,0
11-Feb-26 2:00:00 PM ICT,0
11-Feb-26 2:30:00 PM ICT,0
11-Feb-26 3:00:00 PM ICT,0
11-Feb-26 3:30:00 PM ICT,0
11-Feb-26 4:00:00 PM ICT,0
11-Feb-26 4:30:00 PM ICT,0
11-Feb-26 5:00:00 PM ICT,0
11-Feb-26 5:30:00 PM ICT,0
11-Feb-26 6:00:00 PM ICT,0
11-Feb-26 6:30:00 PM ICT,0
11-Feb-26 7:00:00 PM ICT,0
11-Feb-26 7:30:00 PM ICT,0
11-Feb-26 8:00:00 PM ICT,0
11-Feb-26 8:30:00 PM ICT,0
11-Feb-26 9:00:00 PM ICT,0
11-Feb-26 9:30:00 PM ICT,0
11-Feb-26 10:00:00 PM ICT,0
11-Feb-26 10:30:00 PM ICT,0
11-Feb-26 11:00:00 PM ICT,0
11-Feb-26 11:30:00 PM ICT,0
12-Feb-26 12:00:00 AM ICT,0
12-Feb-26 12:30:00 AM ICT,0
12-Feb-26 1:00:00 AM ICT,0
12-Feb-26 1:30:00 AM ICT,0
12-Feb-26 2:00:00 AM ICT,0
12-Feb-26 2:30:00 AM ICT,0
12-Feb-26 3:00:00 AM ICT,0
12-Feb-26 3:30:00 AM ICT,0
12-Feb-26 4:00:00 AM ICT,0
12-Feb-26 4:30:00 AM ICT,0
12-Feb-26 5:00:00 AM ICT,0
12-Feb-26 5:30:00 AM ICT,0
12-Feb-26 6:00:00 AM ICT,0
12-Feb-26 6:30:00 AM ICT,0
12-Feb-26 7:00:00 AM ICT,0
12-Feb-26 7:30:00 AM ICT,0
12-Feb-26 8:00:00 AM ICT,0
12-Feb-26 8:30:00 AM ICT,0
12-Feb-26 9:00:00 AM ICT,0
12-Feb-26 9:30:00 AM ICT,0
12-Feb-26 10:00:00 AM ICT,0
12-Feb-26 10:30:00 AM ICT,0
12-Feb-26 11:00:00 AM ICT,0
12-Feb-26 11:30:00 AM ICT,0
12-Feb-26 12:00:00 PM ICT,0
12-Feb-26 12:30:00 PM ICT,0
12-Feb-26 1:00:00 PM ICT,0
12-Feb-26 1:30:00 PM ICT,0
12-Feb-26 2:00:00 PM ICT,0
12-Feb-26 2:30:00 PM ICT,0
12-Feb-26 3:00:00 PM ICT,0
12-Feb-26 3:30:00 PM ICT,0
12-Feb-26 4:00:00 PM ICT,0
12-Feb-26 4:30:00 PM ICT,0
12-Feb-26 5:00:00 PM ICT,0
12-Feb-26 5:30:00 PM ICT,0
12-Feb-26 6:00:00 PM ICT,0
12-Feb-26 6:30:00 PM ICT,0
12-Feb-26 7:00:00 PM ICT,0
12-Feb-26 7:30:00 PM ICT,0
12-Feb-26 8:00:00 PM ICT,0
12-Feb-26 8:30:00 PM ICT,0
12-Feb-26 9:00:00 PM ICT,0
12-Feb-26 9:30:00 PM ICT,0
12-Feb-26 10:00:00 PM ICT,0
12-Feb-26 10:30:00 PM ICT,0
12-Feb-26 11:00:00 PM ICT,0
12-Feb-26 11:30:00 PM ICT,0
13-Feb-26 12:00:00 AM ICT,0
13-Feb-26 12:30:00 AM ICT,0
13-Feb-26 1:00:00 AM ICT,0
13-Feb-26 1:30:00 AM ICT,0
13-Feb-26 2:00:00 AM ICT,0
13-Feb-26 2:30:00 AM ICT,0
13-Feb-26 3:00:00 AM ICT,0
13-Feb-26 3:30:00 AM ICT,0
13-Feb-26 4:00:00 AM ICT,0
13-Feb-26 4:30:00 AM ICT,0
13-Feb-26 5:00:00 AM ICT,0
13-Feb-26 5:30:00 AM ICT,0
13-Feb-26 6:00:00 AM ICT,0
13-Feb-26 6:30:00 AM ICT,0
13-Feb-26 7:00:00 AM ICT,0
13-Feb-26 7:30:00 AM ICT,0
13-Feb-26 8:00:00 AM ICT,0
13-Feb-26 8:30:00 AM ICT,0
13-Feb-26 9:00:00 AM ICT,0
13-Feb-26 9:30:00 AM ICT,0
13-Feb-26 10:00:00 AM ICT,0
13-Feb-26 10:30:00 AM ICT,0
13-Feb-26 11:00:00 AM ICT,0
13-Feb-26 11:30:00 AM ICT,0
13-Feb-26 12:00:00 PM ICT,0
13-Feb-26 12:30:00 PM ICT,0
13-Feb-26 1:00:00 PM ICT,0
13-Feb-26 1:30:00 PM ICT,0
13-Feb-26 2:00:00 PM ICT,0
13-Feb-26 2:30:00 PM ICT,3.9
13-Feb-26 3:00:00 PM ICT,0
13-Feb-26 3:30:00 PM ICT,0
13-Feb-26 4:00:00 PM ICT,0
13-Feb-26 4:30:00 PM ICT,0.6
13-Feb-26 5:00:00 PM ICT,0
13-Feb-26 5:30:00 PM ICT,0
13-Feb-26 6:00:00 PM ICT,0
13-Feb-26 6:30:00 PM ICT,0
13-Feb-26 7:00:00 PM ICT,0
13-Feb-26 7:30:00 PM ICT,0
13-Feb-26 8:00:00 PM ICT,0
13-Feb-26 8:30:00 PM ICT,0
13-Feb-26 9:00:00 PM ICT,0
13-Feb-26 9:30:00 PM ICT,0
13-Feb-26 10:00:00 PM ICT,0
13-Feb-26 10:30:00 PM ICT,0
13-Feb-26 11:00:00 PM ICT,0
13-Feb-26 11:30:00 PM ICT,0
14-Feb-26 12:00:00 AM ICT,0
14-Feb-26 12:30:00 AM ICT,0
14-Feb-26 1:00:00 AM ICT,0
14-Feb-26 1:30:00 AM ICT,0
14-Feb-26 2:00:00 AM ICT,0
14-Feb-26 2:30:00 AM ICT,0
14-Feb-26 3:00:00 AM ICT,0
14-Feb-26 3:30:00 AM ICT,0
14-Feb-26 4:00:00 AM ICT,0
14-Feb-26 4:30:00 AM ICT,0
14-Feb-26 5:00:00 AM ICT,0
14-Feb-26 5:30:00 AM ICT,0
14-Feb-26 6:00:00 AM ICT,0
14-Feb-26 6:30:00 AM ICT,0
14-Feb-26 7:00:00 AM ICT,0
14-Feb-26 7:30:00 AM ICT,0
14-Feb-26 8:00:00 AM ICT,0
14-Feb-26 8:30:00 AM ICT,0
14-Feb-26 9:00:00 AM ICT,0
14-Feb-26 9:30:00 AM ICT,0
14-Feb-26 10:00:00 AM ICT,0
14-Feb-26 10:30:00 AM ICT,0
14-Feb-26 11:00:00 AM ICT,0
14-Feb-26 11:30:00 AM ICT,0
14-Feb-26 12:00:00 PM ICT,0.6
14-Feb-26 12:30:00 PM ICT,0
14-Feb-26 1:00:00 PM ICT,0
14-Feb-26 1:30:00 PM ICT,0
14-Feb-26 2:00:00 PM ICT,0
14-Feb-26 2:30:00 PM ICT,0
14-Feb-26 3:00:00 PM ICT,0
14-Feb-26 3:30:00 PM ICT,0
14-Feb-26 4:00:00 PM ICT,0
14-Feb-26 4:30:00 PM ICT,0
14-Feb-26 5:00:00 PM ICT,0
14-Feb-26 5:30:00 PM ICT,0
14-Feb-26 6:00:00 PM ICT,0
14-Feb-26 6:30:00 PM ICT,0
14-Feb-26 7:00:00 PM ICT,0
14-Feb-26 7:30:00 PM ICT,0
14-Feb-26 8:00:00 PM ICT,0
14-Feb-26 8:30:00 PM ICT,0
14-Feb-26 9:00:00 PM ICT,0
14-Feb-26 9:30:00 PM ICT,0
14-Feb-26 10:00:00 PM ICT,0
14-Feb-26 10:30:00 PM ICT,0
14-Feb-26 11:00:00 PM ICT,0
14-Feb-26 11:30:00 PM ICT,0
15-Feb-26 12:00:00 AM ICT,0
15-Feb-26 12:30:00 AM ICT,0
15-Feb-26 1:00:00 AM ICT,0
15-Feb-26 1:30:00 AM ICT,0
15-Feb-26 2:00:00 AM ICT,0
15-Feb-26 2:30:00 AM ICT,0
15-Feb-26 3:00:00 AM ICT,0
15-Feb-26 3:30:00 AM ICT,0
15-Feb-26 4:00:00 AM ICT,0
15-Feb-26 4:30:00 AM ICT,0
15-Feb-26 5:00:00 AM ICT,0
15-Feb-26 5:30:00 AM ICT,0
15-Feb-26 6:00:00 AM ICT,0
15-Feb-26 6:30:00 AM ICT,0
15-Feb-26 7:00:00 AM ICT,0
15-Feb-26 7:30:00 AM ICT,0
15-Feb-26 8:00:00 AM ICT,0
15-Feb-26 8:30:00 AM ICT,0
15-Feb-26 9:00:00 AM ICT,0
15-Feb-26 9:30:00 AM ICT,0
15-Feb-26 10:00:00 AM ICT,0
15-Feb-26 10:30:00 AM ICT,0
15-Feb-26 11:00:00 AM ICT,0
15-Feb-26 11:30:00 AM ICT,0
15-Feb-26 12:00:00 PM ICT,0
15-Feb-26 12:30:00 PM ICT,0
15-Feb-26 1:00:00 PM ICT,0
15-Feb-26 1:30:00 PM ICT,0
15-Feb-26 2:00:00 PM ICT,0
15-Feb-26 2:30:00 PM ICT,0
15-Feb-26 3:00:00 PM ICT,0
15-Feb-26 3:30:00 PM ICT,0
15-Feb-26 4:00:00 PM ICT,0
15-Feb-26 4:30:00 PM ICT,0
15-Feb-26 5:00:00 PM ICT,0
15-Feb-26 5:30:00 PM ICT,0
15-Feb-26 6:00:00 PM ICT,0
15-Feb-26 6:30:00 PM ICT,0
15-Feb-26 7:00:00 PM ICT,0
15-Feb-26 7:30:00 PM ICT,0
15-Feb-26 8:00:00 PM ICT,0
15-Feb-26 8:30:00 PM ICT,0
15-Feb-26 9:00:00 PM ICT,0
15-Feb-26 9:30:00 PM ICT,0
15-Feb-26 10:00:00 PM ICT,0
15-Feb-26 10:30:00 PM ICT,0
15-Feb-26 11:00:00 PM ICT,0
15-Feb-26 11:30:00 PM ICT,0
16-Feb-26 12:00:00 AM ICT,0
16-Feb-26 12:30:00 AM ICT,0
16-Feb-26 1:00:00 AM ICT,0
16-Feb-26 1:30:00 AM ICT,0
16-Feb-26 2:00:00 AM ICT,0
16-Feb-26 2:30:00 AM ICT,0
16-Feb-26 3:00:00 AM ICT,0
16-Feb-26 3:30:00 AM ICT,0
16-Feb-26 4:00:00 AM ICT,0
16-Feb-26 4:30:00 AM ICT,0
16-Feb-26 5:00:00 AM ICT,0
16-Feb-26 5:30:00 AM ICT,0
16-Feb-26 6:00:00 AM ICT,0
16-Feb-26 6:30:00 AM ICT,1.1
16-Feb-26 7:00:00 AM ICT,1
16-Feb-26 7:30:00 AM ICT,0.4
16-Feb-26 8:00:00 AM ICT,1
16-Feb-26 8:30:00 AM ICT,0
16-Feb-26 9:00:00 AM ICT,0.9
16-Feb-26 9:30:00 AM ICT,0
16-Feb-26 10:00:00 AM ICT,0
16-Feb-26 10:30:00 AM ICT,0
16-Feb-26 11:00:00 AM ICT,3.5
16-Feb-26 11:30:00 AM ICT,0
16-Feb-26 12:00:00 PM ICT,0
16-Feb-26 12:30:00 PM ICT,0
16-Feb-26 1:00:00 PM ICT,0
16-Feb-26 1:30:00 PM ICT,1.8
16-Feb-26 2:00:00 PM ICT,1.1
16-Feb-26 2:30:00 PM ICT,0
16-Feb-26 3:00:00 PM ICT,0.2
16-Feb-26 3:30:00 PM ICT,0
16-Feb-26 4:00:00 PM ICT,1.7
16-Feb-26 4:30:00 PM ICT,0
16-Feb-26 5:00:00 PM ICT,0.2
16-Feb-26 5:30:00 PM ICT,6.5
16-Feb-26 6:00:00 PM ICT,6.4
16-Feb-26 6:30:00 PM ICT,6.6
16-Feb-26 7:00:00 PM ICT,5.2
16-Feb-26 7:30:00 PM ICT,6.5
16-Feb-26 8:00:00 PM ICT,6.5
16-Feb-26 8:30:00 PM ICT,6.1
16-Feb-26 9:00:00 PM ICT,6.5
16-Feb-26 9:30:00 PM ICT,6.3
16-Feb-26 10:00:00 PM ICT,6.5
16-Feb-26 10:30:00 PM ICT,6.5
16-Feb-26 11:00:00 PM ICT,5.5
16-Feb-26 11:30:00 PM ICT,5.2
17-Feb-26 12:00:00 AM ICT,6.5
17-Feb-26 12:30:00 AM ICT,5.7
17-Feb-26 1:00:00 AM ICT,6.5
17-Feb-26 1:30:00 AM ICT,6.4
17-Feb-26 2:00:00 AM ICT,6.4
17-Feb-26 2:30:00 AM ICT,5.2
17-Feb-26 3:00:00 AM ICT,6.5
17-Feb-26 3:30:00 AM ICT,6.5
17-Feb-26 4:00:00 AM ICT,6.5
17-Feb-26 4:30:00 AM ICT,5.9
17-Feb-26 5:00:00 AM ICT,5.2
17-Feb-26 5:30:00 AM ICT,6
17-Feb-26 6:00:00 AM ICT,6.5
17-Feb-26 6:30:00 AM ICT,6.5
17-Feb-26 7:00:00 AM ICT,6.2
17-Feb-26 7:30:00 AM ICT,5.2
17-Feb-26 8:00:00 AM ICT,4.9
17-Feb-26 8:30:00 AM ICT,0
17-Feb-26 9:00:00 AM ICT,0
17-Feb-26 9:30:00 AM ICT,0
17-Feb-26 10:00:00 AM ICT,0
17-Feb-26 10:30:00 AM ICT,0
17-Feb-26 11:00:00 AM ICT,0
17-Feb-26 11:30:00 AM ICT,0
17-Feb-26 12:00:00 PM ICT,0
17-Feb-26 12:30:00 PM ICT,0
17-Feb-26 1:00:00 PM ICT,0
17-Feb-26 1:30:00 PM ICT,0
17-Feb-26 2:00:00 PM ICT,0
17-Feb-26 2:30:00 PM ICT,0
17-Feb-26 3:00:00 PM ICT,0
17-Feb-26 3:30:00 PM ICT,0
17-Feb-26 4:00:00 PM ICT,0
17-Feb-26 4:30:00 PM ICT,0
17-Feb-26 5:00:00 PM ICT,0
17-Feb-26 5:30:00 PM ICT,0
17-Feb-26 6:00:00 PM ICT,0
17-Feb-26 6:30:00 PM ICT,0
17-Feb-26 7:00:00 PM ICT,0
17-Feb-26 7:30:00 PM ICT,0
17-Feb-26 8:00:00 PM ICT,0
17-Feb-26 8:30:00 PM ICT,0
17-Feb-26 9:00:00 PM ICT,0
17-Feb-26 9:30:00 PM ICT,0
17-Feb-26 10:00:00 PM ICT,0
17-Feb-26 10:30:00 PM ICT,0
17-Feb-26 11:00:00 PM ICT,0
17-Feb-26 11:30:00 PM ICT,0
18-Feb-26 12:00:00 AM ICT,0
18-Feb-26 12:30:00 AM ICT,0
18-Feb-26 1:00:00 AM ICT,0
18-Feb-26 1:30:00 AM ICT,0
18-Feb-26 2:00:00 AM ICT,0
18-Feb-26 2:30:00 AM ICT,0
18-Feb-26 3:00:00 AM ICT,0
18-Feb-26 3:30:00 AM ICT,0
18-Feb-26 4:00:00 AM ICT,0
18-Feb-26 4:30:00 AM ICT,0
18-Feb-26 5:00:00 AM ICT,0
18-Feb-26 5:30:00 AM ICT,0
18-Feb-26 6:00:00 AM ICT,0
18-Feb-26 6:30:00 AM ICT,0
18-Feb-26 7:00:00 AM ICT,0
18-Feb-26 7:30:00 AM ICT,0
18-Feb-26 8:00:00 AM ICT,0
18-Feb-26 8:30:00 AM ICT,0
18-Feb-26 9:00:00 AM ICT,0
18-Feb-26 9:30:00 AM ICT,0
18-Feb-26 10:00:00 AM ICT,0
18-Feb-26 10:30:00 AM ICT,0
18-Feb-26 11:00:00 AM ICT,0.3
18-Feb-26 11:30:00 AM ICT,0
18-Feb-26 12:00:00 PM ICT,0
18-Feb-26 12:30:00 PM ICT,0
18-Feb-26 1:00:00 PM ICT,0
18-Feb-26 1:30:00 PM ICT,0
18-Feb-26 2:00:00 PM ICT,0
18-Feb-26 2:30:00 PM ICT,0
18-Feb-26 3:00:00 PM ICT,0
18-Feb-26 3:30:00 PM ICT,0
18-Feb-26 4:00:00 PM ICT,0
18-Feb-26 4:30:00 PM ICT,0
18-Feb-26 5:00:00 PM ICT,0
18-Feb-26 5:30:00 PM ICT,0
18-Feb-26 6:00:00 PM ICT,0
18-Feb-26 6:30:00 PM ICT,0
18-Feb-26 7:00:00 PM ICT,0
18-Feb-26 7:30:00 PM ICT,0.3
18-Feb-26 8:00:00 PM ICT,0
18-Feb-26 8:30:00 PM ICT,0
18-Feb-26 9:00:00 PM ICT,0
18-Feb-26 9:30:00 PM ICT,0.3
18-Feb-26 10:00:00 PM ICT,0
18-Feb-26 10:30:00 PM ICT,0
18-Feb-26 11:00:00 PM ICT,0
18-Feb-26 11:30:00 PM ICT,0
19-Feb-26 12:00:00 AM ICT,0
19-Feb-26 12:30:00 AM ICT,0
19-Feb-26 1:00:00 AM ICT,0
19-Feb-26 1:30:00 AM ICT,0
19-Feb-26 2:00:00 AM ICT,0
19-Feb-26 2:30:00 AM ICT,0
19-Feb-26 3:00:00 AM ICT,0
19-Feb-26 3:30:00 AM ICT,0
19-Feb-26 4:00:00 AM ICT,0
19-Feb-26 4:30:00 AM ICT,0
19-Feb-26 5:00:00 AM ICT,0
19-Feb-26 5:30:00 AM ICT,0
19-Feb-26 6:00:00 AM ICT,0
19-Feb-26 6:30:00 AM ICT,0
19-Feb-26 7:00:00 AM ICT,0
19-Feb-26 7:30:00 AM ICT,0
19-Feb-26 8:00:00 AM ICT,0
19-Feb-26 8:30:00 AM ICT,0
19-Feb-26 9:00:00 AM ICT,0
19-Feb-26 9:30:00 AM ICT,0
19-Feb-26 10:00:00 AM ICT,0
19-Feb-26 10:30:00 AM ICT,0
19-Feb-26 11:00:00 AM ICT,0
19-Feb-26 11:30:00 AM ICT,0
19-Feb-26 12:00:00 PM ICT,0
19-Feb-26 12:30:00 PM ICT,0
19-Feb-26 1:00:00 PM ICT,0
19-Feb-26 1:30:00 PM ICT,0
19-Feb-26 2:00:00 PM ICT,0
19-Feb-26 2:30:00 PM ICT,0
19-Feb-26 3:00:00 PM ICT,0
19-Feb-26 3:30:00 PM ICT,0
19-Feb-26 4:00:00 PM ICT,0
19-Feb-26 4:30:00 PM ICT,0
19-Feb-26 5:00:00 PM ICT,0
19-Feb-26 5:30:00 PM ICT,0
19-Feb-26 6:00:00 PM ICT,0
19-Feb-26 6:30:00 PM ICT,0
19-Feb-26 7:00:00 PM ICT,0
19-Feb-26 7:30:00 PM ICT,0
19-Feb-26 8:00:00 PM ICT,0
19-Feb-26 8:30:00 PM ICT,0
19-Feb-26 9:00:00 PM ICT,0
19-Feb-26 9:30:00 PM ICT,0
19-Feb-26 10:00:00 PM ICT,0
19-Feb-26 10:30:00 PM ICT,0
19-Feb-26 11:00:00 PM ICT,0
19-Feb-26 11:30:00 PM ICT,0
20-Feb-26 12:00:00 AM ICT,0
20-Feb-26 12:30:00 AM ICT,0
20-Feb-26 1:00:00 AM ICT,0
20-Feb-26 1:30:00 AM ICT,0
20-Feb-26 2:00:00 AM ICT,0
20-Feb-26 2:30:00 AM ICT,0
20-Feb-26 3:00:00 AM ICT,0
20-Feb-26 3:30:00 AM ICT,0
20-Feb-26 4:00:00 AM ICT,0
20-Feb-26 4:30:00 AM ICT,0
20-Feb-26 5:00:00 AM ICT,0
20-Feb-26 5:30:00 AM ICT,0
20-Feb-26 6:00:00 AM ICT,0
20-Feb-26 6:30:00 AM ICT,0
20-Feb-26 7:00:00 AM ICT,0
20-Feb-26 7:30:00 AM ICT,0
20-Feb-26 8:00:00 AM ICT,0
20-Feb-26 8:30:00 AM ICT,0
20-Feb-26 9:00:00 AM ICT,0
20-Feb-26 9:30:00 AM ICT,0
20-Feb-26 10:00:00 AM ICT,0
20-Feb-26 10:30:00 AM ICT,0
20-Feb-26 11:00:00 AM ICT,0
20-Feb-26 11:30:00 AM ICT,0
20-Feb-26 12:00:00 PM ICT,0
20-Feb-26 12:30:00 PM ICT,0
20-Feb-26 1:00:00 PM ICT,0
20-Feb-26 1:30:00 PM ICT,0
20-Feb-26 2:00:00 PM ICT,0
20-Feb-26 2:30:00 PM ICT,0
20-Feb-26 3:00:00 PM ICT,0
20-Feb-26 3:30:00 PM ICT,0
20-Feb-26 4:00:00 PM ICT,0
20-Feb-26 4:30:00 PM ICT,0
20-Feb-26 5:00:00 PM ICT,1.2
20-Feb-26 5:30:00 PM ICT,0
20-Feb-26 6:00:00 PM ICT,0
20-Feb-26 6:30:00 PM ICT,0
20-Feb-26 7:00:00 PM ICT,0
20-Feb-26 7:30:00 PM ICT,0
20-Feb-26 8:00:00 PM ICT,0
20-Feb-26 8:30:00 PM ICT,0
20-Feb-26 9:00:00 PM ICT,0
20-Feb-26 9:30:00 PM ICT,0
20-Feb-26 10:00:00 PM ICT,0
20-Feb-26 10:30:00 PM ICT,0
20-Feb-26 11:00:00 PM ICT,0
20-Feb-26 11:30:00 PM ICT,0
21-Feb-26 12:00:00 AM ICT,0
21-Feb-26 12:30:00 AM ICT,0
21-Feb-26 1:00:00 AM ICT,0
21-Feb-26 1:30:00 AM ICT,0
21-Feb-26 2:00:00 AM ICT,0
21-Feb-26 2:30:00 AM ICT,0
21-Feb-26 3:00:00 AM ICT,0
21-Feb-26 3:30:00 AM ICT,0
21-Feb-26 4:00:00 AM ICT,0
21-Feb-26 4:30:00 AM ICT,0
21-Feb-26 5:00:00 AM ICT,0
21-Feb-26 5:30:00 AM ICT,0
21-Feb-26 6:00:00 AM ICT,0
21-Feb-26 6:30:00 AM ICT,0
21-Feb-26 7:00:00 AM ICT,0
21-Feb-26 7:30:00 AM ICT,0
21-Feb-26 8:00:00 AM ICT,0
21-Feb-26 8:30:00 AM ICT,0
21-Feb-26 9:00:00 AM ICT,0
21-Feb-26 9:30:00 AM ICT,0
21-Feb-26 10:00:00 AM ICT,0
21-Feb-26 10:30:00 AM ICT,0
21-Feb-26 11:00:00 AM ICT,0
21-Feb-26 11:30:00 AM ICT,0
21-Feb-26 12:00:00 PM ICT,0
21-Feb-26 12:30:00 PM ICT,0
21-Feb-26 1:00:00 PM ICT,0
21-Feb-26 1:30:00 PM ICT,0
21-Feb-26 2:00:00 PM ICT,0
21-Feb-26 2:30:00 PM ICT,0
21-Feb-26 3:00:00 PM ICT,0
21-Feb-26 3:30:00 PM ICT,0
21-Feb-26 4:00:00 PM ICT,0
21-Feb-26 4:30:00 PM ICT,0
21-Feb-26 5:00:00 PM ICT,0
21-Feb-26 5:30:00 PM ICT,0
21-Feb-26 6:00:00 PM ICT,0
21-Feb-26 6:30:00 PM ICT,0
21-Feb-26 7:00:00 PM ICT,0
21-Feb-26 7:30:00 PM ICT,0
21-Feb-26 8:00:00 PM ICT,0
21-Feb-26 8:30:00 PM ICT,0
21-Feb-26 9:00:00 PM ICT,0
21-Feb-26 9:30:00 PM ICT,0
21-Feb-26 10:00:00 PM ICT,0
21-Feb-26 10:30:00 PM ICT,0
21-Feb-26 11:00:00 PM ICT,0
21-Feb-26 11:30:00 PM ICT,0
22-Feb-26 12:00:00 AM ICT,0
22-Feb-26 12:30:00 AM ICT,0
22-Feb-26 1:00:00 AM ICT,0
22-Feb-26 1:30:00 AM ICT,0
22-Feb-26 2:00:00 AM ICT,0
22-Feb-26 2:30:00 AM ICT,0
22-Feb-26 3:00:00 AM ICT,0
22-Feb-26 3:30:00 AM ICT,0
22-Feb-26 4:00:00 AM ICT,0
22-Feb-26 4:30:00 AM ICT,0
22-Feb-26 5:00:00 AM ICT,0
22-Feb-26 5:30:00 AM ICT,0
22-Feb-26 6:00:00 AM ICT,0
22-Feb-26 6:30:00 AM ICT,0
22-Feb-26 7:00:00 AM ICT,0
22-Feb-26 7:30:00 AM ICT,0
22-Feb-26 8:00:00 AM ICT,0
22-Feb-26 8:30:00 AM ICT,0
22-Feb-26 9:00:00 AM ICT,0
22-Feb-26 9:30:00 AM ICT,0
22-Feb-26 11:00:00 AM ICT,0
22-Feb-26 11:30:00 AM ICT,0
22-Feb-26 12:00:00 PM ICT,0
22-Feb-26 12:30:00 PM ICT,0
22-Feb-26 1:00:00 PM ICT,0
22-Feb-26 1:30:00 PM ICT,0
22-Feb-26 2:00:00 PM ICT,0
22-Feb-26 2:30:00 PM ICT,0
22-Feb-26 3:00:00 PM ICT,0
22-Feb-26 3:30:00 PM ICT,0
22-Feb-26 4:00:00 PM ICT,0
22-Feb-26 4:30:00 PM ICT,0
22-Feb-26 5:00:00 PM ICT,0
22-Feb-26 5:30:00 PM ICT,0
22-Feb-26 6:00:00 PM ICT,0
22-Feb-26 6:30:00 PM ICT,0
22-Feb-26 7:00:00 PM ICT,0
22-Feb-26 7:30:00 PM ICT,0
22-Feb-26 8:00:00 PM ICT,0
22-Feb-26 8:30:00 PM ICT,0
22-Feb-26 9:00:00 PM ICT,0
22-Feb-26 9:30:00 PM ICT,0
22-Feb-26 10:00:00 PM ICT,0
22-Feb-26 10:30:00 PM ICT,0
22-Feb-26 11:00:00 PM ICT,0
22-Feb-26 11:30:00 PM ICT,0
23-Feb-26 12:00:00 AM ICT,0
23-Feb-26 12:30:00 AM ICT,0
23-Feb-26 1:00:00 AM ICT,0
23-Feb-26 1:30:00 AM ICT,0
23-Feb-26 2:00:00 AM ICT,0
23-Feb-26 2:30:00 AM ICT,0
23-Feb-26 3:00:00 AM ICT,0
23-Feb-26 3:30:00 AM ICT,0
23-Feb-26 4:00:00 AM ICT,0
23-Feb-26 4:30:00 AM ICT,0
23-Feb-26 5:00:00 AM ICT,0
23-Feb-26 5:30:00 AM ICT,0
23-Feb-26 6:00:00 AM ICT,0
23-Feb-26 6:30:00 AM ICT,0
23-Feb-26 7:00:00 AM ICT,0
23-Feb-26 7:30:00 AM ICT,0
23-Feb-26 8:00:00 AM ICT,0
23-Feb-26 8:30:00 AM ICT,0
23-Feb-26 9:00:00 AM ICT,0
23-Feb-26 9:30:00 AM ICT,0
23-Feb-26 10:00:00 AM ICT,0.4
23-Feb-26 10:30:00 AM ICT,0
23-Feb-26 11:00:00 AM ICT,0
23-Feb-26 11:30:00 AM ICT,0
23-Feb-26 12:00:00 PM ICT,0
23-Feb-26 12:30:00 PM ICT,0
23-Feb-26 1:00:00 PM ICT,0
23-Feb-26 1:30:00 PM ICT,0
23-Feb-26 2:00:00 PM ICT,0
23-Feb-26 2:30:00 PM ICT,0
23-Feb-26 3:00:00 PM ICT,0
23-Feb-26 3:30:00 PM ICT,0
23-Feb-26 4:00:00 PM ICT,0
23-Feb-26 4:30:00 PM ICT,0
23-Feb-26 5:00:00 PM ICT,0
23-Feb-26 5:30:00 PM ICT,0
23-Feb-26 6:00:00 PM ICT,0
23-Feb-26 6:30:00 PM ICT,0
23-Feb-26 7:00:00 PM ICT,0
23-Feb-26 7:30:00 PM ICT,0
23-Feb-26 8:00:00 PM ICT,0
23-Feb-26 8:30:00 PM ICT,0
23-Feb-26 9:00:00 PM ICT,0
23-Feb-26 9:30:00 PM ICT,0
23-Feb-26 10:00:00 PM ICT,0
23-Feb-26 10:30:00 PM ICT,0
23-Feb-26 11:00:00 PM ICT,0
23-Feb-26 11:30:00 PM ICT,0
24-Feb-26 12:00:00 AM ICT,0
24-Feb-26 12:30:00 AM ICT,0
24-Feb-26 1:00:00 AM ICT,0
24-Feb-26 1:30:00 AM ICT,0
24-Feb-26 2:00:00 AM ICT,0
24-Feb-26 2:30:00 AM ICT,0
24-Feb-26 3:00:00 AM ICT,0
24-Feb-26 3:30:00 AM ICT,0
24-Feb-26 4:00:00 AM ICT,0
24-Feb-26 4:30:00 AM ICT,0
24-Feb-26 5:00:00 AM ICT,0
24-Feb-26 5:30:00 AM ICT,0
24-Feb-26 6:00:00 AM ICT,0
24-Feb-26 6:30:00 AM ICT,0
24-Feb-26 7:00:00 AM ICT,0
24-Feb-26 7:30:00 AM ICT,0
24-Feb-26 8:00:00 AM ICT,0
24-Feb-26 8:30:00 AM ICT,0
24-Feb-26 9:00:00 AM ICT,1.8
24-Feb-26 9:30:00 AM ICT,0
24-Feb-26 10:00:00 AM ICT,0
24-Feb-26 10:30:00 AM ICT,0
24-Feb-26 11:00:00 AM ICT,0
24-Feb-26 11:30:00 AM ICT,0
24-Feb-26 12:00:00 PM ICT,0
24-Feb-26 12:30:00 PM ICT,0
24-Feb-26 1:00:00 PM ICT,0
24-Feb-26 1:30:00 PM ICT,0
24-Feb-26 2:00:00 PM ICT,3.5
24-Feb-26 2:30:00 PM ICT,0
24-Feb-26 3:00:00 PM ICT,0
24-Feb-26 3:30:00 PM ICT,0
24-Feb-26 4:00:00 PM ICT,0
24-Feb-26 4:30:00 PM ICT,1.4
24-Feb-26 5:00:00 PM ICT,0
24-Feb-26 5:30:00 PM ICT,0
24-Feb-26 6:00:00 PM ICT,0
24-Feb-26 6:30:00 PM ICT,0
24-Feb-26 7:00:00 PM ICT,0
24-Feb-26 7:30:00 PM ICT,0
24-Feb-26 8:00:00 PM ICT,0
24-Feb-26 8:30:00 PM ICT,0
24-Feb-26 9:00:00 PM ICT,0
24-Feb-26 9:30:00 PM ICT,0
24-Feb-26 10:00:00 PM ICT,0
24-Feb-26 10:30:00 PM ICT,0
24-Feb-26 11:00:00 PM ICT,0
24-Feb-26 11:30:00 PM ICT,0
25-Feb-26 12:00:00 AM ICT,0
25-Feb-26 12:30:00 AM ICT,0
25-Feb-26 1:00:00 AM ICT,0
25-Feb-26 1:30:00 AM ICT,0
25-Feb-26 2:00:00 AM ICT,0
25-Feb-26 2:30:00 AM ICT,0
25-Feb-26 3:00:00 AM ICT,0
25-Feb-26 3:30:00 AM ICT,0
25-Feb-26 4:00:00 AM ICT,0
25-Feb-26 4:30:00 AM ICT,0
25-Feb-26 5:00:00 AM ICT,0
25-Feb-26 5:30:00 AM ICT,0
25-Feb-26 6:00:00 AM ICT,0
25-Feb-26 6:30:00 AM ICT,0
25-Feb-26 7:00:00 AM ICT,0
25-Feb-26 7:30:00 AM ICT,0
25-Feb-26 8:00:00 AM ICT,0
25-Feb-26 8:30:00 AM ICT,0
25-Feb-26 9:00:00 AM ICT,0
25-Feb-26 9:30:00 AM ICT,0
25-Feb-26 10:00:00 AM ICT,0
25-Feb-26 10:30:00 AM ICT,0
25-Feb-26 11:00:00 AM ICT,0
25-Feb-26 11:30:00 AM ICT,0
25-Feb-26 12:00:00 PM ICT,0
25-Feb-26 12:30:00 PM ICT,0
25-Feb-26 1:00:00 PM ICT,0
25-Feb-26 1:30:00 PM ICT,0
25-Feb-26 2:00:00 PM ICT,0
25-Feb-26 2:30:00 PM ICT,0
25-Feb-26 3:00:00 PM ICT,0
25-Feb-26 3:30:00 PM ICT,0
25-Feb-26 4:00:00 PM ICT,0
25-Feb-26 4:30:00 PM ICT,0
25-Feb-26 5:00:00 PM ICT,0
25-Feb-26 5:30:00 PM ICT,0
25-Feb-26 6:00:00 PM ICT,0
25-Feb-26 6:30:00 PM ICT,0
25-Feb-26 7:00:00 PM ICT,0
25-Feb-26 7:30:00 PM ICT,0
25-Feb-26 8:00:00 PM ICT,0
25-Feb-26 8:30:00 PM ICT,0
25-Feb-26 9:00:00 PM ICT,0
25-Feb-26 9:30:00 PM ICT,0
25-Feb-26 10:00:00 PM ICT,0
25-Feb-26 10:30:00 PM ICT,0
25-Feb-26 11:00:00 PM ICT,0
25-Feb-26 11:30:00 PM ICT,0
26-Feb-26 12:00:00 AM ICT,0
26-Feb-26 12:30:00 AM ICT,0
26-Feb-26 1:00:00 AM ICT,0
26-Feb-26 1:30:00 AM ICT,0
26-Feb-26 2:00:00 AM ICT,0
26-Feb-26 2:30:00 AM ICT,0
26-Feb-26 3:00:00 AM ICT,0
26-Feb-26 3:30:00 AM ICT,0
26-Feb-26 4:00:00 AM ICT,0
26-Feb-26 4:30:00 AM ICT,0
26-Feb-26 5:00:00 AM ICT,0
26-Feb-26 5:30:00 AM ICT,0
26-Feb-26 6:00:00 AM ICT,0
26-Feb-26 6:30:00 AM ICT,0
26-Feb-26 7:00:00 AM ICT,0
26-Feb-26 7:30:00 AM ICT,0
26-Feb-26 8:00:00 AM ICT,0
26-Feb-26 8:30:00 AM ICT,0
26-Feb-26 9:00:00 AM ICT,0
26-Feb-26 9:30:00 AM ICT,0
26-Feb-26 10:00:00 AM ICT,0
26-Feb-26 10:30:00 AM ICT,0
26-Feb-26 11:00:00 AM ICT,0
26-Feb-26 11:30:00 AM ICT,0
26-Feb-26 12:00:00 PM ICT,0
26-Feb-26 12:30:00 PM ICT,0
26-Feb-26 1:00:00 PM ICT,0
26-Feb-26 1:30:00 PM ICT,0
26-Feb-26 2:00:00 PM ICT,0
26-Feb-26 2:30:00 PM ICT,0
26-Feb-26 3:00:00 PM ICT,0
26-Feb-26 3:30:00 PM ICT,0
26-Feb-26 4:00:00 PM ICT,0
26-Feb-26 4:30:00 PM ICT,0
26-Feb-26 5:00:00 PM ICT,0
26-Feb-26 5:30:00 PM ICT,0
26-Feb-26 6:00:00 PM ICT,0
26-Feb-26 6:30:00 PM ICT,0
26-Feb-26 7:00:00 PM ICT,0
26-Feb-26 7:30:00 PM ICT,0
26-Feb-26 8:00:00 PM ICT,0
26-Feb-26 8:30:00 PM ICT,0
26-Feb-26 9:00:00 PM ICT,0
26-Feb-26 9:30:00 PM ICT,0
26-Feb-26 10:00:00 PM ICT,0
26-Feb-26 10:30:00 PM ICT,0
26-Feb-26 11:00:00 PM ICT,0
26-Feb-26 11:30:00 PM ICT,0
27-Feb-26 12:00:00 AM ICT,0
27-Feb-26 12:30:00 AM ICT,0
27-Feb-26 1:00:00 AM ICT,0
27-Feb-26 1:30:00 AM ICT,0
27-Feb-26 2:30:00 AM ICT,0
27-Feb-26 3:00:00 AM ICT,0
27-Feb-26 3:30:00 AM ICT,0
27-Feb-26 4:00:00 AM ICT,0
27-Feb-26 4:30:00 AM ICT,0
27-Feb-26 5:00:00 AM ICT,0
27-Feb-26 5:30:00 AM ICT,0
27-Feb-26 6:00:00 AM ICT,0
27-Feb-26 6:30:00 AM ICT,0
27-Feb-26 7:00:00 AM ICT,0
27-Feb-26 7:30:00 AM ICT,0
27-Feb-26 8:00:00 AM ICT,0
27-Feb-26 8:30:00 AM ICT,0
27-Feb-26 9:00:00 AM ICT,0
27-Feb-26 9:30:00 AM ICT,0
27-Feb-26 10:00:00 AM ICT,0
27-Feb-26 10:30:00 AM ICT,0
27-Feb-26 11:00:00 AM ICT,0
27-Feb-26 11:30:00 AM ICT,0
27-Feb-26 12:00:00 PM ICT,0
27-Feb-26 12:30:00 PM ICT,0
27-Feb-26 1:00:00 PM ICT,0
27-Feb-26 1:30:00 PM ICT,0
27-Feb-26 2:00:00 PM ICT,0
27-Feb-26 2:30:00 PM ICT,0
27-Feb-26 3:00:00 PM ICT,0
27-Feb-26 3:30:00 PM ICT,0
27-Feb-26 4:00:00 PM ICT,1.6
27-Feb-26 4:30:00 PM ICT,0
27-Feb-26 5:00:00 PM ICT,0
27-Feb-26 5:30:00 PM ICT,0
27-Feb-26 6:00:00 PM ICT,0
27-Feb-26 6:30:00 PM ICT,0
27-Feb-26 7:00:00 PM ICT,0
27-Feb-26 7:30:00 PM ICT,0
27-Feb-26 8:00:00 PM ICT,0
27-Feb-26 8:30:00 PM ICT,0
27-Feb-26 9:00:00 PM ICT,0
27-Feb-26 9:30:00 PM ICT,0
27-Feb-26 10:00:00 PM ICT,0
27-Feb-26 10:30:00 PM ICT,0
27-Feb-26 11:00:00 PM ICT,0
27-Feb-26 11:30:00 PM ICT,0
28-Feb-26 12:00:00 AM ICT,0
28-Feb-26 12:30:00 AM ICT,0
28-Feb-26 1:00:00 AM ICT,0
28-Feb-26 1:30:00 AM ICT,0
28-Feb-26 2:00:00 AM ICT,0
28-Feb-26 2:30:00 AM ICT,0
28-Feb-26 3:00:00 AM ICT,0
28-Feb-26 3:30:00 AM ICT,0
28-Feb-26 4:00:00 AM ICT,0
28-Feb-26 4:30:00 AM ICT,0
28-Feb-26 5:00:00 AM ICT,0
28-Feb-26 5:30:00 AM ICT,0
28-Feb-26 6:00:00 AM ICT,0
28-Feb-26 6:30:00 AM ICT,0
28-Feb-26 7:00:00 AM ICT,0
28-Feb-26 7:30:00 AM ICT,0
28-Feb-26 8:00:00 AM ICT,0
28-Feb-26 8:30:00 AM ICT,0
28-Feb-26 9:00:00 AM ICT,0
28-Feb-26 9:30:00 AM ICT,0
28-Feb-26 10:00:00 AM ICT,0
28-Feb-26 10:30:00 AM ICT,0
28-Feb-26 11:00:00 AM ICT,0
28-Feb-26 11:30:00 AM ICT,0
28-Feb-26 12:00:00 PM ICT,0
28-Feb-26 12:30:00 PM ICT,0
28-Feb-26 1:00:00 PM ICT,0
28-Feb-26 1:30:00 PM ICT,0
28-Feb-26 2:00:00 PM ICT,0
28-Feb-26 2:30:00 PM ICT,0
28-Feb-26 3:00:00 PM ICT,0
28-Feb-26 3:30:00 PM ICT,0
28-Feb-26 4:00:00 PM ICT,0
28-Feb-26 4:30:00 PM ICT,0
28-Feb-26 5:00:00 PM ICT,0
28-Feb-26 5:30:00 PM ICT,0
28-Feb-26 6:00:00 PM ICT,0
28-Feb-26 6:30:00 PM ICT,0
28-Feb-26 7:00:00 PM ICT,0
28-Feb-26 7:30:00 PM ICT,0
28-Feb-26 8:00:00 PM ICT,0
28-Feb-26 8:30:00 PM ICT,0
28-Feb-26 9:00:00 PM ICT,0
28-Feb-26 9:30:00 PM ICT,0
28-Feb-26 10:00:00 PM ICT,0
28-Feb-26 10:30:00 PM ICT,0
28-Feb-26 11:00:00 PM ICT,0
28-Feb-26 11:30:00 PM ICT,0
01-Mar-26 12:00:00 AM ICT,0
01-Mar-26 12:30:00 AM ICT,0
01-Mar-26 1:00:00 AM ICT,0
01-Mar-26 1:30:00 AM ICT,0
01-Mar-26 2:00:00 AM ICT,0
01-Mar-26 2:30:00 AM ICT,0
01-Mar-26 3:00:00 AM ICT,0
01-Mar-26 3:30:00 AM ICT,0
01-Mar-26 4:00:00 AM ICT,0
01-Mar-26 4:30:00 AM ICT,0
01-Mar-26 5:00:00 AM ICT,0
01-Mar-26 5:30:00 AM ICT,0
01-Mar-26 6:00:00 AM ICT,0
01-Mar-26 6:30:00 AM ICT,0
01-Mar-26 7:00:00 AM ICT,0
01-Mar-26 7:30:00 AM ICT,0
01-Mar-26 8:00:00 AM ICT,0
01-Mar-26 8:30:00 AM ICT,0
01-Mar-26 9:00:00 AM ICT,0
01-Mar-26 9:30:00 AM ICT,0
01-Mar-26 10:00:00 AM ICT,0
01-Mar-26 10:30:00 AM ICT,0
01-Mar-26 11:00:00 AM ICT,0
01-Mar-26 11:30:00 AM ICT,0
01-Mar-26 12:00:00 PM ICT,0
01-Mar-26 12:30:00 PM ICT,0
01-Mar-26 1:00:00 PM ICT,0
01-Mar-26 1:30:00 PM ICT,0
01-Mar-26 2:00:00 PM ICT,0
01-Mar-26 2:30:00 PM ICT,0
01-Mar-26 3:00:00 PM ICT,0
01-Mar-26 3:30:00 PM ICT,0
01-Mar-26 4:00:00 PM ICT,0
01-Mar-26 4:30:00 PM ICT,0
01-Mar-26 5:00:00 PM ICT,0
01-Mar-26 5:30:00 PM ICT,0
01-Mar-26 6:00:00 PM ICT,0
01-Mar-26 6:30:00 PM ICT,0
01-Mar-26 7:00:00 PM ICT,0
01-Mar-26 7:30:00 PM ICT,0
01-Mar-26 8:00:00 PM ICT,0
01-Mar-26 8:30:00 PM ICT,0
01-Mar-26 9:00:00 PM ICT,0
01-Mar-26 9:30:00 PM ICT,0
01-Mar-26 10:00:00 PM ICT,0
01-Mar-26 10:30:00 PM ICT,0
01-Mar-26 11:00:00 PM ICT,0
01-Mar-26 11:30:00 PM ICT,0
02-Mar-26 12:00:00 AM ICT,0
02-Mar-26 12:30:00 AM ICT,0
02-Mar-26 1:00:00 AM ICT,0
02-Mar-26 1:30:00 AM ICT,0
02-Mar-26 2:00:00 AM ICT,0
02-Mar-26 2:30:00 AM ICT,0
02-Mar-26 3:00:00 AM ICT,0
02-Mar-26 3:30:00 AM ICT,0
02-Mar-26 4:00:00 AM ICT,0
02-Mar-26 4:30:00 AM ICT,0
02-Mar-26 5:00:00 AM ICT,0
02-Mar-26 5:30:00 AM ICT,0
02-Mar-26 6:00:00 AM ICT,0
02-Mar-26 6:30:00 AM ICT,0
02-Mar-26 7:00:00 AM ICT,0
02-Mar-26 7:30:00 AM ICT,0
02-Mar-26 8:00:00 AM ICT,0
02-Mar-26 8:30:00 AM ICT,0
02-Mar-26 9:00:00 AM ICT,0
02-Mar-26 9:30:00 AM ICT,0
02-Mar-26 10:00:00 AM ICT,0
02-Mar-26 10:30:00 AM ICT,0
02-Mar-26 11:00:00 AM ICT,0
02-Mar-26 11:30:00 AM ICT,0
02-Mar-26 12:00:00 PM ICT,0
02-Mar-26 12:30:00 PM ICT,0
02-Mar-26 1:00:00 PM ICT,0
02-Mar-26 1:30:00 PM ICT,0
02-Mar-26 2:00:00 PM ICT,0
02-Mar-26 2:30:00 PM ICT,0
02-Mar-26 3:00:00 PM ICT,0
02-Mar-26 3:30:00 PM ICT,0
02-Mar-26 4:00:00 PM ICT,0
02-Mar-26 4:30:00 PM ICT,0
02-Mar-26 5:00:00 PM ICT,0
02-Mar-26 5:30:00 PM ICT,0
02-Mar-26 6:00:00 PM ICT,0
02-Mar-26 6:30:00 PM ICT,0
02-Mar-26 7:00:00 PM ICT,0
02-Mar-26 7:30:00 PM ICT,0
02-Mar-26 8:00:00 PM ICT,0
02-Mar-26 8:30:00 PM ICT,0
02-Mar-26 9:00:00 PM ICT,0
02-Mar-26 9:30:00 PM ICT,0
02-Mar-26 10:00:00 PM ICT,0
02-Mar-26 10:30:00 PM ICT,0
02-Mar-26 11:00:00 PM ICT,0
02-Mar-26 11:30:00 PM ICT,0
03-Mar-26 12:00:00 AM ICT,0
03-Mar-26 12:30:00 AM ICT,0
03-Mar-26 1:00:00 AM ICT,0
03-Mar-26 1:30:00 AM ICT,0
03-Mar-26 2:00:00 AM ICT,0
03-Mar-26 2:30:00 AM ICT,0
03-Mar-26 3:00:00 AM ICT,0
03-Mar-26 3:30:00 AM ICT,0
03-Mar-26 4:00:00 AM ICT,0
03-Mar-26 4:30:00 AM ICT,0
03-Mar-26 5:00:00 AM ICT,0
03-Mar-26 5:30:00 AM ICT,0
03-Mar-26 6:00:00 AM ICT,0
03-Mar-26 6:30:00 AM ICT,0
03-Mar-26 7:00:00 AM ICT,0
03-Mar-26 7:30:00 AM ICT,0
03-Mar-26 8:00:00 AM ICT,0
03-Mar-26 8:30:00 AM ICT,0
03-Mar-26 9:00:00 AM ICT,0
03-Mar-26 9:30:00 AM ICT,0
03-Mar-26 10:00:00 AM ICT,0
03-Mar-26 10:30:00 AM ICT,0
03-Mar-26 11:00:00 AM ICT,0
03-Mar-26 11:30:00 AM ICT,0
03-Mar-26 12:00:00 PM ICT,0
03-Mar-26 12:30:00 PM ICT,0
03-Mar-26 1:00:00 PM ICT,0
03-Mar-26 1:30:00 PM ICT,0
03-Mar-26 2:00:00 PM ICT,0
03-Mar-26 2:30:00 PM ICT,0
03-Mar-26 3:00:00 PM ICT,0
03-Mar-26 3:30:00 PM ICT,0
03-Mar-26 4:00:00 PM ICT,0
03-Mar-26 4:30:00 PM ICT,0
03-Mar-26 5:00:00 PM ICT,0
03-Mar-26 5:30:00 PM ICT,0
03-Mar-26 6:00:00 PM ICT,0
03-Mar-26 6:30:00 PM ICT,0
03-Mar-26 7:00:00 PM ICT,0
03-Mar-26 7:30:00 PM ICT,0
03-Mar-26 8:00:00 PM ICT,0
03-Mar-26 8:30:00 PM ICT,0
03-Mar-26 9:00:00 PM ICT,0
03-Mar-26 9:30:00 PM ICT,0
03-Mar-26 10:00:00 PM ICT,0
03-Mar-26 10:30:00 PM ICT,0
03-Mar-26 11:00:00 PM ICT,0
03-Mar-26 11:30:00 PM ICT,0
04-Mar-26 12:00:00 AM ICT,0
04-Mar-26 12:30:00 AM ICT,0
04-Mar-26 1:00:00 AM ICT,0
04-Mar-26 1:30:00 AM ICT,0
04-Mar-26 2:00:00 AM ICT,0
04-Mar-26 2:30:00 AM ICT,0
04-Mar-26 3:00:00 AM ICT,0
04-Mar-26 3:30:00 AM ICT,0
04-Mar-26 4:00:00 AM ICT,0
04-Mar-26 4:30:00 AM ICT,0
04-Mar-26 5:00:00 AM ICT,0
04-Mar-26 5:30:00 AM ICT,0
04-Mar-26 6:00:00 AM ICT,0
04-Mar-26 6:30:00 AM ICT,0
04-Mar-26 7:00:00 AM ICT,0
04-Mar-26 7:30:00 AM ICT,0
04-Mar-26 8:00:00 AM ICT,0
04-Mar-26 8:30:00 AM ICT,0
04-Mar-26 9:00:00 AM ICT,0
04-Mar-26 9:30:00 AM ICT,0
04-Mar-26 10:00:00 AM ICT,0
04-Mar-26 10:30:00 AM ICT,0
04-Mar-26 11:00:00 AM ICT,0
04-Mar-26 11:30:00 AM ICT,3.3
04-Mar-26 12:00:00 PM ICT,0
04-Mar-26 12:30:00 PM ICT,0
04-Mar-26 1:00:00 PM ICT,0
04-Mar-26 1:30:00 PM ICT,0
04-Mar-26 2:00:00 PM ICT,0
04-Mar-26 2:30:00 PM ICT,0
04-Mar-26 3:00:00 PM ICT,0.8
04-Mar-26 3:30:00 PM ICT,0
04-Mar-26 4:00:00 PM ICT,0
04-Mar-26 4:30:00 PM ICT,1
04-Mar-26 5:00:00 PM ICT,1
04-Mar-26 5:30:00 PM ICT,2.7
04-Mar-26 6:00:00 PM ICT,2.4
04-Mar-26 6:30:00 PM ICT,0
04-Mar-26 7:00:00 PM ICT,0
04-Mar-26 7:30:00 PM ICT,0
04-Mar-26 8:00:00 PM ICT,0
04-Mar-26 8:30:00 PM ICT,0
04-Mar-26 9:00:00 PM ICT,0
04-Mar-26 9:30:00 PM ICT,0
04-Mar-26 10:00:00 PM ICT,0
04-Mar-26 10:30:00 PM ICT,0
04-Mar-26 11:00:00 PM ICT,0
04-Mar-26 11:30:00 PM ICT,0
05-Mar-26 12:00:00 AM ICT,0
05-Mar-26 12:30:00 AM ICT,0
05-Mar-26 1:00:00 AM ICT,0
05-Mar-26 1:30:00 AM ICT,0
05-Mar-26 2:00:00 AM ICT,0
05-Mar-26 2:30:00 AM ICT,0.9
05-Mar-26 3:00:00 AM ICT,1
05-Mar-26 3:30:00 AM ICT,1
05-Mar-26 4:00:00 AM ICT,1
05-Mar-26 4:30:00 AM ICT,1
05-Mar-26 5:00:00 AM ICT,1
05-Mar-26 5:30:00 AM ICT,0.9
05-Mar-26 6:00:00 AM ICT,0.6
05-Mar-26 6:30:00 AM ICT,1.2
05-Mar-26 7:00:00 AM ICT,2.5
05-Mar-26 7:30:00 AM ICT,0.3
05-Mar-26 8:00:00 AM ICT,0.6
05-Mar-26 8:30:00 AM ICT,0
05-Mar-26 9:00:00 AM ICT,0
05-Mar-26 9:30:00 AM ICT,0
05-Mar-26 10:00:00 AM ICT,0
05-Mar-26 10:30:00 AM ICT,0
05-Mar-26 11:00:00 AM ICT,0
05-Mar-26 11:30:00 AM ICT,0
05-Mar-26 12:00:00 PM ICT,0
05-Mar-26 12:30:00 PM ICT,0
05-Mar-26 1:00:00 PM ICT,0
05-Mar-26 1:30:00 PM ICT,0
05-Mar-26 2:00:00 PM ICT,0
05-Mar-26 2:30:00 PM ICT,0
05-Mar-26 3:00:00 PM ICT,0
05-Mar-26 3:30:00 PM ICT,0
05-Mar-26 4:00:00 PM ICT,0
05-Mar-26 4:30:00 PM ICT,0
05-Mar-26 5:00:00 PM ICT,0
05-Mar-26 5:30:00 PM ICT,0
05-Mar-26 6:00:00 PM ICT,0
05-Mar-26 6:30:00 PM ICT,0
05-Mar-26 7:00:00 PM ICT,0
05-Mar-26 7:30:00 PM ICT,0
05-Mar-26 8:00:00 PM ICT,0
05-Mar-26 8:30:00 PM ICT,0
05-Mar-26 9:00:00 PM ICT,0
05-Mar-26 9:30:00 PM ICT,0
05-Mar-26 10:00:00 PM ICT,0
05-Mar-26 10:30:00 PM ICT,0
05-Mar-26 11:00:00 PM ICT,0
05-Mar-26 11:30:00 PM ICT,0
06-Mar-26 12:00:00 AM ICT,0
06-Mar-26 12:30:00 AM ICT,0
06-Mar-26 1:00:00 AM ICT,0
06-Mar-26 1:30:00 AM ICT,0
06-Mar-26 2:00:00 AM ICT,0
06-Mar-26 2:30:00 AM ICT,0
06-Mar-26 3:00:00 AM ICT,0
06-Mar-26 3:30:00 AM ICT,0
06-Mar-26 4:00:00 AM ICT,0
06-Mar-26 4:30:00 AM ICT,0
06-Mar-26 5:00:00 AM ICT,0
06-Mar-26 5:30:00 AM ICT,0
06-Mar-26 6:00:00 AM ICT,0
06-Mar-26 6:30:00 AM ICT,3
06-Mar-26 7:00:00 AM ICT,2.3
06-Mar-26 7:30:00 AM ICT,2.4
06-Mar-26 8:00:00 AM ICT,4
06-Mar-26 8:30:00 AM ICT,3.1
06-Mar-26 9:00:00 AM ICT,1.1
06-Mar-26 9:30:00 AM ICT,0
06-Mar-26 10:00:00 AM ICT,0
06-Mar-26 10:30:00 AM ICT,0.3
06-Mar-26 11:00:00 AM ICT,1.1
06-Mar-26 11:30:00 AM ICT,0
06-Mar-26 12:00:00 PM ICT,0
06-Mar-26 12:30:00 PM ICT,1.1
06-Mar-26 1:00:00 PM ICT,0
06-Mar-26 1:30:00 PM ICT,2
06-Mar-26 2:00:00 PM ICT,3.1
06-Mar-26 2:30:00 PM ICT,1.2
06-Mar-26 3:00:00 PM ICT,0
06-Mar-26 3:30:00 PM ICT,0
06-Mar-26 4:00:00 PM ICT,0
06-Mar-26 4:30:00 PM ICT,1.6
06-Mar-26 5:00:00 PM ICT,0
06-Mar-26 5:30:00 PM ICT,0
06-Mar-26 6:00:00 PM ICT,0
06-Mar-26 6:30:00 PM ICT,1.4
06-Mar-26 7:00:00 PM ICT,0
06-Mar-26 7:30:00 PM ICT,0
06-Mar-26 8:00:00 PM ICT,0
06-Mar-26 8:30:00 PM ICT,0
06-Mar-26 9:00:00 PM ICT,0
06-Mar-26 9:30:00 PM ICT,0
06-Mar-26 10:00:00 PM ICT,0
06-Mar-26 10:30:00 PM ICT,0
06-Mar-26 11:00:00 PM ICT,0
06-Mar-26 11:30:00 PM ICT,0
07-Mar-26 12:00:00 AM ICT,0
07-Mar-26 12:30:00 AM ICT,0
07-Mar-26 1:00:00 AM ICT,0
07-Mar-26 1:30:00 AM ICT,0
07-Mar-26 2:00:00 AM ICT,0
07-Mar-26 2:30:00 AM ICT,0
07-Mar-26 3:00:00 AM ICT,0
07-Mar-26 3:30:00 AM ICT,0
07-Mar-26 4:00:00 AM ICT,0
07-Mar-26 4:30:00 AM ICT,0
07-Mar-26 5:00:00 AM ICT,0
07-Mar-26 5:30:00 AM ICT,0
07-Mar-26 6:00:00 AM ICT,0
07-Mar-26 6:30:00 AM ICT,0
07-Mar-26 7:00:00 AM ICT,0
07-Mar-26 7:30:00 AM ICT,0
07-Mar-26 8:00:00 AM ICT,0
07-Mar-26 8:30:00 AM ICT,0
07-Mar-26 9:00:00 AM ICT,0
07-Mar-26 9:30:00 AM ICT,0
07-Mar-26 10:00:00 AM ICT,0
07-Mar-26 10:30:00 AM ICT,0
07-Mar-26 11:00:00 AM ICT,0
07-Mar-26 11:30:00 AM ICT,0
07-Mar-26 12:00:00 PM ICT,0
07-Mar-26 12:30:00 PM ICT,0
07-Mar-26 1:00:00 PM ICT,0
07-Mar-26 1:30:00 PM ICT,0
07-Mar-26 2:00:00 PM ICT,0
07-Mar-26 2:30:00 PM ICT,0
07-Mar-26 3:00:00 PM ICT,0
07-Mar-26 3:30:00 PM ICT,0
07-Mar-26 4:00:00 PM ICT,0
07-Mar-26 4:30:00 PM ICT,0
07-Mar-26 5:00:00 PM ICT,0
07-Mar-26 5:30:00 PM ICT,0
07-Mar-26 6:00:00 PM ICT,0
07-Mar-26 6:30:00 PM ICT,0
07-Mar-26 7:00:00 PM ICT,0
07-Mar-26 7:30:00 PM ICT,0
07-Mar-26 8:00:00 PM ICT,0
07-Mar-26 8:30:00 PM ICT,0
07-Mar-26 9:00:00 PM ICT,0
07-Mar-26 9:30:00 PM ICT,0
07-Mar-26 10:00:00 PM ICT,0
07-Mar-26 10:30:00 PM ICT,0
07-Mar-26 11:00:00 PM ICT,0
07-Mar-26 11:30:00 PM ICT,0
08-Mar-26 12:00:00 AM ICT,0
08-Mar-26 12:30:00 AM ICT,0
08-Mar-26 1:00:00 AM ICT,0
08-Mar-26 1:30:00 AM ICT,0
08-Mar-26 2:00:00 AM ICT,0
08-Mar-26 2:30:00 AM ICT,0
08-Mar-26 3:00:00 AM ICT,0
08-Mar-26 3:30:00 AM ICT,0
08-Mar-26 4:00:00 AM ICT,0
08-Mar-26 4:30:00 AM ICT,0
08-Mar-26 5:00:00 AM ICT,0
08-Mar-26 5:30:00 AM ICT,0
08-Mar-26 6:00:00 AM ICT,0
08-Mar-26 6:30:00 AM ICT,0
08-Mar-26 7:00:00 AM ICT,0
08-Mar-26 7:30:00 AM ICT,0
08-Mar-26 8:00:00 AM ICT,0
08-Mar-26 8:30:00 AM ICT,0
08-Mar-26 9:00:00 AM ICT,0
08-Mar-26 9:30:00 AM ICT,0
08-Mar-26 10:00:00 AM ICT,0
08-Mar-26 10:30:00 AM ICT,0
08-Mar-26 11:00:00 AM ICT,0
08-Mar-26 11:30:00 AM ICT,0
08-Mar-26 12:00:00 PM ICT,0
08-Mar-26 12:30:00 PM ICT,0
08-Mar-26 1:00:00 PM ICT,0
08-Mar-26 1:30:00 PM ICT,0
08-Mar-26 2:00:00 PM ICT,0
08-Mar-26 2:30:00 PM ICT,0
08-Mar-26 3:00:00 PM ICT,0
08-Mar-26 3:30:00 PM ICT,0
08-Mar-26 4:00:00 PM ICT,0
08-Mar-26 4:30:00 PM ICT,0
08-Mar-26 5:00:00 PM ICT,0
08-Mar-26 5:30:00 PM ICT,0
08-Mar-26 6:00:00 PM ICT,0
08-Mar-26 6:30:00 PM ICT,0
08-Mar-26 7:00:00 PM ICT,0
08-Mar-26 7:30:00 PM ICT,0
08-Mar-26 8:00:00 PM ICT,0
08-Mar-26 8:30:00 PM ICT,0
08-Mar-26 9:00:00 PM ICT,0
08-Mar-26 9:30:00 PM ICT,0
08-Mar-26 10:00:00 PM ICT,0
08-Mar-26 10:30:00 PM ICT,0
08-Mar-26 11:00:00 PM ICT,0
08-Mar-26 11:30:00 PM ICT,0
09-Mar-26 12:00:00 AM ICT,0
09-Mar-26 12:30:00 AM ICT,0
09-Mar-26 1:00:00 AM ICT,0
09-Mar-26 1:30:00 AM ICT,0
09-Mar-26 2:00:00 AM ICT,0
09-Mar-26 2:30:00 AM ICT,0
09-Mar-26 3:00:00 AM ICT,0
09-Mar-26 3:30:00 AM ICT,0
09-Mar-26 4:00:00 AM ICT,0
09-Mar-26 4:30:00 AM ICT,0
09-Mar-26 5:00:00 AM ICT,0
09-Mar-26 5:30:00 AM ICT,0
09-Mar-26 6:00:00 AM ICT,0
09-Mar-26 6:30:00 AM ICT,0
09-Mar-26 7:00:00 AM ICT,0
09-Mar-26 7:30:00 AM ICT,0
09-Mar-26 8:00:00 AM ICT,0
09-Mar-26 8:30:00 AM ICT,0
09-Mar-26 9:00:00 AM ICT,0
09-Mar-26 9:30:00 AM ICT,0
09-Mar-26 10:00:00 AM ICT,0
09-Mar-26 10:30:00 AM ICT,0
09-Mar-26 11:00:00 AM ICT,0
09-Mar-26 11:30:00 AM ICT,0
09-Mar-26 12:00:00 PM ICT,0
09-Mar-26 12:30:00 PM ICT,0
09-Mar-26 1:00:00 PM ICT,0
09-Mar-26 1:30:00 PM ICT,0
09-Mar-26 2:00:00 PM ICT,0
09-Mar-26 2:30:00 PM ICT,0
09-Mar-26 3:00:00 PM ICT,0
09-Mar-26 3:30:00 PM ICT,0
09-Mar-26 4:00:00 PM ICT,0
09-Mar-26 4:30:00 PM ICT,0
09-Mar-26 5:00:00 PM ICT,0
09-Mar-26 5:30:00 PM ICT,0
09-Mar-26 6:00:00 PM ICT,0
09-Mar-26 6:30:00 PM ICT,0
09-Mar-26 7:00:00 PM ICT,0
09-Mar-26 7:30:00 PM ICT,0
09-Mar-26 8:00:00 PM ICT,0
09-Mar-26 8:30:00 PM ICT,0
09-Mar-26 9:00:00 PM ICT,0
09-Mar-26 9:30:00 PM ICT,0
09-Mar-26 10:00:00 PM ICT,0
09-Mar-26 10:30:00 PM ICT,0
09-Mar-26 11:00:00 PM ICT,0
09-Mar-26 11:30:00 PM ICT,0
10-Mar-26 12:00:00 AM ICT,0
10-Mar-26 12:30:00 AM ICT,0
10-Mar-26 1:00:00 AM ICT,0
10-Mar-26 1:30:00 AM ICT,0
10-Mar-26 2:00:00 AM ICT,0
10-Mar-26 2:30:00 AM ICT,0
10-Mar-26 3:00:00 AM ICT,0
10-Mar-26 3:30:00 AM ICT,0
10-Mar-26 4:00:00 AM ICT,0
10-Mar-26 4:30:00 AM ICT,0
10-Mar-26 5:00:00 AM ICT,0
10-Mar-26 5:30:00 AM ICT,0
10-Mar-26 6:00:00 AM ICT,0
10-Mar-26 6:30:00 AM ICT,0
10-Mar-26 7:00:00 AM ICT,0
10-Mar-26 7:30:00 AM ICT,0
10-Mar-26 8:00:00 AM ICT,0
10-Mar-26 8:30:00 AM ICT,0
10-Mar-26 9:00:00 AM ICT,0
10-Mar-26 9:30:00 AM ICT,0
10-Mar-26 10:00:00 AM ICT,0.5
10-Mar-26 10:30:00 AM ICT,2.1
10-Mar-26 11:00:00 AM ICT,0
10-Mar-26 11:30:00 AM ICT,0
10-Mar-26 12:00:00 PM ICT,0
10-Mar-26 12:30:00 PM ICT,0
10-Mar-26 1:00:00 PM ICT,0
10-Mar-26 1:30:00 PM ICT,0
10-Mar-26 2:00:00 PM ICT,0
10-Mar-26 2:30:00 PM ICT,0
10-Mar-26 3:00:00 PM ICT,0
10-Mar-26 3:30:00 PM ICT,0
10-Mar-26 4:00:00 PM ICT,0
10-Mar-26 4:30:00 PM ICT,0
10-Mar-26 5:00:00 PM ICT,0
10-Mar-26 5:30:00 PM ICT,0
10-Mar-26 6:00:00 PM ICT,0
10-Mar-26 6:30:00 PM ICT,0
10-Mar-26 7:00:00 PM ICT,0
10-Mar-26 7:30:00 PM ICT,0
10-Mar-26 8:00:00 PM ICT,0
10-Mar-26 8:30:00 PM ICT,0
10-Mar-26 9:00:00 PM ICT,0
10-Mar-26 9:30:00 PM ICT,0
10-Mar-26 10:00:00 PM ICT,0
10-Mar-26 10:30:00 PM ICT,0
10-Mar-26 11:00:00 PM ICT,0
10-Mar-26 11:30:00 PM ICT,0
11-Mar-26 12:00:00 AM ICT,0
11-Mar-26 12:30:00 AM ICT,0
11-Mar-26 1:00:00 AM ICT,0
11-Mar-26 1:30:00 AM ICT,0
11-Mar-26 2:00:00 AM ICT,0
11-Mar-26 2:30:00 AM ICT,0
11-Mar-26 3:00:00 AM ICT,0
11-Mar-26 3:30:00 AM ICT,0
11-Mar-26 4:00:00 AM ICT,0
11-Mar-26 4:30:00 AM ICT,0
11-Mar-26 5:00:00 AM ICT,0
11-Mar-26 5:30:00 AM ICT,0
11-Mar-26 6:00:00 AM ICT,0
11-Mar-26 6:30:00 AM ICT,0
11-Mar-26 7:00:00 AM ICT,0
11-Mar-26 7:30:00 AM ICT,0
11-Mar-26 8:00:00 AM ICT,0
11-Mar-26 8:30:00 AM ICT,0
11-Mar-26 9:00:00 AM ICT,0
11-Mar-26 9:30:00 AM ICT,0
11-Mar-26 10:00:00 AM ICT,0
11-Mar-26 10:30:00 AM ICT,0
11-Mar-26 11:00:00 AM ICT,1.1
11-Mar-26 11:30:00 AM ICT,0
11-Mar-26 12:00:00 PM ICT,0
11-Mar-26 12:30:00 PM ICT,0
11-Mar-26 1:00:00 PM ICT,0
11-Mar-26 1:30:00 PM ICT,0
11-Mar-26 2:00:00 PM ICT,0
11-Mar-26 2:30:00 PM ICT,0.7
11-Mar-26 3:00:00 PM ICT,0
11-Mar-26 3:30:00 PM ICT,0
11-Mar-26 4:00:00 PM ICT,0
11-Mar-26 4:30:00 PM ICT,0
11-Mar-26 5:00:00 PM ICT,0
11-Mar-26 5:30:00 PM ICT,0.9
11-Mar-26 6:00:00 PM ICT,0
11-Mar-26 6:30:00 PM ICT,0
11-Mar-26 7:00:00 PM ICT,0
11-Mar-26 7:30:00 PM ICT,0
11-Mar-26 8:00:00 PM ICT,0
11-Mar-26 8:30:00 PM ICT,0
11-Mar-26 9:00:00 PM ICT,0
11-Mar-26 9:30:00 PM ICT,0
11-Mar-26 10:00:00 PM ICT,0
11-Mar-26 10:30:00 PM ICT,0
11-Mar-26 11:00:00 PM ICT,0
11-Mar-26 11:30:00 PM ICT,0
12-Mar-26 12:00:00 AM ICT,0
12-Mar-26 12:30:00 AM ICT,0
12-Mar-26 1:00:00 AM ICT,0
12-Mar-26 1:30:00 AM ICT,0
12-Mar-26 2:00:00 AM ICT,0
12-Mar-26 2:30:00 AM ICT,0
12-Mar-26 3:00:00 AM ICT,0
12-Mar-26 3:30:00 AM ICT,0
12-Mar-26 4:00:00 AM ICT,0
12-Mar-26 4:30:00 AM ICT,0
12-Mar-26 5:00:00 AM ICT,0
12-Mar-26 5:30:00 AM ICT,0
12-Mar-26 6:00:00 AM ICT,0
12-Mar-26 6:30:00 AM ICT,0
12-Mar-26 7:00:00 AM ICT,0
12-Mar-26 7:30:00 AM ICT,0
12-Mar-26 8:00:00 AM ICT,0
12-Mar-26 8:30:00 AM ICT,0
12-Mar-26 9:00:00 AM ICT,0
12-Mar-26 9:30:00 AM ICT,0
12-Mar-26 10:00:00 AM ICT,0
12-Mar-26 10:30:00 AM ICT,0
12-Mar-26 11:00:00 AM ICT,0
12-Mar-26 11:30:00 AM ICT,0
12-Mar-26 12:00:00 PM ICT,0
12-Mar-26 12:30:00 PM ICT,0
12-Mar-26 1:00:00 PM ICT,0
12-Mar-26 1:30:00 PM ICT,0
12-Mar-26 2:00:00 PM ICT,1.6
12-Mar-26 2:30:00 PM ICT,0
12-Mar-26 3:00:00 PM ICT,0
12-Mar-26 3:30:00 PM ICT,1.4
12-Mar-26 4:00:00 PM ICT,0
12-Mar-26 4:30:00 PM ICT,0
12-Mar-26 5:00:00 PM ICT,0
12-Mar-26 5:30:00 PM ICT,0
12-Mar-26 6:00:00 PM ICT,0
12-Mar-26 6:30:00 PM ICT,0
12-Mar-26 7:00:00 PM ICT,0
12-Mar-26 7:30:00 PM ICT,0
12-Mar-26 8:00:00 PM ICT,0
12-Mar-26 8:30:00 PM ICT,0
12-Mar-26 9:00:00 PM ICT,0
12-Mar-26 9:30:00 PM ICT,0
12-Mar-26 10:00:00 PM ICT,0
12-Mar-26 10:30:00 PM ICT,0
12-Mar-26 11:00:00 PM ICT,0
12-Mar-26 11:30:00 PM ICT,0
13-Mar-26 12:00:00 AM ICT,0
13-Mar-26 12:30:00 AM ICT,0
13-Mar-26 1:00:00 AM ICT,0
13-Mar-26 1:30:00 AM ICT,0
13-Mar-26 2:00:00 AM ICT,0
13-Mar-26 2:30:00 AM ICT,0
13-Mar-26 3:00:00 AM ICT,0
13-Mar-26 3:30:00 AM ICT,0
13-Mar-26 4:00:00 AM ICT,0
13-Mar-26 4:30:00 AM ICT,0
13-Mar-26 5:00:00 AM ICT,0
13-Mar-26 5:30:00 AM ICT,0
13-Mar-26 6:00:00 AM ICT,0
13-Mar-26 6:30:00 AM ICT,0
13-Mar-26 7:00:00 AM ICT,0
13-Mar-26 7:30:00 AM ICT,0
13-Mar-26 8:00:00 AM ICT,0
13-Mar-26 8:30:00 AM ICT,0
13-Mar-26 9:00:00 AM ICT,1.6
13-Mar-26 9:30:00 AM ICT,0
13-Mar-26 10:00:00 AM ICT,0
13-Mar-26 10:30:00 AM ICT,0
13-Mar-26 11:00:00 AM ICT,0
13-Mar-26 11:30:00 AM ICT,0
13-Mar-26 12:00:00 PM ICT,0
13-Mar-26 12:30:00 PM ICT,1.4
13-Mar-26 1:00:00 PM ICT,0
13-Mar-26 1:30:00 PM ICT,0
13-Mar-26 2:00:00 PM ICT,0
13-Mar-26 2:30:00 PM ICT,0
13-Mar-26 3:00:00 PM ICT,0
13-Mar-26 3:30:00 PM ICT,0
13-Mar-26 4:00:00 PM ICT,0
13-Mar-26 4:30:00 PM ICT,0
13-Mar-26 5:00:00 PM ICT,0
13-Mar-26 5:30:00 PM ICT,0
13-Mar-26 6:00:00 PM ICT,0
13-Mar-26 6:30:00 PM ICT,0
13-Mar-26 7:00:00 PM ICT,0
13-Mar-26 7:30:00 PM ICT,0
13-Mar-26 8:00:00 PM ICT,0
13-Mar-26 8:30:00 PM ICT,0
13-Mar-26 9:00:00 PM ICT,0
13-Mar-26 9:30:00 PM ICT,0
13-Mar-26 10:00:00 PM ICT,0
13-Mar-26 10:30:00 PM ICT,0
13-Mar-26 11:00:00 PM ICT,0
13-Mar-26 11:30:00 PM ICT,0
14-Mar-26 12:00:00 AM ICT,0
14-Mar-26 12:30:00 AM ICT,0
14-Mar-26 1:00:00 AM ICT,0
14-Mar-26 1:30:00 AM ICT,0
14-Mar-26 2:00:00 AM ICT,0
14-Mar-26 2:30:00 AM ICT,0
14-Mar-26 3:00:00 AM ICT,0
14-Mar-26 3:30:00 AM ICT,0
14-Mar-26 4:00:00 AM ICT,0
14-Mar-26 4:30:00 AM ICT,0
14-Mar-26 5:00:00 AM ICT,0
14-Mar-26 5:30:00 AM ICT,0
14-Mar-26 6:00:00 AM ICT,0
14-Mar-26 6:30:00 AM ICT,0
14-Mar-26 7:00:00 AM ICT,0
14-Mar-26 7:30:00 AM ICT,0
14-Mar-26 8:00:00 AM ICT,0
14-Mar-26 8:30:00 AM ICT,0
14-Mar-26 9:00:00 AM ICT,0
14-Mar-26 9:30:00 AM ICT,0
14-Mar-26 10:00:00 AM ICT,0
14-Mar-26 10:30:00 AM ICT,0
14-Mar-26 11:00:00 AM ICT,0
14-Mar-26 11:30:00 AM ICT,0
14-Mar-26 12:00:00 PM ICT,0
14-Mar-26 12:30:00 PM ICT,0
14-Mar-26 1:00:00 PM ICT,0
14-Mar-26 1:30:00 PM ICT,0.8
14-Mar-26 2:00:00 PM ICT,0
14-Mar-26 2:30:00 PM ICT,0
14-Mar-26 3:00:00 PM ICT,0
14-Mar-26 3:30:00 PM ICT,0
14-Mar-26 4:00:00 PM ICT,0
14-Mar-26 4:30:00 PM ICT,0
14-Mar-26 5:00:00 PM ICT,0
14-Mar-26 5:30:00 PM ICT,0
14-Mar-26 6:00:00 PM ICT,0
14-Mar-26 6:30:00 PM ICT,0
14-Mar-26 7:00:00 PM ICT,0
14-Mar-26 7:30:00 PM ICT,0
14-Mar-26 8:00:00 PM ICT,0
14-Mar-26 8:30:00 PM ICT,0
14-Mar-26 9:00:00 PM ICT,0
14-Mar-26 9:30:00 PM ICT,0
14-Mar-26 10:00:00 PM ICT,0
14-Mar-26 10:30:00 PM ICT,0
14-Mar-26 11:00:00 PM ICT,0
14-Mar-26 11:30:00 PM ICT,0
15-Mar-26 12:00:00 AM ICT,0
15-Mar-26 12:30:00 AM ICT,0
15-Mar-26 1:00:00 AM ICT,0
15-Mar-26 1:30:00 AM ICT,0
15-Mar-26 2:00:00 AM ICT,0
15-Mar-26 2:30:00 AM ICT,0
15-Mar-26 3:00:00 AM ICT,0
15-Mar-26 3:30:00 AM ICT,0
15-Mar-26 4:00:00 AM ICT,0
15-Mar-26 4:30:00 AM ICT,0
15-Mar-26 5:00:00 AM ICT,0
15-Mar-26 5:30:00 AM ICT,0
15-Mar-26 6:00:00 AM ICT,0
15-Mar-26 6:30:00 AM ICT,0
15-Mar-26 7:00:00 AM ICT,0
15-Mar-26 7:30:00 AM ICT,0
15-Mar-26 8:00:00 AM ICT,0
15-Mar-26 8:30:00 AM ICT,0
15-Mar-26 9:00:00 AM ICT,0
15-Mar-26 9:30:00 AM ICT,0
15-Mar-26 10:00:00 AM ICT,0
15-Mar-26 10:30:00 AM ICT,0
15-Mar-26 11:00:00 AM ICT,0
15-Mar-26 11:30:00 AM ICT,0
15-Mar-26 12:00:00 PM ICT,0
15-Mar-26 12:30:00 PM ICT,0
15-Mar-26 1:00:00 PM ICT,0
15-Mar-26 1:30:00 PM ICT,0
15-Mar-26 2:00:00 PM ICT,0
15-Mar-26 2:30:00 PM ICT,0
15-Mar-26 3:00:00 PM ICT,0
15-Mar-26 3:30:00 PM ICT,0
15-Mar-26 4:00:00 PM ICT,0
15-Mar-26 4:30:00 PM ICT,0
15-Mar-26 5:00:00 PM ICT,0
15-Mar-26 5:30:00 PM ICT,0
15-Mar-26 6:00:00 PM ICT,0
15-Mar-26 6:30:00 PM ICT,0
15-Mar-26 7:00:00 PM ICT,0
15-Mar-26 7:30:00 PM ICT,0
15-Mar-26 8:00:00 PM ICT,0
15-Mar-26 8:30:00 PM ICT,0
15-Mar-26 9:00:00 PM ICT,0
15-Mar-26 9:30:00 PM ICT,0
15-Mar-26 10:00:00 PM ICT,0
15-Mar-26 10:30:00 PM ICT,0
15-Mar-26 11:00:00 PM ICT,0
15-Mar-26 11:30:00 PM ICT,0
16-Mar-26 12:00:00 AM ICT,0
16-Mar-26 12:30:00 AM ICT,0
16-Mar-26 1:00:00 AM ICT,0
16-Mar-26 1:30:00 AM ICT,0
16-Mar-26 2:00:00 AM ICT,0
16-Mar-26 2:30:00 AM ICT,0
16-Mar-26 3:00:00 AM ICT,0
16-Mar-26 3:30:00 AM ICT,0
16-Mar-26 4:00:00 AM ICT,0
16-Mar-26 4:30:00 AM ICT,0
16-Mar-26 5:00:00 AM ICT,0
16-Mar-26 5:30:00 AM ICT,0
16-Mar-26 6:00:00 AM ICT,0
16-Mar-26 6:30:00 AM ICT,0
16-Mar-26 7:00:00 AM ICT,0
16-Mar-26 7:30:00 AM ICT,0
16-Mar-26 8:00:00 AM ICT,0
16-Mar-26 8:30:00 AM ICT,0
16-Mar-26 9:00:00 AM ICT,0
16-Mar-26 9:30:00 AM ICT,0
16-Mar-26 10:00:00 AM ICT,0
16-Mar-26 10:30:00 AM ICT,0
16-Mar-26 11:00:00 AM ICT,0
16-Mar-26 11:30:00 AM ICT,0
16-Mar-26 12:00:00 PM ICT,0
16-Mar-26 12:30:00 PM ICT,0
16-Mar-26 1:00:00 PM ICT,0
16-Mar-26 1:30:00 PM ICT,0
16-Mar-26 2:00:00 PM ICT,2.5
16-Mar-26 2:30:00 PM ICT,2.6
16-Mar-26 3:00:00 PM ICT,2.6
16-Mar-26 3:30:00 PM ICT,1.3
16-Mar-26 4:00:00 PM ICT,0
16-Mar-26 4:30:00 PM ICT,0
16-Mar-26 5:00:00 PM ICT,0
16-Mar-26 5:30:00 PM ICT,0
16-Mar-26 6:00:00 PM ICT,0
16-Mar-26 6:30:00 PM ICT,0
16-Mar-26 7:00:00 PM ICT,0
16-Mar-26 7:30:00 PM ICT,0
16-Mar-26 8:00:00 PM ICT,0
16-Mar-26 8:30:00 PM ICT,0
16-Mar-26 9:00:00 PM ICT,0
16-Mar-26 9:30:00 PM ICT,0
16-Mar-26 10:00:00 PM ICT,0
16-Mar-26 10:30:00 PM ICT,0
16-Mar-26 11:00:00 PM ICT,0
16-Mar-26 11:30:00 PM ICT,0
17-Mar-26 12:00:00 AM ICT,0
17-Mar-26 12:30:00 AM ICT,0
17-Mar-26 1:00:00 AM ICT,0
17-Mar-26 1:30:00 AM ICT,0
17-Mar-26 2:00:00 AM ICT,0
17-Mar-26 2:30:00 AM ICT,0
17-Mar-26 3:00:00 AM ICT,0
17-Mar-26 3:30:00 AM ICT,0
17-Mar-26 4:00:00 AM ICT,0
17-Mar-26 4:30:00 AM ICT,0
17-Mar-26 5:00:00 AM ICT,0
17-Mar-26 5:30:00 AM ICT,0
17-Mar-26 6:00:00 AM ICT,0
17-Mar-26 6:30:00 AM ICT,0
17-Mar-26 7:00:00 AM ICT,0
17-Mar-26 7:30:00 AM ICT,0
17-Mar-26 8:00:00 AM ICT,0
17-Mar-26 8:30:00 AM ICT,0
17-Mar-26 9:00:00 AM ICT,0
17-Mar-26 9:30:00 AM ICT,0
17-Mar-26 10:00:00 AM ICT,0
17-Mar-26 10:30:00 AM ICT,0
17-Mar-26 11:00:00 AM ICT,0
17-Mar-26 11:30:00 AM ICT,0
17-Mar-26 12:00:00 PM ICT,0
17-Mar-26 12:30:00 PM ICT,0
17-Mar-26 1:00:00 PM ICT,0
17-Mar-26 1:30:00 PM ICT,0
17-Mar-26 2:00:00 PM ICT,0
17-Mar-26 2:30:00 PM ICT,0
17-Mar-26 3:00:00 PM ICT,0
17-Mar-26 3:30:00 PM ICT,0
17-Mar-26 4:00:00 PM ICT,0
17-Mar-26 4:30:00 PM ICT,0
17-Mar-26 5:00:00 PM ICT,0
17-Mar-26 5:30:00 PM ICT,0
17-Mar-26 6:00:00 PM ICT,0
17-Mar-26 6:30:00 PM ICT,0
17-Mar-26 7:00:00 PM ICT,0
17-Mar-26 7:30:00 PM ICT,0
17-Mar-26 8:00:00 PM ICT,0
17-Mar-26 8:30:00 PM ICT,0
17-Mar-26 9:00:00 PM ICT,0
17-Mar-26 9:30:00 PM ICT,0
17-Mar-26 10:00:00 PM ICT,0
17-Mar-26 10:30:00 PM ICT,0
17-Mar-26 11:00:00 PM ICT,0
17-Mar-26 11:30:00 PM ICT,0
18-Mar-26 12:00:00 AM ICT,0
18-Mar-26 12:30:00 AM ICT,0
18-Mar-26 1:00:00 AM ICT,0
18-Mar-26 1:30:00 AM ICT,0
18-Mar-26 2:00:00 AM ICT,0
18-Mar-26 2:30:00 AM ICT,0
18-Mar-26 3:00:00 AM ICT,0
18-Mar-26 3:30:00 AM ICT,0
18-Mar-26 4:00:00 AM ICT,0
18-Mar-26 4:30:00 AM ICT,0
18-Mar-26 5:00:00 AM ICT,0
18-Mar-26 5:30:00 AM ICT,0
18-Mar-26 6:00:00 AM ICT,0
18-Mar-26 6:30:00 AM ICT,0
18-Mar-26 7:00:00 AM ICT,0
18-Mar-26 7:30:00 AM ICT,0
18-Mar-26 8:00:00 AM ICT,0
18-Mar-26 8:30:00 AM ICT,0
18-Mar-26 9:00:00 AM ICT,0
18-Mar-26 9:30:00 AM ICT,0
18-Mar-26 10:00:00 AM ICT,0
18-Mar-26 10:30:00 AM ICT,0
18-Mar-26 11:00:00 AM ICT,0
18-Mar-26 11:30:00 AM ICT,0
18-Mar-26 12:00:00 PM ICT,0
18-Mar-26 12:30:00 PM ICT,0
18-Mar-26 1:00:00 PM ICT,0
18-Mar-26 1:30:00 PM ICT,0
18-Mar-26 2:00:00 PM ICT,0
18-Mar-26 2:30:00 PM ICT,0
18-Mar-26 3:00:00 PM ICT,0
