Timestamp,FIT102SoftWaterSupplyNo1_Flow(m³/hr)
30-Jan-26 10:30:00 PM ICT,0.0
30-Jan-26 11:00:00 PM ICT,0.0
30-Jan-26 11:30:00 PM ICT,0.0
31-Jan-26 12:00:00 AM ICT,0.0
31-Jan-26 12:30:00 AM ICT,0.0
31-Jan-26 1:00:00 AM ICT,0.0
31-Jan-26 1:30:00 AM ICT,0.0
31-Jan-26 2:00:00 AM ICT,0.0
31-Jan-26 2:30:00 AM ICT,0.0
31-Jan-26 3:00:00 AM ICT,0.0
31-Jan-26 3:30:00 AM ICT,0.0
31-Jan-26 4:00:00 AM ICT,0.0
31-Jan-26 4:30:00 AM ICT,0.0
31-Jan-26 5:00:00 AM ICT,0.0
31-Jan-26 5:30:00 AM ICT,0.0
31-Jan-26 6:00:00 AM ICT,0.0
31-Jan-26 6:30:00 AM ICT,0.0
31-Jan-26 7:00:00 AM ICT,0.0
31-Jan-26 7:30:00 AM ICT,0.0
31-Jan-26 8:00:00 AM ICT,0.0
31-Jan-26 8:30:00 AM ICT,0.0
31-Jan-26 9:00:00 AM ICT,0.0
31-Jan-26 9:30:00 AM ICT,0.0
31-Jan-26 10:00:00 AM ICT,0.0
31-Jan-26 10:30:00 AM ICT,0.0
31-Jan-26 11:00:00 AM ICT,0.0
31-Jan-26 11:30:00 AM ICT,0.0
31-Jan-26 12:00:00 PM ICT,0.0
31-Jan-26 12:30:00 PM ICT,0.0
31-Jan-26 1:00:00 PM ICT,0.0
31-Jan-26 1:30:00 PM ICT,0.0
31-Jan-26 2:00:00 PM ICT,0.0
31-Jan-26 2:30:00 PM ICT,0.0
31-Jan-26 3:00:00 PM ICT,0.0
31-Jan-26 3:30:00 PM ICT,0.0
31-Jan-26 4:00:00 PM ICT,0.0
31-Jan-26 4:30:00 PM ICT,0.0
31-Jan-26 5:00:00 PM ICT,0.0
31-Jan-26 5:30:00 PM ICT,0.0
31-Jan-26 6:00:00 PM ICT,0.0
31-Jan-26 6:30:00 PM ICT,0.0
31-Jan-26 7:00:00 PM ICT,0.0
31-Jan-26 7:30:00 PM ICT,0.0
31-Jan-26 8:00:00 PM ICT,0.0
31-Jan-26 8:30:00 PM ICT,0.0
31-Jan-26 9:00:00 PM ICT,0.0
31-Jan-26 9:30:00 PM ICT,0.0
31-Jan-26 10:00:00 PM ICT,0.0
31-Jan-26 10:30:00 PM ICT,0.0
31-Jan-26 11:00:00 PM ICT,0.0
31-Jan-26 11:30:00 PM ICT,0.0
01-Feb-26 12:00:00 AM ICT,0.0
01-Feb-26 12:30:00 AM ICT,0.0
01-Feb-26 1:00:00 AM ICT,0.0
01-Feb-26 1:30:00 AM ICT,0.0
01-Feb-26 2:00:00 AM ICT,0.0
01-Feb-26 2:30:00 AM ICT,0.0
01-Feb-26 3:00:00 AM ICT,0.0
01-Feb-26 3:30:00 AM ICT,0.0
01-Feb-26 4:00:00 AM ICT,0.0
01-Feb-26 4:30:00 AM ICT,0.0
01-Feb-26 5:00:00 AM ICT,0.0
01-Feb-26 5:30:00 AM ICT,0.0
01-Feb-26 6:00:00 AM ICT,0.0
01-Feb-26 6:30:00 AM ICT,0.0
01-Feb-26 7:00:00 AM ICT,0.0
01-Feb-26 7:30:00 AM ICT,0.0
01-Feb-26 8:00:00 AM ICT,0.0
01-Feb-26 8:30:00 AM ICT,0.0
01-Feb-26 9:00:00 AM ICT,0.0
01-Feb-26 9:30:00 AM ICT,0.0
01-Feb-26 10:00:00 AM ICT,0.0
01-Feb-26 10:30:00 AM ICT,0.0
01-Feb-26 11:00:00 AM ICT,0.0
01-Feb-26 11:30:00 AM ICT,0.0
01-Feb-26 12:00:00 PM ICT,0.0
01-Feb-26 12:30:00 PM ICT,0.0
01-Feb-26 1:00:00 PM ICT,0.0
01-Feb-26 1:30:00 PM ICT,0.0
01-Feb-26 2:00:00 PM ICT,0.0
01-Feb-26 2:30:00 PM ICT,0.0
01-Feb-26 3:00:00 PM ICT,0.0
01-Feb-26 3:30:00 PM ICT,0.0
01-Feb-26 4:00:00 PM ICT,0.0
01-Feb-26 4:30:00 PM ICT,0.0
01-Feb-26 5:00:00 PM ICT,0.0
01-Feb-26 5:30:00 PM ICT,0.0
01-Feb-26 6:00:00 PM ICT,0.0
01-Feb-26 6:30:00 PM ICT,0.0
01-Feb-26 7:00:00 PM ICT,0.0
01-Feb-26 7:30:00 PM ICT,0.0
01-Feb-26 8:00:00 PM ICT,0.0
01-Feb-26 8:30:00 PM ICT,0.0
01-Feb-26 9:00:00 PM ICT,0.0
01-Feb-26 9:30:00 PM ICT,0.0
01-Feb-26 10:00:00 PM ICT,0.0
01-Feb-26 10:30:00 PM ICT,0.0
01-Feb-26 11:00:00 PM ICT,0.0
01-Feb-26 11:30:00 PM ICT,0.0
02-Feb-26 12:00:00 AM ICT,0.0
02-Feb-26 12:30:00 AM ICT,0.0
02-Feb-26 1:00:00 AM ICT,0.0
02-Feb-26 1:30:00 AM ICT,0.0
02-Feb-26 2:00:00 AM ICT,0.0
02-Feb-26 2:30:00 AM ICT,0.0
02-Feb-26 3:00:00 AM ICT,0.0
02-Feb-26 3:30:00 AM ICT,0.0
02-Feb-26 4:00:00 AM ICT,0.0
02-Feb-26 4:30:00 AM ICT,0.0
02-Feb-26 5:00:00 AM ICT,0.0
02-Feb-26 5:30:00 AM ICT,0.0
02-Feb-26 6:00:00 AM ICT,0.0
02-Feb-26 6:30:00 AM ICT,0.0
02-Feb-26 7:00:00 AM ICT,0.0
02-Feb-26 7:30:00 AM ICT,0.0
02-Feb-26 8:00:00 AM ICT,0.0
02-Feb-26 8:30:00 AM ICT,0.0
02-Feb-26 9:00:00 AM ICT,0.0
02-Feb-26 9:30:00 AM ICT,0.0
02-Feb-26 10:00:00 AM ICT,0.0
02-Feb-26 10:30:00 AM ICT,0.0
02-Feb-26 11:00:00 AM ICT,0.0
02-Feb-26 11:30:00 AM ICT,0.0
02-Feb-26 12:00:00 PM ICT,0.0
02-Feb-26 12:30:00 PM ICT,0.0
02-Feb-26 1:00:00 PM ICT,0.0
02-Feb-26 1:30:00 PM ICT,0.0
02-Feb-26 2:00:00 PM ICT,0.0
02-Feb-26 2:30:00 PM ICT,0.0
02-Feb-26 3:00:00 PM ICT,0.0
02-Feb-26 3:30:00 PM ICT,0.0
02-Feb-26 4:00:00 PM ICT,0.0
02-Feb-26 4:30:00 PM ICT,0.0
02-Feb-26 5:00:00 PM ICT,0.0
02-Feb-26 5:30:00 PM ICT,0.0
02-Feb-26 6:00:00 PM ICT,0.0
02-Feb-26 6:30:00 PM ICT,0.0
02-Feb-26 7:00:00 PM ICT,0.0
02-Feb-26 7:30:00 PM ICT,0.0
02-Feb-26 8:00:00 PM ICT,0.0
02-Feb-26 8:30:00 PM ICT,0.0
02-Feb-26 9:00:00 PM ICT,0.0
02-Feb-26 9:30:00 PM ICT,0.0
02-Feb-26 10:00:00 PM ICT,0.0
02-Feb-26 10:30:00 PM ICT,0.0
02-Feb-26 11:00:00 PM ICT,0.0
02-Feb-26 11:30:00 PM ICT,0.0
03-Feb-26 12:00:00 AM ICT,0.0
03-Feb-26 12:30:00 AM ICT,0.0
03-Feb-26 1:00:00 AM ICT,0.0
03-Feb-26 1:30:00 AM ICT,0.0
03-Feb-26 2:00:00 AM ICT,0.0
03-Feb-26 2:30:00 AM ICT,0.0
03-Feb-26 3:00:00 AM ICT,0.0
03-Feb-26 3:30:00 AM ICT,0.0
03-Feb-26 4:00:00 AM ICT,0.0
03-Feb-26 4:30:00 AM ICT,0.0
03-Feb-26 5:00:00 AM ICT,0.0
03-Feb-26 5:30:00 AM ICT,0.0
03-Feb-26 6:00:00 AM ICT,0.0
03-Feb-26 6:30:00 AM ICT,0.0
03-Feb-26 7:00:00 AM ICT,0.0
03-Feb-26 7:30:00 AM ICT,0.0
03-Feb-26 8:00:00 AM ICT,0.0
03-Feb-26 8:30:00 AM ICT,0.0
03-Feb-26 9:00:00 AM ICT,0.0
03-Feb-26 9:30:00 AM ICT,0.0
03-Feb-26 10:00:00 AM ICT,0.0
03-Feb-26 10:30:00 AM ICT,0.0
03-Feb-26 11:00:00 AM ICT,0.0
03-Feb-26 11:30:00 AM ICT,0.0
03-Feb-26 12:00:00 PM ICT,0.0
03-Feb-26 12:30:00 PM ICT,0.0
03-Feb-26 1:00:00 PM ICT,0.0
03-Feb-26 1:30:00 PM ICT,0.0
03-Feb-26 2:00:00 PM ICT,0.0
03-Feb-26 2:30:00 PM ICT,0.0
03-Feb-26 3:00:00 PM ICT,0.0
03-Feb-26 3:30:00 PM ICT,0.0
03-Feb-26 4:00:00 PM ICT,0.0
03-Feb-26 4:30:00 PM ICT,0.0
03-Feb-26 5:00:00 PM ICT,0.0
03-Feb-26 5:30:00 PM ICT,0.0
03-Feb-26 6:00:00 PM ICT,0.0
03-Feb-26 6:30:00 PM ICT,0.0
03-Feb-26 7:00:00 PM ICT,0.0
03-Feb-26 7:30:00 PM ICT,0.0
03-Feb-26 8:00:00 PM ICT,0.0
03-Feb-26 8:30:00 PM ICT,0.0
03-Feb-26 9:00:00 PM ICT,0.0
03-Feb-26 9:30:00 PM ICT,0.0
03-Feb-26 10:00:00 PM ICT,0.0
03-Feb-26 10:30:00 PM ICT,0.0
03-Feb-26 11:00:00 PM ICT,0.0
03-Feb-26 11:30:00 PM ICT,0.0
04-Feb-26 12:00:00 AM ICT,0.0
04-Feb-26 12:30:00 AM ICT,0.0
04-Feb-26 1:00:00 AM ICT,0.0
04-Feb-26 1:30:00 AM ICT,0.0
04-Feb-26 2:00:00 AM ICT,0.0
04-Feb-26 2:30:00 AM ICT,0.0
04-Feb-26 3:00:00 AM ICT,0.0
04-Feb-26 3:30:00 AM ICT,0.0
04-Feb-26 4:00:00 AM ICT,0.0
04-Feb-26 4:30:00 AM ICT,0.0
04-Feb-26 5:00:00 AM ICT,0.0
04-Feb-26 5:30:00 AM ICT,0.0
04-Feb-26 6:00:00 AM ICT,0.0
04-Feb-26 6:30:00 AM ICT,0.0
04-Feb-26 7:00:00 AM ICT,0.0
04-Feb-26 7:30:00 AM ICT,0.0
04-Feb-26 8:00:00 AM ICT,0.0
04-Feb-26 8:30:00 AM ICT,0.0
04-Feb-26 9:00:00 AM ICT,0.0
04-Feb-26 9:30:00 AM ICT,0.0
04-Feb-26 10:00:00 AM ICT,0.0
04-Feb-26 10:30:00 AM ICT,0.0
04-Feb-26 11:00:00 AM ICT,0.0
04-Feb-26 11:30:00 AM ICT,0.0
04-Feb-26 12:00:00 PM ICT,0.0
04-Feb-26 12:30:00 PM ICT,0.0
04-Feb-26 1:00:00 PM ICT,0.0
04-Feb-26 1:30:00 PM ICT,0.0
04-Feb-26 2:00:00 PM ICT,0.0
04-Feb-26 2:30:00 PM ICT,0.0
04-Feb-26 3:00:00 PM ICT,0.0
04-Feb-26 3:30:00 PM ICT,0.0
04-Feb-26 4:00:00 PM ICT,0.0
04-Feb-26 4:30:00 PM ICT,0.0
04-Feb-26 5:00:00 PM ICT,0.0
04-Feb-26 5:30:00 PM ICT,0.0
04-Feb-26 6:00:00 PM ICT,0.0
04-Feb-26 6:30:00 PM ICT,0.0
04-Feb-26 7:00:00 PM ICT,0.0
04-Feb-26 7:30:00 PM ICT,0.0
04-Feb-26 8:00:00 PM ICT,0.0
04-Feb-26 8:30:00 PM ICT,0.0
04-Feb-26 9:00:00 PM ICT,0.0
04-Feb-26 9:30:00 PM ICT,0.0
04-Feb-26 10:00:00 PM ICT,0.0
04-Feb-26 10:30:00 PM ICT,0.0
04-Feb-26 11:00:00 PM ICT,0.0
04-Feb-26 11:30:00 PM ICT,0.0
05-Feb-26 12:00:00 AM ICT,0.0
05-Feb-26 12:30:00 AM ICT,0.0
05-Feb-26 1:00:00 AM ICT,0.0
05-Feb-26 1:30:00 AM ICT,0.0
05-Feb-26 2:00:00 AM ICT,0.0
05-Feb-26 2:30:00 AM ICT,0.0
05-Feb-26 3:00:00 AM ICT,0.0
05-Feb-26 3:30:00 AM ICT,0.0
05-Feb-26 4:00:00 AM ICT,0.0
05-Feb-26 4:30:00 AM ICT,0.0
05-Feb-26 5:00:00 AM ICT,0.0
05-Feb-26 5:30:00 AM ICT,0.0
05-Feb-26 6:00:00 AM ICT,0.0
05-Feb-26 6:30:00 AM ICT,0.0
05-Feb-26 7:00:00 AM ICT,0.0
05-Feb-26 7:30:00 AM ICT,0.0
05-Feb-26 8:00:00 AM ICT,0.0
05-Feb-26 8:30:00 AM ICT,0.0
05-Feb-26 9:00:00 AM ICT,0.0
05-Feb-26 9:30:00 AM ICT,0.0
05-Feb-26 10:00:00 AM ICT,0.0
05-Feb-26 10:30:00 AM ICT,0.0
05-Feb-26 11:00:00 AM ICT,0.0
05-Feb-26 11:30:00 AM ICT,0.0
05-Feb-26 12:00:00 PM ICT,0.0
05-Feb-26 12:30:00 PM ICT,0.0
05-Feb-26 1:00:00 PM ICT,0.0
05-Feb-26 1:30:00 PM ICT,0.0
05-Feb-26 2:00:00 PM ICT,0.0
05-Feb-26 2:30:00 PM ICT,0.0
05-Feb-26 3:00:00 PM ICT,0.0
05-Feb-26 3:30:00 PM ICT,0.0
05-Feb-26 4:00:00 PM ICT,0.0
05-Feb-26 4:30:00 PM ICT,0.0
05-Feb-26 5:00:00 PM ICT,0.0
05-Feb-26 5:30:00 PM ICT,0.0
05-Feb-26 6:00:00 PM ICT,0.0
05-Feb-26 6:30:00 PM ICT,0.0
05-Feb-26 7:00:00 PM ICT,0.0
05-Feb-26 7:30:00 PM ICT,0.0
05-Feb-26 8:00:00 PM ICT,0.0
05-Feb-26 8:30:00 PM ICT,0.0
05-Feb-26 9:00:00 PM ICT,0.0
05-Feb-26 9:30:00 PM ICT,0.0
05-Feb-26 10:00:00 PM ICT,0.0
05-Feb-26 10:30:00 PM ICT,0.0
05-Feb-26 11:00:00 PM ICT,0.0
05-Feb-26 11:30:00 PM ICT,0.0
06-Feb-26 12:00:00 AM ICT,0.0
06-Feb-26 12:30:00 AM ICT,0.0
06-Feb-26 1:00:00 AM ICT,0.0
06-Feb-26 1:30:00 AM ICT,0.0
06-Feb-26 2:00:00 AM ICT,0.0
06-Feb-26 2:30:00 AM ICT,0.0
06-Feb-26 3:00:00 AM ICT,0.0
06-Feb-26 3:30:00 AM ICT,0.0
06-Feb-26 4:00:00 AM ICT,0.0
06-Feb-26 4:30:00 AM ICT,0.0
06-Feb-26 5:00:00 AM ICT,0.0
06-Feb-26 5:30:00 AM ICT,0.0
06-Feb-26 6:00:00 AM ICT,0.0
06-Feb-26 6:30:00 AM ICT,0.0
06-Feb-26 7:00:00 AM ICT,0.0
06-Feb-26 7:30:00 AM ICT,0.0
06-Feb-26 8:00:00 AM ICT,0.0
06-Feb-26 8:30:00 AM ICT,0.0
06-Feb-26 9:00:00 AM ICT,0.0
06-Feb-26 9:30:00 AM ICT,0.0
06-Feb-26 10:00:00 AM ICT,0.0
06-Feb-26 10:30:00 AM ICT,0.0
06-Feb-26 11:00:00 AM ICT,0.0
06-Feb-26 11:30:00 AM ICT,0.0
06-Feb-26 12:00:00 PM ICT,0.0
06-Feb-26 12:30:00 PM ICT,0.0
06-Feb-26 1:00:00 PM ICT,0.0
06-Feb-26 1:30:00 PM ICT,0.0
06-Feb-26 2:00:00 PM ICT,0.0
06-Feb-26 2:30:00 PM ICT,0.0
06-Feb-26 3:00:00 PM ICT,0.0
06-Feb-26 3:30:00 PM ICT,0.0
06-Feb-26 4:00:00 PM ICT,0.0
06-Feb-26 4:30:00 PM ICT,0.0
06-Feb-26 5:00:00 PM ICT,0.0
06-Feb-26 5:30:00 PM ICT,0.0
06-Feb-26 6:00:00 PM ICT,0.0
06-Feb-26 6:30:00 PM ICT,0.0
06-Feb-26 7:00:00 PM ICT,0.0
06-Feb-26 7:30:00 PM ICT,0.0
06-Feb-26 8:00:00 PM ICT,0.0
06-Feb-26 8:30:00 PM ICT,0.0
06-Feb-26 9:00:00 PM ICT,0.0
06-Feb-26 9:30:00 PM ICT,0.0
06-Feb-26 10:00:00 PM ICT,0.0
06-Feb-26 10:30:00 PM ICT,0.0
06-Feb-26 11:00:00 PM ICT,0.0
06-Feb-26 11:30:00 PM ICT,0.0
07-Feb-26 12:00:00 AM ICT,0.0
07-Feb-26 12:30:00 AM ICT,0.0
07-Feb-26 1:00:00 AM ICT,0.0
07-Feb-26 1:30:00 AM ICT,0.0
07-Feb-26 2:00:00 AM ICT,0.0
07-Feb-26 2:30:00 AM ICT,0.0
07-Feb-26 3:00:00 AM ICT,0.0
07-Feb-26 3:30:00 AM ICT,0.0
07-Feb-26 4:00:00 AM ICT,0.0
07-Feb-26 4:30:00 AM ICT,0.0
07-Feb-26 5:00:00 AM ICT,0.0
07-Feb-26 5:30:00 AM ICT,0.0
07-Feb-26 6:00:00 AM ICT,0.0
07-Feb-26 6:30:00 AM ICT,0.0
07-Feb-26 7:00:00 AM ICT,0.0
07-Feb-26 7:30:00 AM ICT,0.0
07-Feb-26 8:00:00 AM ICT,0.0
07-Feb-26 8:30:00 AM ICT,0.0
07-Feb-26 9:00:00 AM ICT,0.0
07-Feb-26 9:30:00 AM ICT,0.0
07-Feb-26 10:00:00 AM ICT,0.0
07-Feb-26 10:30:00 AM ICT,0.0
07-Feb-26 11:00:00 AM ICT,0.0
07-Feb-26 11:30:00 AM ICT,0.0
07-Feb-26 12:00:00 PM ICT,0.0
07-Feb-26 12:30:00 PM ICT,0.0
07-Feb-26 1:00:00 PM ICT,0.0
07-Feb-26 1:30:00 PM ICT,0.0
07-Feb-26 2:00:00 PM ICT,0.0
07-Feb-26 2:30:00 PM ICT,0.0
07-Feb-26 3:00:00 PM ICT,0.0
07-Feb-26 3:30:00 PM ICT,0.0
07-Feb-26 4:00:00 PM ICT,0.0
07-Feb-26 4:30:00 PM ICT,0.0
07-Feb-26 5:00:00 PM ICT,0.0
07-Feb-26 5:30:00 PM ICT,0.0
07-Feb-26 6:00:00 PM ICT,0.0
07-Feb-26 6:30:00 PM ICT,0.0
07-Feb-26 7:00:00 PM ICT,0.0
07-Feb-26 7:30:00 PM ICT,0.0
07-Feb-26 8:00:00 PM ICT,0.0
07-Feb-26 8:30:00 PM ICT,0.0
07-Feb-26 9:00:00 PM ICT,0.0
07-Feb-26 9:30:00 PM ICT,0.0
07-Feb-26 10:00:00 PM ICT,0.0
07-Feb-26 10:30:00 PM ICT,0.0
07-Feb-26 11:00:00 PM ICT,0.0
07-Feb-26 11:30:00 PM ICT,0.0
08-Feb-26 12:00:00 AM ICT,0.0
08-Feb-26 12:30:00 AM ICT,0.0
08-Feb-26 1:00:00 AM ICT,0.0
08-Feb-26 1:30:00 AM ICT,0.0
08-Feb-26 2:00:00 AM ICT,0.0
08-Feb-26 2:30:00 AM ICT,0.0
08-Feb-26 3:00:00 AM ICT,0.0
08-Feb-26 3:30:00 AM ICT,0.0
08-Feb-26 4:00:00 AM ICT,0.0
08-Feb-26 4:30:00 AM ICT,0.0
08-Feb-26 5:00:00 AM ICT,0.0
08-Feb-26 5:30:00 AM ICT,0.0
08-Feb-26 6:00:00 AM ICT,0.0
08-Feb-26 6:30:00 AM ICT,0.0
08-Feb-26 7:00:00 AM ICT,0.0
08-Feb-26 7:30:00 AM ICT,0.0
08-Feb-26 8:00:00 AM ICT,0.0
08-Feb-26 8:30:00 AM ICT,0.0
08-Feb-26 9:00:00 AM ICT,0.0
08-Feb-26 9:30:00 AM ICT,0.0
08-Feb-26 10:00:00 AM ICT,0.0
08-Feb-26 10:30:00 AM ICT,0.0
08-Feb-26 11:00:00 AM ICT,0.0
08-Feb-26 11:30:00 AM ICT,0.0
08-Feb-26 12:00:00 PM ICT,0.0
08-Feb-26 12:30:00 PM ICT,0.0
08-Feb-26 1:00:00 PM ICT,0.0
08-Feb-26 1:30:00 PM ICT,0.0
08-Feb-26 2:00:00 PM ICT,0.0
08-Feb-26 2:30:00 PM ICT,0.0
08-Feb-26 3:00:00 PM ICT,0.0
08-Feb-26 3:30:00 PM ICT,0.0
08-Feb-26 4:00:00 PM ICT,0.0
08-Feb-26 4:30:00 PM ICT,0.0
08-Feb-26 5:00:00 PM ICT,0.0
08-Feb-26 5:30:00 PM ICT,0.0
08-Feb-26 6:00:00 PM ICT,0.0
08-Feb-26 6:30:00 PM ICT,0.0
08-Feb-26 7:00:00 PM ICT,0.0
08-Feb-26 7:30:00 PM ICT,0.0
08-Feb-26 8:00:00 PM ICT,0.0
08-Feb-26 8:30:00 PM ICT,0.0
08-Feb-26 9:00:00 PM ICT,0.0
08-Feb-26 9:30:00 PM ICT,0.0
08-Feb-26 10:00:00 PM ICT,0.0
08-Feb-26 10:30:00 PM ICT,0.0
08-Feb-26 11:00:00 PM ICT,0.0
08-Feb-26 11:30:00 PM ICT,0.0
09-Feb-26 12:00:00 AM ICT,0.0
09-Feb-26 12:30:00 AM ICT,0.0
09-Feb-26 1:00:00 AM ICT,0.0
09-Feb-26 1:30:00 AM ICT,0.0
09-Feb-26 2:00:00 AM ICT,0.0
09-Feb-26 2:30:00 AM ICT,0.0
09-Feb-26 3:00:00 AM ICT,0.0
09-Feb-26 3:30:00 AM ICT,0.0
09-Feb-26 4:00:00 AM ICT,0.0
09-Feb-26 4:30:00 AM ICT,0.0
09-Feb-26 5:00:00 AM ICT,0.0
09-Feb-26 5:30:00 AM ICT,0.0
09-Feb-26 6:00:00 AM ICT,0.0
09-Feb-26 6:30:00 AM ICT,0.0
09-Feb-26 7:00:00 AM ICT,0.0
09-Feb-26 7:30:00 AM ICT,0.0
09-Feb-26 8:00:00 AM ICT,0.0
09-Feb-26 8:30:00 AM ICT,0.0
09-Feb-26 9:00:00 AM ICT,0.0
09-Feb-26 9:30:00 AM ICT,0.0
09-Feb-26 10:00:00 AM ICT,0.0
09-Feb-26 10:30:00 AM ICT,0.0
09-Feb-26 11:00:00 AM ICT,0.0
09-Feb-26 11:30:00 AM ICT,0.0
09-Feb-26 12:00:00 PM ICT,0.0
09-Feb-26 12:30:00 PM ICT,0.0
09-Feb-26 1:00:00 PM ICT,0.0
09-Feb-26 1:30:00 PM ICT,0.0
09-Feb-26 2:00:00 PM ICT,0.0
09-Feb-26 2:30:00 PM ICT,0.0
09-Feb-26 3:00:00 PM ICT,0.0
09-Feb-26 3:30:00 PM ICT,0.0
09-Feb-26 4:00:00 PM ICT,0.0
09-Feb-26 4:30:00 PM ICT,0.0
09-Feb-26 5:00:00 PM ICT,0.0
09-Feb-26 5:30:00 PM ICT,0.0
09-Feb-26 6:00:00 PM ICT,0.0
09-Feb-26 6:30:00 PM ICT,0.0
09-Feb-26 7:00:00 PM ICT,0.0
09-Feb-26 7:30:00 PM ICT,0.0
09-Feb-26 8:00:00 PM ICT,0.0
09-Feb-26 8:30:00 PM ICT,0.0
09-Feb-26 9:00:00 PM ICT,0.0
09-Feb-26 9:30:00 PM ICT,0.0
09-Feb-26 10:00:00 PM ICT,0.0
09-Feb-26 10:30:00 PM ICT,0.0
09-Feb-26 11:00:00 PM ICT,0.0
09-Feb-26 11:30:00 PM ICT,0.0
10-Feb-26 12:00:00 AM ICT,0.0
10-Feb-26 12:30:00 AM ICT,0.0
10-Feb-26 1:00:00 AM ICT,0.0
10-Feb-26 1:30:00 AM ICT,0.0
10-Feb-26 2:00:00 AM ICT,0.0
10-Feb-26 2:30:00 AM ICT,0.0
10-Feb-26 3:00:00 AM ICT,0.0
10-Feb-26 3:30:00 AM ICT,0.0
10-Feb-26 4:00:00 AM ICT,0.0
10-Feb-26 4:30:00 AM ICT,0.0
10-Feb-26 5:00:00 AM ICT,0.0
10-Feb-26 5:30:00 AM ICT,0.0
10-Feb-26 6:00:00 AM ICT,0.0
10-Feb-26 6:30:00 AM ICT,0.0
10-Feb-26 7:00:00 AM ICT,0.0
10-Feb-26 7:30:00 AM ICT,0.0
10-Feb-26 8:00:00 AM ICT,0.0
10-Feb-26 8:30:00 AM ICT,0.0
10-Feb-26 9:00:00 AM ICT,0.0
10-Feb-26 9:30:00 AM ICT,0.0
10-Feb-26 10:00:00 AM ICT,0.0
10-Feb-26 10:30:00 AM ICT,0.0
10-Feb-26 11:00:00 AM ICT,0.0
10-Feb-26 11:30:00 AM ICT,0.0
10-Feb-26 12:00:00 PM ICT,0.0
10-Feb-26 12:30:00 PM ICT,0.0
10-Feb-26 1:00:00 PM ICT,0.0
10-Feb-26 1:30:00 PM ICT,0.0
10-Feb-26 2:00:00 PM ICT,0.0
10-Feb-26 2:30:00 PM ICT,0.0
10-Feb-26 3:00:00 PM ICT,0.0
10-Feb-26 3:30:00 PM ICT,0.0
10-Feb-26 4:00:00 PM ICT,0.0
10-Feb-26 4:30:00 PM ICT,0.0
10-Feb-26 5:00:00 PM ICT,0.0
10-Feb-26 5:30:00 PM ICT,0.0
10-Feb-26 6:00:00 PM ICT,0.0
10-Feb-26 6:30:00 PM ICT,0.0
10-Feb-26 7:00:00 PM ICT,0.0
10-Feb-26 7:30:00 PM ICT,0.0
10-Feb-26 8:00:00 PM ICT,0.0
10-Feb-26 8:30:00 PM ICT,0.0
10-Feb-26 9:00:00 PM ICT,0.0
10-Feb-26 9:30:00 PM ICT,0.0
10-Feb-26 10:00:00 PM ICT,0.0
10-Feb-26 10:30:00 PM ICT,0.0
10-Feb-26 11:00:00 PM ICT,0.0
10-Feb-26 11:30:00 PM ICT,0.0
11-Feb-26 12:00:00 AM ICT,0.0
11-Feb-26 12:30:00 AM ICT,0.0
11-Feb-26 1:00:00 AM ICT,0.0
11-Feb-26 1:30:00 AM ICT,0.0
11-Feb-26 2:00:00 AM ICT,0.0
11-Feb-26 2:30:00 AM ICT,0.0
11-Feb-26 3:00:00 AM ICT,0.0
11-Feb-26 3:30:00 AM ICT,0.0
11-Feb-26 4:00:00 AM ICT,0.0
11-Feb-26 4:30:00 AM ICT,0.0
11-Feb-26 5:00:00 AM ICT,0.0
11-Feb-26 5:30:00 AM ICT,0.0
11-Feb-26 6:00:00 AM ICT,0.0
11-Feb-26 6:30:00 AM ICT,0.0
11-Feb-26 7:00:00 AM ICT,0.0
11-Feb-26 7:30:00 AM ICT,0.0
11-Feb-26 8:00:00 AM ICT,0.0
11-Feb-26 8:30:00 AM ICT,0.0
11-Feb-26 9:00:00 AM ICT,0.0
11-Feb-26 9:30:00 AM ICT,0.0
11-Feb-26 10:00:00 AM ICT,0.0
11-Feb-26 10:30:00 AM ICT,0.0
11-Feb-26 11:00:00 AM ICT,0.0
11-Feb-26 11:30:00 AM ICT,0.0
11-Feb-26 12:00:00 PM ICT,0.0
11-Feb-26 12:30:00 PM ICT,0.0
11-Feb-26 1:00:00 PM ICT,0.0
11-Feb-26 1:30:00 PM ICT,0.0
11-Feb-26 2:00:00 PM ICT,0.0
11-Feb-26 2:30:00 PM ICT,0.0
11-Feb-26 3:00:00 PM ICT,0.0
11-Feb-26 3:30:00 PM ICT,0.0
11-Feb-26 4:00:00 PM ICT,0.0
11-Feb-26 4:30:00 PM ICT,0.0
11-Feb-26 5:00:00 PM ICT,0.0
11-Feb-26 5:30:00 PM ICT,0.0
11-Feb-26 6:00:00 PM ICT,0.0
11-Feb-26 6:30:00 PM ICT,0.0
11-Feb-26 7:00:00 PM ICT,0.0
11-Feb-26 7:30:00 PM ICT,0.0
11-Feb-26 8:00:00 PM ICT,0.0
11-Feb-26 8:30:00 PM ICT,0.0
11-Feb-26 9:00:00 PM ICT,0.0
11-Feb-26 9:30:00 PM ICT,0.0
11-Feb-26 10:00:00 PM ICT,0.0
11-Feb-26 10:30:00 PM ICT,0.0
11-Feb-26 11:00:00 PM ICT,0.0
11-Feb-26 11:30:00 PM ICT,0.0
12-Feb-26 12:00:00 AM ICT,0.0
12-Feb-26 12:30:00 AM ICT,0.0
12-Feb-26 1:00:00 AM ICT,0.0
12-Feb-26 1:30:00 AM ICT,0.0
12-Feb-26 2:00:00 AM ICT,0.0
12-Feb-26 2:30:00 AM ICT,0.0
12-Feb-26 3:00:00 AM ICT,0.0
12-Feb-26 3:30:00 AM ICT,0.0
12-Feb-26 4:00:00 AM ICT,0.0
12-Feb-26 4:30:00 AM ICT,0.0
12-Feb-26 5:00:00 AM ICT,0.0
12-Feb-26 5:30:00 AM ICT,0.0
12-Feb-26 6:00:00 AM ICT,0.0
12-Feb-26 6:30:00 AM ICT,0.0
12-Feb-26 7:00:00 AM ICT,0.0
12-Feb-26 7:30:00 AM ICT,0.0
12-Feb-26 8:00:00 AM ICT,0.0
12-Feb-26 8:30:00 AM ICT,0.0
12-Feb-26 9:00:00 AM ICT,0.0
12-Feb-26 9:30:00 AM ICT,0.0
12-Feb-26 10:00:00 AM ICT,0.0
12-Feb-26 10:30:00 AM ICT,0.0
12-Feb-26 11:00:00 AM ICT,0.0
12-Feb-26 11:30:00 AM ICT,0.0
12-Feb-26 12:00:00 PM ICT,0.0
12-Feb-26 12:30:00 PM ICT,0.0
12-Feb-26 1:00:00 PM ICT,0.0
12-Feb-26 1:30:00 PM ICT,0.0
12-Feb-26 2:00:00 PM ICT,0.0
12-Feb-26 2:30:00 PM ICT,0.0
12-Feb-26 3:00:00 PM ICT,0.0
12-Feb-26 3:30:00 PM ICT,0.0
12-Feb-26 4:00:00 PM ICT,0.0
12-Feb-26 4:30:00 PM ICT,0.0
12-Feb-26 5:00:00 PM ICT,0.0
12-Feb-26 5:30:00 PM ICT,0.0
12-Feb-26 6:00:00 PM ICT,0.0
12-Feb-26 6:30:00 PM ICT,0.0
12-Feb-26 7:00:00 PM ICT,0.0
12-Feb-26 7:30:00 PM ICT,0.0
12-Feb-26 8:00:00 PM ICT,0.0
12-Feb-26 8:30:00 PM ICT,0.0
12-Feb-26 9:00:00 PM ICT,0.0
12-Feb-26 9:30:00 PM ICT,0.0
12-Feb-26 10:00:00 PM ICT,0.0
12-Feb-26 10:30:00 PM ICT,0.0
12-Feb-26 11:00:00 PM ICT,0.0
12-Feb-26 11:30:00 PM ICT,0.0
13-Feb-26 12:00:00 AM ICT,0.0
13-Feb-26 12:30:00 AM ICT,0.0
13-Feb-26 1:00:00 AM ICT,0.0
13-Feb-26 1:30:00 AM ICT,0.0
13-Feb-26 2:00:00 AM ICT,0.0
13-Feb-26 2:30:00 AM ICT,0.0
13-Feb-26 3:00:00 AM ICT,0.0
13-Feb-26 3:30:00 AM ICT,0.0
13-Feb-26 4:00:00 AM ICT,0.0
13-Feb-26 4:30:00 AM ICT,0.0
13-Feb-26 5:00:00 AM ICT,0.0
13-Feb-26 5:30:00 AM ICT,0.0
13-Feb-26 6:00:00 AM ICT,0.0
13-Feb-26 6:30:00 AM ICT,0.0
13-Feb-26 7:00:00 AM ICT,0.0
13-Feb-26 7:30:00 AM ICT,0.0
13-Feb-26 8:00:00 AM ICT,0.0
13-Feb-26 8:30:00 AM ICT,0.0
13-Feb-26 9:00:00 AM ICT,0.0
13-Feb-26 9:30:00 AM ICT,0.0
13-Feb-26 10:00:00 AM ICT,0.0
13-Feb-26 10:30:00 AM ICT,0.0
13-Feb-26 11:00:00 AM ICT,0.0
13-Feb-26 11:30:00 AM ICT,0.0
13-Feb-26 12:00:00 PM ICT,0.0
13-Feb-26 12:30:00 PM ICT,0.0
13-Feb-26 1:00:00 PM ICT,0.0
13-Feb-26 1:30:00 PM ICT,0.0
13-Feb-26 2:00:00 PM ICT,0.0
13-Feb-26 2:30:00 PM ICT,0.0
13-Feb-26 3:00:00 PM ICT,0.0
13-Feb-26 3:30:00 PM ICT,0.0
13-Feb-26 4:00:00 PM ICT,0.0
13-Feb-26 4:30:00 PM ICT,0.0
13-Feb-26 5:00:00 PM ICT,0.0
13-Feb-26 5:30:00 PM ICT,0.0
13-Feb-26 6:00:00 PM ICT,0.0
13-Feb-26 6:30:00 PM ICT,0.0
13-Feb-26 7:00:00 PM ICT,0.0
13-Feb-26 7:30:00 PM ICT,0.0
13-Feb-26 8:00:00 PM ICT,0.0
13-Feb-26 8:30:00 PM ICT,0.0
13-Feb-26 9:00:00 PM ICT,0.0
13-Feb-26 9:30:00 PM ICT,0.0
13-Feb-26 10:00:00 PM ICT,0.0
13-Feb-26 10:30:00 PM ICT,0.0
13-Feb-26 11:00:00 PM ICT,0.0
13-Feb-26 11:30:00 PM ICT,0.0
14-Feb-26 12:00:00 AM ICT,0.0
14-Feb-26 12:30:00 AM ICT,0.0
14-Feb-26 1:00:00 AM ICT,0.0
14-Feb-26 1:30:00 AM ICT,0.0
14-Feb-26 2:00:00 AM ICT,0.0
14-Feb-26 2:30:00 AM ICT,0.0
14-Feb-26 3:00:00 AM ICT,0.0
14-Feb-26 3:30:00 AM ICT,0.0
14-Feb-26 4:00:00 AM ICT,0.0
14-Feb-26 4:30:00 AM ICT,0.0
14-Feb-26 5:00:00 AM ICT,0.0
14-Feb-26 5:30:00 AM ICT,0.0
14-Feb-26 6:00:00 AM ICT,0.0
14-Feb-26 6:30:00 AM ICT,0.0
14-Feb-26 7:00:00 AM ICT,0.0
14-Feb-26 7:30:00 AM ICT,0.0
14-Feb-26 8:00:00 AM ICT,0.0
14-Feb-26 8:30:00 AM ICT,0.0
14-Feb-26 9:00:00 AM ICT,0.0
14-Feb-26 9:30:00 AM ICT,0.0
14-Feb-26 10:00:00 AM ICT,0.0
14-Feb-26 10:30:00 AM ICT,0.0
14-Feb-26 11:00:00 AM ICT,0.0
14-Feb-26 11:30:00 AM ICT,0.0
14-Feb-26 12:00:00 PM ICT,0.0
14-Feb-26 12:30:00 PM ICT,0.0
14-Feb-26 1:00:00 PM ICT,0.0
14-Feb-26 1:30:00 PM ICT,0.0
14-Feb-26 2:00:00 PM ICT,0.0
14-Feb-26 2:30:00 PM ICT,0.0
14-Feb-26 3:00:00 PM ICT,0.0
14-Feb-26 3:30:00 PM ICT,0.0
14-Feb-26 4:00:00 PM ICT,0.0
14-Feb-26 4:30:00 PM ICT,0.0
14-Feb-26 5:00:00 PM ICT,0.0
14-Feb-26 5:30:00 PM ICT,0.0
14-Feb-26 6:00:00 PM ICT,0.0
14-Feb-26 6:30:00 PM ICT,0.0
14-Feb-26 7:00:00 PM ICT,0.0
14-Feb-26 7:30:00 PM ICT,0.0
14-Feb-26 8:00:00 PM ICT,0.0
14-Feb-26 8:30:00 PM ICT,0.0
14-Feb-26 9:00:00 PM ICT,0.0
14-Feb-26 9:30:00 PM ICT,0.0
14-Feb-26 10:00:00 PM ICT,0.0
14-Feb-26 10:30:00 PM ICT,0.0
14-Feb-26 11:00:00 PM ICT,0.0
14-Feb-26 11:30:00 PM ICT,0.0
15-Feb-26 12:00:00 AM ICT,0.0
15-Feb-26 12:30:00 AM ICT,0.0
15-Feb-26 1:00:00 AM ICT,0.0
15-Feb-26 1:30:00 AM ICT,0.0
15-Feb-26 2:00:00 AM ICT,0.0
15-Feb-26 2:30:00 AM ICT,0.0
15-Feb-26 3:00:00 AM ICT,0.0
15-Feb-26 3:30:00 AM ICT,0.0
15-Feb-26 4:00:00 AM ICT,0.0
15-Feb-26 4:30:00 AM ICT,0.0
15-Feb-26 5:00:00 AM ICT,0.0
15-Feb-26 5:30:00 AM ICT,0.0
15-Feb-26 6:00:00 AM ICT,0.0
15-Feb-26 6:30:00 AM ICT,0.0
15-Feb-26 7:00:00 AM ICT,0.0
15-Feb-26 7:30:00 AM ICT,0.0
15-Feb-26 8:00:00 AM ICT,0.0
15-Feb-26 8:30:00 AM ICT,0.0
15-Feb-26 9:00:00 AM ICT,0.0
15-Feb-26 9:30:00 AM ICT,0.0
15-Feb-26 10:00:00 AM ICT,0.0
15-Feb-26 10:30:00 AM ICT,0.0
15-Feb-26 11:00:00 AM ICT,0.0
15-Feb-26 11:30:00 AM ICT,0.0
15-Feb-26 12:00:00 PM ICT,0.0
15-Feb-26 12:30:00 PM ICT,0.0
15-Feb-26 1:00:00 PM ICT,0.0
15-Feb-26 1:30:00 PM ICT,0.0
15-Feb-26 2:00:00 PM ICT,0.0
15-Feb-26 2:30:00 PM ICT,0.0
15-Feb-26 3:00:00 PM ICT,0.0
15-Feb-26 3:30:00 PM ICT,0.0
15-Feb-26 4:00:00 PM ICT,0.0
15-Feb-26 4:30:00 PM ICT,0.0
15-Feb-26 5:00:00 PM ICT,0.0
15-Feb-26 5:30:00 PM ICT,0.0
15-Feb-26 6:00:00 PM ICT,0.0
15-Feb-26 6:30:00 PM ICT,0.0
15-Feb-26 7:00:00 PM ICT,0.0
15-Feb-26 7:30:00 PM ICT,0.0
15-Feb-26 8:00:00 PM ICT,0.0
15-Feb-26 8:30:00 PM ICT,0.0
15-Feb-26 9:00:00 PM ICT,0.0
15-Feb-26 9:30:00 PM ICT,0.0
15-Feb-26 10:00:00 PM ICT,0.0
15-Feb-26 10:30:00 PM ICT,0.0
15-Feb-26 11:00:00 PM ICT,0.0
15-Feb-26 11:30:00 PM ICT,0.0
16-Feb-26 12:00:00 AM ICT,0.0
16-Feb-26 12:30:00 AM ICT,0.0
16-Feb-26 1:00:00 AM ICT,0.0
16-Feb-26 1:30:00 AM ICT,0.0
16-Feb-26 2:00:00 AM ICT,0.0
16-Feb-26 2:30:00 AM ICT,0.0
16-Feb-26 3:00:00 AM ICT,0.0
16-Feb-26 3:30:00 AM ICT,0.0
16-Feb-26 4:00:00 AM ICT,0.0
16-Feb-26 4:30:00 AM ICT,0.0
16-Feb-26 5:00:00 AM ICT,0.0
16-Feb-26 5:30:00 AM ICT,0.0
16-Feb-26 6:00:00 AM ICT,0.0
16-Feb-26 6:30:00 AM ICT,0.0
16-Feb-26 7:00:00 AM ICT,0.0
16-Feb-26 7:30:00 AM ICT,0.0
16-Feb-26 8:00:00 AM ICT,0.0
16-Feb-26 8:30:00 AM ICT,0.0
16-Feb-26 9:00:00 AM ICT,0.0
16-Feb-26 9:30:00 AM ICT,0.0
16-Feb-26 10:00:00 AM ICT,0.0
16-Feb-26 10:30:00 AM ICT,0.0
16-Feb-26 11:00:00 AM ICT,0.0
16-Feb-26 11:30:00 AM ICT,0.0
16-Feb-26 12:00:00 PM ICT,0.0
16-Feb-26 12:30:00 PM ICT,0.0
16-Feb-26 1:00:00 PM ICT,0.0
16-Feb-26 1:30:00 PM ICT,0.0
16-Feb-26 2:00:00 PM ICT,0.0
16-Feb-26 2:30:00 PM ICT,0.0
16-Feb-26 3:00:00 PM ICT,0.0
16-Feb-26 3:30:00 PM ICT,0.0
16-Feb-26 4:00:00 PM ICT,0.0
16-Feb-26 4:30:00 PM ICT,0.0
16-Feb-26 5:00:00 PM ICT,0.0
16-Feb-26 5:30:00 PM ICT,0.0
16-Feb-26 6:00:00 PM ICT,0.0
16-Feb-26 6:30:00 PM ICT,0.0
16-Feb-26 7:00:00 PM ICT,0.0
16-Feb-26 7:30:00 PM ICT,0.0
16-Feb-26 8:00:00 PM ICT,0.0
16-Feb-26 8:30:00 PM ICT,0.0
16-Feb-26 9:00:00 PM ICT,0.0
16-Feb-26 9:30:00 PM ICT,0.0
16-Feb-26 10:00:00 PM ICT,0.0
16-Feb-26 10:30:00 PM ICT,0.0
16-Feb-26 11:00:00 PM ICT,0.0
16-Feb-26 11:30:00 PM ICT,0.0
17-Feb-26 12:00:00 AM ICT,0.0
17-Feb-26 12:30:00 AM ICT,0.0
17-Feb-26 1:00:00 AM ICT,0.0
17-Feb-26 1:30:00 AM ICT,0.0
17-Feb-26 2:00:00 AM ICT,0.0
17-Feb-26 2:30:00 AM ICT,0.0
17-Feb-26 3:00:00 AM ICT,0.0
17-Feb-26 3:30:00 AM ICT,0.0
17-Feb-26 4:00:00 AM ICT,0.0
17-Feb-26 4:30:00 AM ICT,0.0
17-Feb-26 5:00:00 AM ICT,0.0
17-Feb-26 5:30:00 AM ICT,0.0
17-Feb-26 6:00:00 AM ICT,0.0
17-Feb-26 6:30:00 AM ICT,0.0
17-Feb-26 7:00:00 AM ICT,0.0
17-Feb-26 7:30:00 AM ICT,0.0
17-Feb-26 8:00:00 AM ICT,0.0
17-Feb-26 8:30:00 AM ICT,0.0
17-Feb-26 9:00:00 AM ICT,0.0
17-Feb-26 9:30:00 AM ICT,0.0
17-Feb-26 10:00:00 AM ICT,0.0
17-Feb-26 10:30:00 AM ICT,0.0
17-Feb-26 11:00:00 AM ICT,0.0
17-Feb-26 11:30:00 AM ICT,0.0
17-Feb-26 12:00:00 PM ICT,0.0
17-Feb-26 12:30:00 PM ICT,0.0
17-Feb-26 1:00:00 PM ICT,0.0
17-Feb-26 1:30:00 PM ICT,0.0
17-Feb-26 2:00:00 PM ICT,0.0
17-Feb-26 2:30:00 PM ICT,0.0
17-Feb-26 3:00:00 PM ICT,0.0
17-Feb-26 3:30:00 PM ICT,0.0
17-Feb-26 4:00:00 PM ICT,0.0
17-Feb-26 4:30:00 PM ICT,0.0
17-Feb-26 5:00:00 PM ICT,0.0
17-Feb-26 5:30:00 PM ICT,0.0
17-Feb-26 6:00:00 PM ICT,0.0
17-Feb-26 6:30:00 PM ICT,0.0
17-Feb-26 7:00:00 PM ICT,0.0
17-Feb-26 7:30:00 PM ICT,0.0
17-Feb-26 8:00:00 PM ICT,0.0
17-Feb-26 8:30:00 PM ICT,0.0
17-Feb-26 9:00:00 PM ICT,0.0
17-Feb-26 9:30:00 PM ICT,0.0
17-Feb-26 10:00:00 PM ICT,0.0
17-Feb-26 10:30:00 PM ICT,0.0
17-Feb-26 11:00:00 PM ICT,0.0
17-Feb-26 11:30:00 PM ICT,0.0
18-Feb-26 12:00:00 AM ICT,0.0
18-Feb-26 12:30:00 AM ICT,0.0
18-Feb-26 1:00:00 AM ICT,0.0
18-Feb-26 1:30:00 AM ICT,0.0
18-Feb-26 2:00:00 AM ICT,0.0
18-Feb-26 2:30:00 AM ICT,0.0
18-Feb-26 3:00:00 AM ICT,0.0
18-Feb-26 3:30:00 AM ICT,0.0
18-Feb-26 4:00:00 AM ICT,0.0
18-Feb-26 4:30:00 AM ICT,0.0
18-Feb-26 5:00:00 AM ICT,0.0
18-Feb-26 5:30:00 AM ICT,0.0
18-Feb-26 6:00:00 AM ICT,0.0
18-Feb-26 6:30:00 AM ICT,0.0
18-Feb-26 7:00:00 AM ICT,0.0
18-Feb-26 7:30:00 AM ICT,0.0
18-Feb-26 8:00:00 AM ICT,0.0
18-Feb-26 8:30:00 AM ICT,0.0
18-Feb-26 9:00:00 AM ICT,0.0
18-Feb-26 9:30:00 AM ICT,0.0
18-Feb-26 10:00:00 AM ICT,0.0
18-Feb-26 10:30:00 AM ICT,0.0
18-Feb-26 11:00:00 AM ICT,0.0
18-Feb-26 11:30:00 AM ICT,0.0
18-Feb-26 12:00:00 PM ICT,0.0
18-Feb-26 12:30:00 PM ICT,0.0
18-Feb-26 1:00:00 PM ICT,0.0
18-Feb-26 1:30:00 PM ICT,0.0
18-Feb-26 2:00:00 PM ICT,0.0
18-Feb-26 2:30:00 PM ICT,0.0
18-Feb-26 3:00:00 PM ICT,0.0
18-Feb-26 3:30:00 PM ICT,0.0
18-Feb-26 4:00:00 PM ICT,0.0
18-Feb-26 4:30:00 PM ICT,0.0
18-Feb-26 5:00:00 PM ICT,14.4
18-Feb-26 5:30:00 PM ICT,0.0
18-Feb-26 6:00:00 PM ICT,0.0
18-Feb-26 6:30:00 PM ICT,0.0
18-Feb-26 7:00:00 PM ICT,0.0
18-Feb-26 7:30:00 PM ICT,0.0
18-Feb-26 8:00:00 PM ICT,0.0
18-Feb-26 8:30:00 PM ICT,0.0
18-Feb-26 9:00:00 PM ICT,0.0
18-Feb-26 9:30:00 PM ICT,0.0
18-Feb-26 10:00:00 PM ICT,0.0
18-Feb-26 10:30:00 PM ICT,0.0
18-Feb-26 11:00:00 PM ICT,0.0
18-Feb-26 11:30:00 PM ICT,0.0
19-Feb-26 12:00:00 AM ICT,0.0
19-Feb-26 12:30:00 AM ICT,0.0
19-Feb-26 1:00:00 AM ICT,0.0
19-Feb-26 1:30:00 AM ICT,0.0
19-Feb-26 2:00:00 AM ICT,0.0
19-Feb-26 2:30:00 AM ICT,0.0
19-Feb-26 3:00:00 AM ICT,0.0
19-Feb-26 3:30:00 AM ICT,0.0
19-Feb-26 4:00:00 AM ICT,0.0
19-Feb-26 4:30:00 AM ICT,0.0
19-Feb-26 5:00:00 AM ICT,0.0
19-Feb-26 5:30:00 AM ICT,0.0
19-Feb-26 6:00:00 AM ICT,0.0
19-Feb-26 6:30:00 AM ICT,0.0
19-Feb-26 7:00:00 AM ICT,0.0
19-Feb-26 7:30:00 AM ICT,0.0
19-Feb-26 8:00:00 AM ICT,0.0
19-Feb-26 8:30:00 AM ICT,0.0
19-Feb-26 9:00:00 AM ICT,0.0
19-Feb-26 9:30:00 AM ICT,0.0
19-Feb-26 10:00:00 AM ICT,0.0
19-Feb-26 10:30:00 AM ICT,0.0
19-Feb-26 11:00:00 AM ICT,0.0
19-Feb-26 11:30:00 AM ICT,0.0
19-Feb-26 12:00:00 PM ICT,0.0
19-Feb-26 12:30:00 PM ICT,0.0
19-Feb-26 1:00:00 PM ICT,0.0
19-Feb-26 1:30:00 PM ICT,0.0
19-Feb-26 2:00:00 PM ICT,0.0
19-Feb-26 2:30:00 PM ICT,0.0
19-Feb-26 3:00:00 PM ICT,0.0
19-Feb-26 3:30:00 PM ICT,0.0
19-Feb-26 4:00:00 PM ICT,0.0
19-Feb-26 4:30:00 PM ICT,0.0
19-Feb-26 5:00:00 PM ICT,0.0
19-Feb-26 5:30:00 PM ICT,0.0
19-Feb-26 6:00:00 PM ICT,0.0
19-Feb-26 6:30:00 PM ICT,0.0
19-Feb-26 7:00:00 PM ICT,0.0
19-Feb-26 7:30:00 PM ICT,0.0
19-Feb-26 8:00:00 PM ICT,0.0
19-Feb-26 8:30:00 PM ICT,0.0
19-Feb-26 9:00:00 PM ICT,0.0
19-Feb-26 9:30:00 PM ICT,0.0
19-Feb-26 10:00:00 PM ICT,0.0
19-Feb-26 10:30:00 PM ICT,0.0
19-Feb-26 11:00:00 PM ICT,0.0
19-Feb-26 11:30:00 PM ICT,0.0
20-Feb-26 12:00:00 AM ICT,0.0
20-Feb-26 12:30:00 AM ICT,0.0
20-Feb-26 1:00:00 AM ICT,0.0
20-Feb-26 1:30:00 AM ICT,0.0
20-Feb-26 2:00:00 AM ICT,0.0
20-Feb-26 2:30:00 AM ICT,0.0
20-Feb-26 3:00:00 AM ICT,0.0
20-Feb-26 3:30:00 AM ICT,0.0
20-Feb-26 4:00:00 AM ICT,0.0
20-Feb-26 4:30:00 AM ICT,0.0
20-Feb-26 5:00:00 AM ICT,0.0
20-Feb-26 5:30:00 AM ICT,0.0
20-Feb-26 6:00:00 AM ICT,0.0
20-Feb-26 6:30:00 AM ICT,0.0
20-Feb-26 7:00:00 AM ICT,0.0
20-Feb-26 7:30:00 AM ICT,0.0
20-Feb-26 8:00:00 AM ICT,0.0
20-Feb-26 8:30:00 AM ICT,0.0
20-Feb-26 9:00:00 AM ICT,0.0
20-Feb-26 9:30:00 AM ICT,0.0
20-Feb-26 10:00:00 AM ICT,0.0
20-Feb-26 10:30:00 AM ICT,0.0
20-Feb-26 11:00:00 AM ICT,0.0
20-Feb-26 11:30:00 AM ICT,0.0
20-Feb-26 12:00:00 PM ICT,0.0
20-Feb-26 12:30:00 PM ICT,0.0
20-Feb-26 1:00:00 PM ICT,0.0
20-Feb-26 1:30:00 PM ICT,0.0
20-Feb-26 2:00:00 PM ICT,0.0
20-Feb-26 2:30:00 PM ICT,0.0
20-Feb-26 3:00:00 PM ICT,0.0
20-Feb-26 3:30:00 PM ICT,0.0
20-Feb-26 4:00:00 PM ICT,0.0
20-Feb-26 4:30:00 PM ICT,0.0
20-Feb-26 5:00:00 PM ICT,0.0
20-Feb-26 5:30:00 PM ICT,0.0
20-Feb-26 6:00:00 PM ICT,0.0
20-Feb-26 6:30:00 PM ICT,0.0
20-Feb-26 7:00:00 PM ICT,0.0
20-Feb-26 7:30:00 PM ICT,0.0
20-Feb-26 8:00:00 PM ICT,0.0
20-Feb-26 8:30:00 PM ICT,0.0
20-Feb-26 9:00:00 PM ICT,0.0
20-Feb-26 9:30:00 PM ICT,0.0
20-Feb-26 10:00:00 PM ICT,0.0
20-Feb-26 10:30:00 PM ICT,0.0
20-Feb-26 11:00:00 PM ICT,0.0
20-Feb-26 11:30:00 PM ICT,0.0
21-Feb-26 12:00:00 AM ICT,0.0
21-Feb-26 12:30:00 AM ICT,0.0
21-Feb-26 1:00:00 AM ICT,0.0
21-Feb-26 1:30:00 AM ICT,0.0
21-Feb-26 2:00:00 AM ICT,0.0
21-Feb-26 2:30:00 AM ICT,0.0
21-Feb-26 3:00:00 AM ICT,0.0
21-Feb-26 3:30:00 AM ICT,0.0
21-Feb-26 4:00:00 AM ICT,0.0
21-Feb-26 4:30:00 AM ICT,0.0
21-Feb-26 5:00:00 AM ICT,0.0
21-Feb-26 5:30:00 AM ICT,0.0
21-Feb-26 6:00:00 AM ICT,0.0
21-Feb-26 6:30:00 AM ICT,0.0
21-Feb-26 7:00:00 AM ICT,0.0
21-Feb-26 7:30:00 AM ICT,0.0
21-Feb-26 8:00:00 AM ICT,0.0
21-Feb-26 8:30:00 AM ICT,0.0
21-Feb-26 9:00:00 AM ICT,0.0
21-Feb-26 9:30:00 AM ICT,0.0
21-Feb-26 10:00:00 AM ICT,0.0
21-Feb-26 10:30:00 AM ICT,0.0
21-Feb-26 11:00:00 AM ICT,0.0
21-Feb-26 11:30:00 AM ICT,0.0
21-Feb-26 12:00:00 PM ICT,0.0
21-Feb-26 12:30:00 PM ICT,0.0
21-Feb-26 1:00:00 PM ICT,0.0
21-Feb-26 1:30:00 PM ICT,0.0
21-Feb-26 2:00:00 PM ICT,0.0
21-Feb-26 2:30:00 PM ICT,0.0
21-Feb-26 3:00:00 PM ICT,0.0
21-Feb-26 3:30:00 PM ICT,0.0
21-Feb-26 4:00:00 PM ICT,0.0
21-Feb-26 4:30:00 PM ICT,0.0
21-Feb-26 5:00:00 PM ICT,0.0
21-Feb-26 5:30:00 PM ICT,0.0
21-Feb-26 6:00:00 PM ICT,0.0
21-Feb-26 6:30:00 PM ICT,0.0
21-Feb-26 7:00:00 PM ICT,0.0
21-Feb-26 7:30:00 PM ICT,0.0
21-Feb-26 8:00:00 PM ICT,0.0
21-Feb-26 8:30:00 PM ICT,0.0
21-Feb-26 9:00:00 PM ICT,0.0
21-Feb-26 9:30:00 PM ICT,0.0
21-Feb-26 10:00:00 PM ICT,0.0
21-Feb-26 10:30:00 PM ICT,0.0
21-Feb-26 11:00:00 PM ICT,0.0
21-Feb-26 11:30:00 PM ICT,0.0
22-Feb-26 12:00:00 AM ICT,0.0
22-Feb-26 12:30:00 AM ICT,0.0
22-Feb-26 1:00:00 AM ICT,0.0
22-Feb-26 1:30:00 AM ICT,0.0
22-Feb-26 2:00:00 AM ICT,0.0
22-Feb-26 2:30:00 AM ICT,0.0
22-Feb-26 3:00:00 AM ICT,0.0
22-Feb-26 3:30:00 AM ICT,0.0
22-Feb-26 4:00:00 AM ICT,0.0
22-Feb-26 4:30:00 AM ICT,0.0
22-Feb-26 5:00:00 AM ICT,0.0
22-Feb-26 5:30:00 AM ICT,0.0
22-Feb-26 6:00:00 AM ICT,0.0
22-Feb-26 6:30:00 AM ICT,0.0
22-Feb-26 7:00:00 AM ICT,0.0
22-Feb-26 7:30:00 AM ICT,0.0
22-Feb-26 8:00:00 AM ICT,0.0
22-Feb-26 8:30:00 AM ICT,0.0
22-Feb-26 9:00:00 AM ICT,0.0
22-Feb-26 9:30:00 AM ICT,0.0
22-Feb-26 11:00:00 AM ICT,0.0
22-Feb-26 11:30:00 AM ICT,0.0
22-Feb-26 12:00:00 PM ICT,0.0
22-Feb-26 12:30:00 PM ICT,0.0
22-Feb-26 1:00:00 PM ICT,0.0
22-Feb-26 1:30:00 PM ICT,0.0
22-Feb-26 2:00:00 PM ICT,0.0
22-Feb-26 2:30:00 PM ICT,0.0
22-Feb-26 3:00:00 PM ICT,0.0
22-Feb-26 3:30:00 PM ICT,0.0
22-Feb-26 4:00:00 PM ICT,0.0
22-Feb-26 4:30:00 PM ICT,0.0
22-Feb-26 5:00:00 PM ICT,0.0
22-Feb-26 5:30:00 PM ICT,0.0
22-Feb-26 6:00:00 PM ICT,0.0
22-Feb-26 6:30:00 PM ICT,0.0
22-Feb-26 7:00:00 PM ICT,0.0
22-Feb-26 7:30:00 PM ICT,0.0
22-Feb-26 8:00:00 PM ICT,0.0
22-Feb-26 8:30:00 PM ICT,0.0
22-Feb-26 9:00:00 PM ICT,0.0
22-Feb-26 9:30:00 PM ICT,0.0
22-Feb-26 10:00:00 PM ICT,0.0
22-Feb-26 10:30:00 PM ICT,0.0
22-Feb-26 11:00:00 PM ICT,0.0
22-Feb-26 11:30:00 PM ICT,0.0
23-Feb-26 12:00:00 AM ICT,0.0
23-Feb-26 12:30:00 AM ICT,0.0
23-Feb-26 1:00:00 AM ICT,0.0
23-Feb-26 1:30:00 AM ICT,0.0
23-Feb-26 2:00:00 AM ICT,0.0
23-Feb-26 2:30:00 AM ICT,0.0
23-Feb-26 3:00:00 AM ICT,0.0
23-Feb-26 3:30:00 AM ICT,0.0
23-Feb-26 4:00:00 AM ICT,0.0
23-Feb-26 4:30:00 AM ICT,0.0
23-Feb-26 5:00:00 AM ICT,0.0
23-Feb-26 5:30:00 AM ICT,0.0
23-Feb-26 6:00:00 AM ICT,0.0
23-Feb-26 6:30:00 AM ICT,0.0
23-Feb-26 7:00:00 AM ICT,0.0
23-Feb-26 7:30:00 AM ICT,0.0
23-Feb-26 8:00:00 AM ICT,0.0
23-Feb-26 8:30:00 AM ICT,0.0
23-Feb-26 9:00:00 AM ICT,0.0
23-Feb-26 9:30:00 AM ICT,0.0
23-Feb-26 10:00:00 AM ICT,0.0
23-Feb-26 10:30:00 AM ICT,0.0
23-Feb-26 11:00:00 AM ICT,0.0
23-Feb-26 11:30:00 AM ICT,0.0
23-Feb-26 12:00:00 PM ICT,0.0
23-Feb-26 12:30:00 PM ICT,0.0
23-Feb-26 1:00:00 PM ICT,0.0
23-Feb-26 1:30:00 PM ICT,0.0
23-Feb-26 2:00:00 PM ICT,0.0
23-Feb-26 2:30:00 PM ICT,0.0
23-Feb-26 3:00:00 PM ICT,0.0
23-Feb-26 3:30:00 PM ICT,0.0
23-Feb-26 4:00:00 PM ICT,0.0
23-Feb-26 4:30:00 PM ICT,0.0
23-Feb-26 5:00:00 PM ICT,0.0
23-Feb-26 5:30:00 PM ICT,0.0
23-Feb-26 6:00:00 PM ICT,0.0
23-Feb-26 6:30:00 PM ICT,0.0
23-Feb-26 7:00:00 PM ICT,0.0
23-Feb-26 7:30:00 PM ICT,0.0
23-Feb-26 8:00:00 PM ICT,0.0
23-Feb-26 8:30:00 PM ICT,0.0
23-Feb-26 9:00:00 PM ICT,0.0
23-Feb-26 9:30:00 PM ICT,0.0
23-Feb-26 10:00:00 PM ICT,0.0
23-Feb-26 10:30:00 PM ICT,0.0
23-Feb-26 11:00:00 PM ICT,0.0
23-Feb-26 11:30:00 PM ICT,0.0
24-Feb-26 12:00:00 AM ICT,0.0
24-Feb-26 12:30:00 AM ICT,0.0
24-Feb-26 1:00:00 AM ICT,0.0
24-Feb-26 1:30:00 AM ICT,0.0
24-Feb-26 2:00:00 AM ICT,0.0
24-Feb-26 2:30:00 AM ICT,0.0
24-Feb-26 3:00:00 AM ICT,0.0
24-Feb-26 3:30:00 AM ICT,0.0
24-Feb-26 4:00:00 AM ICT,0.0
24-Feb-26 4:30:00 AM ICT,0.0
24-Feb-26 5:00:00 AM ICT,0.0
24-Feb-26 5:30:00 AM ICT,0.0
24-Feb-26 6:00:00 AM ICT,0.0
24-Feb-26 6:30:00 AM ICT,0.0
24-Feb-26 7:00:00 AM ICT,0.0
24-Feb-26 7:30:00 AM ICT,0.0
24-Feb-26 8:00:00 AM ICT,0.0
24-Feb-26 8:30:00 AM ICT,0.0
24-Feb-26 9:00:00 AM ICT,0.0
24-Feb-26 9:30:00 AM ICT,0.0
24-Feb-26 10:00:00 AM ICT,0.0
24-Feb-26 10:30:00 AM ICT,0.0
24-Feb-26 11:00:00 AM ICT,0.0
24-Feb-26 11:30:00 AM ICT,0.0
24-Feb-26 12:00:00 PM ICT,0.0
24-Feb-26 12:30:00 PM ICT,0.0
24-Feb-26 1:00:00 PM ICT,0.0
24-Feb-26 1:30:00 PM ICT,0.0
24-Feb-26 2:00:00 PM ICT,0.0
24-Feb-26 2:30:00 PM ICT,0.0
24-Feb-26 3:00:00 PM ICT,0.0
24-Feb-26 3:30:00 PM ICT,0.0
24-Feb-26 4:00:00 PM ICT,0.0
24-Feb-26 4:30:00 PM ICT,0.0
24-Feb-26 5:00:00 PM ICT,0.0
24-Feb-26 5:30:00 PM ICT,0.0
24-Feb-26 6:00:00 PM ICT,0.0
24-Feb-26 6:30:00 PM ICT,0.0
24-Feb-26 7:00:00 PM ICT,0.0
24-Feb-26 7:30:00 PM ICT,0.0
24-Feb-26 8:00:00 PM ICT,0.0
24-Feb-26 8:30:00 PM ICT,0.0
24-Feb-26 9:00:00 PM ICT,0.0
24-Feb-26 9:30:00 PM ICT,0.0
24-Feb-26 10:00:00 PM ICT,0.0
24-Feb-26 10:30:00 PM ICT,0.0
24-Feb-26 11:00:00 PM ICT,0.0
24-Feb-26 11:30:00 PM ICT,0.0
25-Feb-26 12:00:00 AM ICT,0.0
25-Feb-26 12:30:00 AM ICT,0.0
25-Feb-26 1:00:00 AM ICT,0.0
25-Feb-26 1:30:00 AM ICT,0.0
25-Feb-26 2:00:00 AM ICT,0.0
25-Feb-26 2:30:00 AM ICT,0.0
25-Feb-26 3:00:00 AM ICT,0.0
25-Feb-26 3:30:00 AM ICT,0.0
25-Feb-26 4:00:00 AM ICT,0.0
25-Feb-26 4:30:00 AM ICT,0.0
25-Feb-26 5:00:00 AM ICT,0.0
25-Feb-26 5:30:00 AM ICT,0.0
25-Feb-26 6:00:00 AM ICT,0.0
25-Feb-26 6:30:00 AM ICT,0.0
25-Feb-26 7:00:00 AM ICT,0.0
25-Feb-26 7:30:00 AM ICT,0.0
25-Feb-26 8:00:00 AM ICT,0.0
25-Feb-26 8:30:00 AM ICT,0.0
25-Feb-26 9:00:00 AM ICT,0.0
25-Feb-26 9:30:00 AM ICT,0.0
25-Feb-26 10:00:00 AM ICT,0.0
25-Feb-26 10:30:00 AM ICT,0.0
25-Feb-26 11:00:00 AM ICT,0.0
25-Feb-26 11:30:00 AM ICT,0.0
25-Feb-26 12:00:00 PM ICT,0.0
25-Feb-26 12:30:00 PM ICT,0.0
25-Feb-26 1:00:00 PM ICT,0.0
25-Feb-26 1:30:00 PM ICT,0.0
25-Feb-26 2:00:00 PM ICT,0.0
25-Feb-26 2:30:00 PM ICT,0.0
25-Feb-26 3:00:00 PM ICT,0.0
25-Feb-26 3:30:00 PM ICT,0.0
25-Feb-26 4:00:00 PM ICT,0.0
25-Feb-26 4:30:00 PM ICT,0.0
25-Feb-26 5:00:00 PM ICT,0.0
25-Feb-26 5:30:00 PM ICT,0.0
25-Feb-26 6:00:00 PM ICT,0.0
25-Feb-26 6:30:00 PM ICT,0.0
25-Feb-26 7:00:00 PM ICT,0.0
25-Feb-26 7:30:00 PM ICT,0.0
25-Feb-26 8:00:00 PM ICT,0.0
25-Feb-26 8:30:00 PM ICT,0.0
25-Feb-26 9:00:00 PM ICT,0.0
25-Feb-26 9:30:00 PM ICT,0.0
25-Feb-26 10:00:00 PM ICT,0.0
25-Feb-26 10:30:00 PM ICT,0.0
25-Feb-26 11:00:00 PM ICT,0.0
25-Feb-26 11:30:00 PM ICT,0.0
26-Feb-26 12:00:00 AM ICT,0.0
26-Feb-26 12:30:00 AM ICT,0.0
26-Feb-26 1:00:00 AM ICT,0.0
26-Feb-26 1:30:00 AM ICT,0.0
26-Feb-26 2:00:00 AM ICT,0.0
26-Feb-26 2:30:00 AM ICT,0.0
26-Feb-26 3:00:00 AM ICT,0.0
26-Feb-26 3:30:00 AM ICT,0.0
26-Feb-26 4:00:00 AM ICT,0.0
26-Feb-26 4:30:00 AM ICT,0.0
26-Feb-26 5:00:00 AM ICT,0.0
26-Feb-26 5:30:00 AM ICT,0.0
26-Feb-26 6:00:00 AM ICT,0.0
26-Feb-26 6:30:00 AM ICT,0.0
26-Feb-26 7:00:00 AM ICT,0.0
26-Feb-26 7:30:00 AM ICT,0.0
26-Feb-26 8:00:00 AM ICT,0.0
26-Feb-26 8:30:00 AM ICT,0.0
26-Feb-26 9:00:00 AM ICT,0.0
26-Feb-26 9:30:00 AM ICT,0.0
26-Feb-26 10:00:00 AM ICT,0.0
26-Feb-26 10:30:00 AM ICT,0.0
26-Feb-26 11:00:00 AM ICT,0.0
26-Feb-26 11:30:00 AM ICT,0.0
26-Feb-26 12:00:00 PM ICT,0.0
26-Feb-26 12:30:00 PM ICT,0.0
26-Feb-26 1:00:00 PM ICT,0.0
26-Feb-26 1:30:00 PM ICT,0.0
26-Feb-26 2:00:00 PM ICT,0.0
26-Feb-26 2:30:00 PM ICT,0.0
26-Feb-26 3:00:00 PM ICT,0.0
26-Feb-26 3:30:00 PM ICT,0.0
26-Feb-26 4:00:00 PM ICT,0.0
26-Feb-26 4:30:00 PM ICT,0.0
26-Feb-26 5:00:00 PM ICT,0.0
26-Feb-26 5:30:00 PM ICT,0.0
26-Feb-26 6:00:00 PM ICT,0.0
26-Feb-26 6:30:00 PM ICT,0.0
26-Feb-26 7:00:00 PM ICT,0.0
26-Feb-26 7:30:00 PM ICT,0.0
26-Feb-26 8:00:00 PM ICT,0.0
26-Feb-26 8:30:00 PM ICT,0.0
26-Feb-26 9:00:00 PM ICT,0.0
26-Feb-26 9:30:00 PM ICT,0.0
26-Feb-26 10:00:00 PM ICT,0.0
26-Feb-26 10:30:00 PM ICT,0.0
26-Feb-26 11:00:00 PM ICT,0.0
26-Feb-26 11:30:00 PM ICT,0.0
27-Feb-26 12:00:00 AM ICT,0.0
27-Feb-26 12:30:00 AM ICT,0.0
27-Feb-26 1:00:00 AM ICT,0.0
27-Feb-26 1:30:00 AM ICT,0.0
27-Feb-26 2:30:00 AM ICT,0.0
27-Feb-26 3:00:00 AM ICT,0.0
27-Feb-26 3:30:00 AM ICT,0.0
27-Feb-26 4:00:00 AM ICT,0.0
27-Feb-26 4:30:00 AM ICT,0.0
27-Feb-26 5:00:00 AM ICT,0.0
27-Feb-26 5:30:00 AM ICT,0.0
27-Feb-26 6:00:00 AM ICT,0.0
27-Feb-26 6:30:00 AM ICT,0.0
27-Feb-26 7:00:00 AM ICT,0.0
27-Feb-26 7:30:00 AM ICT,0.0
27-Feb-26 8:00:00 AM ICT,0.0
27-Feb-26 8:30:00 AM ICT,0.0
27-Feb-26 9:00:00 AM ICT,0.0
27-Feb-26 9:30:00 AM ICT,0.0
27-Feb-26 10:00:00 AM ICT,0.0
27-Feb-26 10:30:00 AM ICT,0.0
27-Feb-26 11:00:00 AM ICT,0.0
27-Feb-26 11:30:00 AM ICT,0.0
27-Feb-26 12:00:00 PM ICT,0.0
27-Feb-26 12:30:00 PM ICT,0.0
27-Feb-26 1:00:00 PM ICT,0.0
27-Feb-26 1:30:00 PM ICT,0.0
27-Feb-26 2:00:00 PM ICT,0.0
27-Feb-26 2:30:00 PM ICT,0.0
27-Feb-26 3:00:00 PM ICT,0.0
27-Feb-26 3:30:00 PM ICT,0.0
27-Feb-26 4:00:00 PM ICT,0.0
27-Feb-26 4:30:00 PM ICT,0.0
27-Feb-26 5:00:00 PM ICT,0.0
27-Feb-26 5:30:00 PM ICT,0.0
27-Feb-26 6:00:00 PM ICT,0.0
27-Feb-26 6:30:00 PM ICT,0.0
27-Feb-26 7:00:00 PM ICT,0.0
27-Feb-26 7:30:00 PM ICT,0.0
27-Feb-26 8:00:00 PM ICT,0.0
27-Feb-26 8:30:00 PM ICT,0.0
27-Feb-26 9:00:00 PM ICT,0.0
27-Feb-26 9:30:00 PM ICT,0.0
27-Feb-26 10:00:00 PM ICT,0.0
27-Feb-26 10:30:00 PM ICT,0.0
27-Feb-26 11:00:00 PM ICT,0.0
27-Feb-26 11:30:00 PM ICT,0.0
28-Feb-26 12:00:00 AM ICT,0.0
28-Feb-26 12:30:00 AM ICT,0.0
28-Feb-26 1:00:00 AM ICT,0.0
28-Feb-26 1:30:00 AM ICT,0.0
28-Feb-26 2:00:00 AM ICT,0.0
28-Feb-26 2:30:00 AM ICT,0.0
28-Feb-26 3:00:00 AM ICT,0.0
28-Feb-26 3:30:00 AM ICT,0.0
28-Feb-26 4:00:00 AM ICT,0.0
28-Feb-26 4:30:00 AM ICT,0.0
28-Feb-26 5:00:00 AM ICT,0.0
28-Feb-26 5:30:00 AM ICT,0.0
28-Feb-26 6:00:00 AM ICT,0.0
28-Feb-26 6:30:00 AM ICT,0.0
28-Feb-26 7:00:00 AM ICT,0.0
28-Feb-26 7:30:00 AM ICT,0.0
28-Feb-26 8:00:00 AM ICT,0.0
28-Feb-26 8:30:00 AM ICT,0.0
28-Feb-26 9:00:00 AM ICT,0.0
28-Feb-26 9:30:00 AM ICT,0.0
28-Feb-26 10:00:00 AM ICT,0.0
28-Feb-26 10:30:00 AM ICT,0.0
28-Feb-26 11:00:00 AM ICT,0.0
28-Feb-26 11:30:00 AM ICT,0.0
28-Feb-26 12:00:00 PM ICT,0.0
28-Feb-26 12:30:00 PM ICT,0.0
28-Feb-26 1:00:00 PM ICT,0.0
28-Feb-26 1:30:00 PM ICT,0.0
28-Feb-26 2:00:00 PM ICT,0.0
28-Feb-26 2:30:00 PM ICT,0.0
28-Feb-26 3:00:00 PM ICT,0.0
28-Feb-26 3:30:00 PM ICT,0.0
28-Feb-26 4:00:00 PM ICT,0.0
28-Feb-26 4:30:00 PM ICT,0.0
28-Feb-26 5:00:00 PM ICT,0.0
28-Feb-26 5:30:00 PM ICT,0.0
28-Feb-26 6:00:00 PM ICT,0.0
28-Feb-26 6:30:00 PM ICT,0.0
28-Feb-26 7:00:00 PM ICT,0.0
28-Feb-26 7:30:00 PM ICT,0.0
28-Feb-26 8:00:00 PM ICT,14.1
28-Feb-26 8:30:00 PM ICT,0.0
28-Feb-26 9:00:00 PM ICT,0.0
28-Feb-26 9:30:00 PM ICT,0.0
28-Feb-26 10:00:00 PM ICT,0.0
28-Feb-26 10:30:00 PM ICT,0.0
28-Feb-26 11:00:00 PM ICT,0.0
28-Feb-26 11:30:00 PM ICT,0.0
01-Mar-26 12:00:00 AM ICT,0.0
01-Mar-26 12:30:00 AM ICT,0.0
01-Mar-26 1:00:00 AM ICT,0.0
01-Mar-26 1:30:00 AM ICT,0.0
01-Mar-26 2:00:00 AM ICT,0.0
01-Mar-26 2:30:00 AM ICT,0.0
01-Mar-26 3:00:00 AM ICT,0.0
01-Mar-26 3:30:00 AM ICT,0.0
01-Mar-26 4:00:00 AM ICT,0.0
01-Mar-26 4:30:00 AM ICT,0.0
01-Mar-26 5:00:00 AM ICT,0.0
01-Mar-26 5:30:00 AM ICT,0.0
01-Mar-26 6:00:00 AM ICT,0.0
01-Mar-26 6:30:00 AM ICT,0.0
01-Mar-26 7:00:00 AM ICT,0.0
01-Mar-26 7:30:00 AM ICT,0.0
01-Mar-26 8:00:00 AM ICT,0.0
01-Mar-26 8:30:00 AM ICT,0.0
01-Mar-26 9:00:00 AM ICT,0.0
01-Mar-26 9:30:00 AM ICT,0.0
01-Mar-26 10:00:00 AM ICT,0.0
01-Mar-26 10:30:00 AM ICT,0.0
01-Mar-26 11:00:00 AM ICT,0.0
01-Mar-26 11:30:00 AM ICT,0.0
01-Mar-26 12:00:00 PM ICT,0.0
01-Mar-26 12:30:00 PM ICT,0.0
01-Mar-26 1:00:00 PM ICT,0.0
01-Mar-26 1:30:00 PM ICT,0.0
01-Mar-26 2:00:00 PM ICT,0.0
01-Mar-26 2:30:00 PM ICT,0.0
01-Mar-26 3:00:00 PM ICT,0.0
01-Mar-26 3:30:00 PM ICT,0.0
01-Mar-26 4:00:00 PM ICT,0.0
01-Mar-26 4:30:00 PM ICT,0.0
01-Mar-26 5:00:00 PM ICT,0.0
01-Mar-26 5:30:00 PM ICT,0.0
01-Mar-26 6:00:00 PM ICT,0.0
01-Mar-26 6:30:00 PM ICT,0.0
01-Mar-26 7:00:00 PM ICT,0.0
01-Mar-26 7:30:00 PM ICT,0.0
01-Mar-26 8:00:00 PM ICT,0.0
01-Mar-26 8:30:00 PM ICT,0.0
01-Mar-26 9:00:00 PM ICT,0.0
01-Mar-26 9:30:00 PM ICT,0.0
01-Mar-26 10:00:00 PM ICT,0.0
01-Mar-26 10:30:00 PM ICT,0.0
01-Mar-26 11:00:00 PM ICT,0.0
01-Mar-26 11:30:00 PM ICT,0.0
02-Mar-26 12:00:00 AM ICT,0.0
02-Mar-26 12:30:00 AM ICT,0.0
02-Mar-26 1:00:00 AM ICT,0.0
02-Mar-26 1:30:00 AM ICT,0.0
02-Mar-26 2:00:00 AM ICT,0.0
02-Mar-26 2:30:00 AM ICT,0.0
02-Mar-26 3:00:00 AM ICT,0.0
02-Mar-26 3:30:00 AM ICT,0.0
02-Mar-26 4:00:00 AM ICT,0.0
02-Mar-26 4:30:00 AM ICT,0.0
02-Mar-26 5:00:00 AM ICT,0.0
02-Mar-26 5:30:00 AM ICT,0.0
02-Mar-26 6:00:00 AM ICT,0.0
02-Mar-26 6:30:00 AM ICT,0.0
02-Mar-26 7:00:00 AM ICT,0.0
02-Mar-26 7:30:00 AM ICT,0.0
02-Mar-26 8:00:00 AM ICT,0.0
02-Mar-26 8:30:00 AM ICT,0.0
02-Mar-26 9:00:00 AM ICT,0.0
02-Mar-26 9:30:00 AM ICT,0.0
02-Mar-26 10:00:00 AM ICT,0.0
02-Mar-26 10:30:00 AM ICT,0.0
02-Mar-26 11:00:00 AM ICT,0.0
02-Mar-26 11:30:00 AM ICT,0.0
02-Mar-26 12:00:00 PM ICT,0.0
02-Mar-26 12:30:00 PM ICT,0.0
02-Mar-26 1:00:00 PM ICT,0.0
02-Mar-26 1:30:00 PM ICT,0.0
02-Mar-26 2:00:00 PM ICT,0.0
02-Mar-26 2:30:00 PM ICT,0.0
02-Mar-26 3:00:00 PM ICT,0.0
02-Mar-26 3:30:00 PM ICT,0.0
02-Mar-26 4:00:00 PM ICT,0.0
02-Mar-26 4:30:00 PM ICT,0.0
02-Mar-26 5:00:00 PM ICT,0.0
02-Mar-26 5:30:00 PM ICT,0.0
02-Mar-26 6:00:00 PM ICT,0.0
02-Mar-26 6:30:00 PM ICT,0.0
02-Mar-26 7:00:00 PM ICT,0.0
02-Mar-26 7:30:00 PM ICT,0.0
02-Mar-26 8:00:00 PM ICT,0.0
02-Mar-26 8:30:00 PM ICT,0.0
02-Mar-26 9:00:00 PM ICT,0.0
02-Mar-26 9:30:00 PM ICT,0.0
02-Mar-26 10:00:00 PM ICT,0.0
02-Mar-26 10:30:00 PM ICT,0.0
02-Mar-26 11:00:00 PM ICT,0.0
02-Mar-26 11:30:00 PM ICT,0.0
03-Mar-26 12:00:00 AM ICT,0.0
03-Mar-26 12:30:00 AM ICT,0.0
03-Mar-26 1:00:00 AM ICT,0.0
03-Mar-26 1:30:00 AM ICT,0.0
03-Mar-26 2:00:00 AM ICT,0.0
03-Mar-26 2:30:00 AM ICT,0.0
03-Mar-26 3:00:00 AM ICT,0.0
03-Mar-26 3:30:00 AM ICT,0.0
03-Mar-26 4:00:00 AM ICT,0.0
03-Mar-26 4:30:00 AM ICT,0.0
03-Mar-26 5:00:00 AM ICT,0.0
03-Mar-26 5:30:00 AM ICT,0.0
03-Mar-26 6:00:00 AM ICT,0.0
03-Mar-26 6:30:00 AM ICT,0.0
03-Mar-26 7:00:00 AM ICT,0.0
03-Mar-26 7:30:00 AM ICT,0.0
03-Mar-26 8:00:00 AM ICT,0.0
03-Mar-26 8:30:00 AM ICT,0.0
03-Mar-26 9:00:00 AM ICT,0.0
03-Mar-26 9:30:00 AM ICT,0.0
03-Mar-26 10:00:00 AM ICT,0.0
03-Mar-26 10:30:00 AM ICT,0.0
03-Mar-26 11:00:00 AM ICT,0.0
03-Mar-26 11:30:00 AM ICT,0.0
03-Mar-26 12:00:00 PM ICT,0.0
03-Mar-26 12:30:00 PM ICT,0.0
03-Mar-26 1:00:00 PM ICT,0.0
03-Mar-26 1:30:00 PM ICT,0.0
03-Mar-26 2:00:00 PM ICT,0.0
03-Mar-26 2:30:00 PM ICT,0.0
03-Mar-26 3:00:00 PM ICT,0.0
03-Mar-26 3:30:00 PM ICT,0.0
03-Mar-26 4:00:00 PM ICT,0.0
03-Mar-26 4:30:00 PM ICT,0.0
03-Mar-26 5:00:00 PM ICT,0.0
03-Mar-26 5:30:00 PM ICT,0.0
03-Mar-26 6:00:00 PM ICT,0.0
03-Mar-26 6:30:00 PM ICT,0.0
03-Mar-26 7:00:00 PM ICT,0.0
03-Mar-26 7:30:00 PM ICT,0.0
03-Mar-26 8:00:00 PM ICT,0.0
03-Mar-26 8:30:00 PM ICT,0.0
03-Mar-26 9:00:00 PM ICT,0.0
03-Mar-26 9:30:00 PM ICT,0.0
03-Mar-26 10:00:00 PM ICT,0.0
03-Mar-26 10:30:00 PM ICT,0.0
03-Mar-26 11:00:00 PM ICT,0.0
03-Mar-26 11:30:00 PM ICT,0.0
04-Mar-26 12:00:00 AM ICT,0.0
04-Mar-26 12:30:00 AM ICT,0.0
04-Mar-26 1:00:00 AM ICT,0.0
04-Mar-26 1:30:00 AM ICT,0.0
04-Mar-26 2:00:00 AM ICT,0.0
04-Mar-26 2:30:00 AM ICT,0.0
04-Mar-26 3:00:00 AM ICT,0.0
04-Mar-26 3:30:00 AM ICT,0.0
04-Mar-26 4:00:00 AM ICT,0.0
04-Mar-26 4:30:00 AM ICT,0.0
04-Mar-26 5:00:00 AM ICT,0.0
04-Mar-26 5:30:00 AM ICT,0.0
04-Mar-26 6:00:00 AM ICT,0.0
04-Mar-26 6:30:00 AM ICT,0.0
04-Mar-26 7:00:00 AM ICT,0.0
04-Mar-26 7:30:00 AM ICT,0.0
04-Mar-26 8:00:00 AM ICT,0.0
04-Mar-26 8:30:00 AM ICT,0.0
04-Mar-26 9:00:00 AM ICT,0.0
04-Mar-26 9:30:00 AM ICT,0.0
04-Mar-26 10:00:00 AM ICT,0.0
04-Mar-26 10:30:00 AM ICT,0.0
04-Mar-26 11:00:00 AM ICT,0.0
04-Mar-26 11:30:00 AM ICT,0.0
04-Mar-26 12:00:00 PM ICT,0.0
04-Mar-26 12:30:00 PM ICT,0.0
04-Mar-26 1:00:00 PM ICT,0.0
04-Mar-26 1:30:00 PM ICT,0.0
04-Mar-26 2:00:00 PM ICT,0.0
04-Mar-26 2:30:00 PM ICT,0.0
04-Mar-26 3:00:00 PM ICT,0.0
04-Mar-26 3:30:00 PM ICT,0.0
04-Mar-26 4:00:00 PM ICT,0.0
04-Mar-26 4:30:00 PM ICT,0.0
04-Mar-26 5:00:00 PM ICT,0.0
04-Mar-26 5:30:00 PM ICT,0.0
04-Mar-26 6:00:00 PM ICT,0.0
04-Mar-26 6:30:00 PM ICT,0.0
04-Mar-26 7:00:00 PM ICT,0.0
04-Mar-26 7:30:00 PM ICT,0.0
04-Mar-26 8:00:00 PM ICT,0.0
04-Mar-26 8:30:00 PM ICT,0.0
04-Mar-26 9:00:00 PM ICT,0.0
04-Mar-26 9:30:00 PM ICT,0.0
04-Mar-26 10:00:00 PM ICT,0.0
04-Mar-26 10:30:00 PM ICT,0.0
04-Mar-26 11:00:00 PM ICT,0.0
04-Mar-26 11:30:00 PM ICT,0.0
05-Mar-26 12:00:00 AM ICT,0.0
05-Mar-26 12:30:00 AM ICT,0.0
05-Mar-26 1:00:00 AM ICT,0.0
05-Mar-26 1:30:00 AM ICT,0.0
05-Mar-26 2:00:00 AM ICT,0.0
05-Mar-26 2:30:00 AM ICT,0.0
05-Mar-26 3:00:00 AM ICT,0.0
05-Mar-26 3:30:00 AM ICT,0.0
05-Mar-26 4:00:00 AM ICT,0.0
05-Mar-26 4:30:00 AM ICT,0.0
05-Mar-26 5:00:00 AM ICT,0.0
05-Mar-26 5:30:00 AM ICT,0.0
05-Mar-26 6:00:00 AM ICT,0.0
05-Mar-26 6:30:00 AM ICT,0.0
05-Mar-26 7:00:00 AM ICT,0.0
05-Mar-26 7:30:00 AM ICT,0.0
05-Mar-26 8:00:00 AM ICT,0.0
05-Mar-26 8:30:00 AM ICT,0.0
05-Mar-26 9:00:00 AM ICT,0.0
05-Mar-26 9:30:00 AM ICT,0.0
05-Mar-26 10:00:00 AM ICT,0.0
05-Mar-26 10:30:00 AM ICT,0.0
05-Mar-26 11:00:00 AM ICT,0.0
05-Mar-26 11:30:00 AM ICT,0.0
05-Mar-26 12:00:00 PM ICT,0.0
05-Mar-26 12:30:00 PM ICT,0.0
05-Mar-26 1:00:00 PM ICT,0.0
05-Mar-26 1:30:00 PM ICT,0.0
05-Mar-26 2:00:00 PM ICT,0.0
05-Mar-26 2:30:00 PM ICT,0.0
05-Mar-26 3:00:00 PM ICT,0.0
05-Mar-26 3:30:00 PM ICT,0.0
05-Mar-26 4:00:00 PM ICT,0.0
05-Mar-26 4:30:00 PM ICT,0.0
05-Mar-26 5:00:00 PM ICT,0.0
05-Mar-26 5:30:00 PM ICT,0.0
05-Mar-26 6:00:00 PM ICT,0.0
05-Mar-26 6:30:00 PM ICT,0.0
05-Mar-26 7:00:00 PM ICT,0.0
05-Mar-26 7:30:00 PM ICT,0.0
05-Mar-26 8:00:00 PM ICT,0.0
05-Mar-26 8:30:00 PM ICT,0.0
05-Mar-26 9:00:00 PM ICT,0.0
05-Mar-26 9:30:00 PM ICT,0.0
05-Mar-26 10:00:00 PM ICT,0.0
05-Mar-26 10:30:00 PM ICT,0.0
05-Mar-26 11:00:00 PM ICT,0.0
05-Mar-26 11:30:00 PM ICT,0.0
06-Mar-26 12:00:00 AM ICT,0.0
06-Mar-26 12:30:00 AM ICT,0.0
06-Mar-26 1:00:00 AM ICT,0.0
06-Mar-26 1:30:00 AM ICT,0.0
06-Mar-26 2:00:00 AM ICT,0.0
06-Mar-26 2:30:00 AM ICT,0.0
06-Mar-26 3:00:00 AM ICT,0.0
06-Mar-26 3:30:00 AM ICT,0.0
06-Mar-26 4:00:00 AM ICT,0.0
06-Mar-26 4:30:00 AM ICT,0.0
06-Mar-26 5:00:00 AM ICT,0.0
06-Mar-26 5:30:00 AM ICT,0.0
06-Mar-26 6:00:00 AM ICT,0.0
06-Mar-26 6:30:00 AM ICT,0.0
06-Mar-26 7:00:00 AM ICT,0.0
06-Mar-26 7:30:00 AM ICT,0.0
06-Mar-26 8:00:00 AM ICT,0.0
06-Mar-26 8:30:00 AM ICT,0.0
06-Mar-26 9:00:00 AM ICT,0.0
06-Mar-26 9:30:00 AM ICT,0.0
06-Mar-26 10:00:00 AM ICT,0.0
06-Mar-26 10:30:00 AM ICT,0.0
06-Mar-26 11:00:00 AM ICT,0.0
06-Mar-26 11:30:00 AM ICT,0.0
06-Mar-26 12:00:00 PM ICT,0.0
06-Mar-26 12:30:00 PM ICT,0.0
06-Mar-26 1:00:00 PM ICT,0.0
06-Mar-26 1:30:00 PM ICT,0.0
06-Mar-26 2:00:00 PM ICT,0.0
06-Mar-26 2:30:00 PM ICT,0.0
06-Mar-26 3:00:00 PM ICT,0.0
06-Mar-26 3:30:00 PM ICT,0.0
06-Mar-26 4:00:00 PM ICT,0.0
06-Mar-26 4:30:00 PM ICT,0.0
06-Mar-26 5:00:00 PM ICT,0.0
06-Mar-26 5:30:00 PM ICT,0.0
06-Mar-26 6:00:00 PM ICT,0.0
06-Mar-26 6:30:00 PM ICT,0.0
06-Mar-26 7:00:00 PM ICT,0.0
06-Mar-26 7:30:00 PM ICT,0.0
06-Mar-26 8:00:00 PM ICT,0.0
06-Mar-26 8:30:00 PM ICT,0.0
06-Mar-26 9:00:00 PM ICT,0.0
06-Mar-26 9:30:00 PM ICT,0.0
06-Mar-26 10:00:00 PM ICT,0.0
06-Mar-26 10:30:00 PM ICT,0.0
06-Mar-26 11:00:00 PM ICT,0.0
06-Mar-26 11:30:00 PM ICT,0.0
07-Mar-26 12:00:00 AM ICT,0.0
07-Mar-26 12:30:00 AM ICT,0.0
07-Mar-26 1:00:00 AM ICT,0.0
07-Mar-26 1:30:00 AM ICT,0.0
07-Mar-26 2:00:00 AM ICT,0.0
07-Mar-26 2:30:00 AM ICT,0.0
07-Mar-26 3:00:00 AM ICT,0.0
07-Mar-26 3:30:00 AM ICT,0.0
07-Mar-26 4:00:00 AM ICT,0.0
07-Mar-26 4:30:00 AM ICT,0.0
07-Mar-26 5:00:00 AM ICT,0.0
07-Mar-26 5:30:00 AM ICT,0.0
07-Mar-26 6:00:00 AM ICT,0.0
07-Mar-26 6:30:00 AM ICT,0.0
07-Mar-26 7:00:00 AM ICT,0.0
07-Mar-26 7:30:00 AM ICT,0.0
07-Mar-26 8:00:00 AM ICT,0.0
07-Mar-26 8:30:00 AM ICT,0.0
07-Mar-26 9:00:00 AM ICT,0.0
07-Mar-26 9:30:00 AM ICT,0.0
07-Mar-26 10:00:00 AM ICT,0.0
07-Mar-26 10:30:00 AM ICT,0.0
07-Mar-26 11:00:00 AM ICT,0.0
07-Mar-26 11:30:00 AM ICT,0.0
07-Mar-26 12:00:00 PM ICT,0.0
07-Mar-26 12:30:00 PM ICT,0.0
07-Mar-26 1:00:00 PM ICT,0.0
07-Mar-26 1:30:00 PM ICT,0.0
07-Mar-26 2:00:00 PM ICT,0.0
07-Mar-26 2:30:00 PM ICT,0.0
07-Mar-26 3:00:00 PM ICT,0.0
07-Mar-26 3:30:00 PM ICT,0.0
07-Mar-26 4:00:00 PM ICT,0.0
07-Mar-26 4:30:00 PM ICT,0.0
07-Mar-26 5:00:00 PM ICT,0.0
07-Mar-26 5:30:00 PM ICT,0.0
07-Mar-26 6:00:00 PM ICT,0.0
07-Mar-26 6:30:00 PM ICT,0.0
07-Mar-26 7:00:00 PM ICT,0.0
07-Mar-26 7:30:00 PM ICT,0.0
07-Mar-26 8:00:00 PM ICT,0.0
07-Mar-26 8:30:00 PM ICT,0.0
07-Mar-26 9:00:00 PM ICT,0.0
07-Mar-26 9:30:00 PM ICT,0.0
07-Mar-26 10:00:00 PM ICT,0.0
07-Mar-26 10:30:00 PM ICT,0.0
07-Mar-26 11:00:00 PM ICT,0.0
07-Mar-26 11:30:00 PM ICT,0.0
08-Mar-26 12:00:00 AM ICT,0.0
08-Mar-26 12:30:00 AM ICT,0.0
08-Mar-26 1:00:00 AM ICT,0.0
08-Mar-26 1:30:00 AM ICT,0.0
08-Mar-26 2:00:00 AM ICT,0.0
08-Mar-26 2:30:00 AM ICT,0.0
08-Mar-26 3:00:00 AM ICT,0.0
08-Mar-26 3:30:00 AM ICT,0.0
08-Mar-26 4:00:00 AM ICT,0.0
08-Mar-26 4:30:00 AM ICT,0.0
08-Mar-26 5:00:00 AM ICT,0.0
08-Mar-26 5:30:00 AM ICT,0.0
08-Mar-26 6:00:00 AM ICT,0.0
08-Mar-26 6:30:00 AM ICT,0.0
08-Mar-26 7:00:00 AM ICT,0.0
08-Mar-26 7:30:00 AM ICT,0.0
08-Mar-26 8:00:00 AM ICT,0.0
08-Mar-26 8:30:00 AM ICT,0.0
08-Mar-26 9:00:00 AM ICT,0.0
08-Mar-26 9:30:00 AM ICT,0.0
08-Mar-26 10:00:00 AM ICT,0.0
08-Mar-26 10:30:00 AM ICT,0.0
08-Mar-26 11:00:00 AM ICT,0.0
08-Mar-26 11:30:00 AM ICT,0.0
08-Mar-26 12:00:00 PM ICT,0.0
08-Mar-26 12:30:00 PM ICT,0.0
08-Mar-26 1:00:00 PM ICT,0.0
08-Mar-26 1:30:00 PM ICT,0.0
08-Mar-26 2:00:00 PM ICT,0.0
08-Mar-26 2:30:00 PM ICT,0.0
08-Mar-26 3:00:00 PM ICT,0.0
08-Mar-26 3:30:00 PM ICT,0.0
08-Mar-26 4:00:00 PM ICT,0.0
08-Mar-26 4:30:00 PM ICT,0.0
08-Mar-26 5:00:00 PM ICT,0.0
08-Mar-26 5:30:00 PM ICT,0.0
08-Mar-26 6:00:00 PM ICT,0.0
08-Mar-26 6:30:00 PM ICT,0.0
08-Mar-26 7:00:00 PM ICT,0.0
08-Mar-26 7:30:00 PM ICT,0.0
08-Mar-26 8:00:00 PM ICT,0.0
08-Mar-26 8:30:00 PM ICT,0.0
08-Mar-26 9:00:00 PM ICT,0.0
08-Mar-26 9:30:00 PM ICT,0.0
08-Mar-26 10:00:00 PM ICT,0.0
08-Mar-26 10:30:00 PM ICT,0.0
08-Mar-26 11:00:00 PM ICT,0.0
08-Mar-26 11:30:00 PM ICT,0.0
09-Mar-26 12:00:00 AM ICT,0.0
09-Mar-26 12:30:00 AM ICT,0.0
09-Mar-26 1:00:00 AM ICT,0.0
09-Mar-26 1:30:00 AM ICT,0.0
09-Mar-26 2:00:00 AM ICT,0.0
09-Mar-26 2:30:00 AM ICT,0.0
09-Mar-26 3:00:00 AM ICT,0.0
09-Mar-26 3:30:00 AM ICT,0.0
09-Mar-26 4:00:00 AM ICT,0.0
09-Mar-26 4:30:00 AM ICT,0.0
09-Mar-26 5:00:00 AM ICT,0.0
09-Mar-26 5:30:00 AM ICT,0.0
09-Mar-26 6:00:00 AM ICT,0.0
09-Mar-26 6:30:00 AM ICT,0.0
09-Mar-26 7:00:00 AM ICT,0.0
09-Mar-26 7:30:00 AM ICT,0.0
09-Mar-26 8:00:00 AM ICT,0.0
09-Mar-26 8:30:00 AM ICT,0.0
09-Mar-26 9:00:00 AM ICT,0.0
09-Mar-26 9:30:00 AM ICT,0.0
09-Mar-26 10:00:00 AM ICT,0.0
09-Mar-26 10:30:00 AM ICT,0.0
09-Mar-26 11:00:00 AM ICT,0.0
09-Mar-26 11:30:00 AM ICT,0.0
09-Mar-26 12:00:00 PM ICT,0.0
09-Mar-26 12:30:00 PM ICT,0.0
09-Mar-26 1:00:00 PM ICT,0.0
09-Mar-26 1:30:00 PM ICT,0.0
09-Mar-26 2:00:00 PM ICT,0.0
09-Mar-26 2:30:00 PM ICT,0.0
09-Mar-26 3:00:00 PM ICT,0.0
09-Mar-26 3:30:00 PM ICT,0.0
09-Mar-26 4:00:00 PM ICT,0.0
09-Mar-26 4:30:00 PM ICT,0.0
09-Mar-26 5:00:00 PM ICT,0.0
09-Mar-26 5:30:00 PM ICT,0.0
09-Mar-26 6:00:00 PM ICT,0.0
09-Mar-26 6:30:00 PM ICT,0.0
09-Mar-26 7:00:00 PM ICT,0.0
09-Mar-26 7:30:00 PM ICT,0.0
09-Mar-26 8:00:00 PM ICT,0.0
09-Mar-26 8:30:00 PM ICT,0.0
09-Mar-26 9:00:00 PM ICT,0.0
09-Mar-26 9:30:00 PM ICT,0.0
09-Mar-26 10:00:00 PM ICT,0.0
09-Mar-26 10:30:00 PM ICT,0.0
09-Mar-26 11:00:00 PM ICT,0.0
09-Mar-26 11:30:00 PM ICT,0.0
10-Mar-26 12:00:00 AM ICT,0.0
10-Mar-26 12:30:00 AM ICT,0.0
10-Mar-26 1:00:00 AM ICT,0.0
10-Mar-26 1:30:00 AM ICT,0.0
10-Mar-26 2:00:00 AM ICT,0.0
10-Mar-26 2:30:00 AM ICT,0.0
10-Mar-26 3:00:00 AM ICT,0.0
10-Mar-26 3:30:00 AM ICT,0.0
10-Mar-26 4:00:00 AM ICT,0.0
10-Mar-26 4:30:00 AM ICT,0.0
10-Mar-26 5:00:00 AM ICT,0.0
10-Mar-26 5:30:00 AM ICT,0.0
10-Mar-26 6:00:00 AM ICT,0.0
10-Mar-26 6:30:00 AM ICT,0.0
10-Mar-26 7:00:00 AM ICT,0.0
10-Mar-26 7:30:00 AM ICT,0.0
10-Mar-26 8:00:00 AM ICT,0.0
10-Mar-26 8:30:00 AM ICT,0.0
10-Mar-26 9:00:00 AM ICT,0.0
10-Mar-26 9:30:00 AM ICT,0.0
10-Mar-26 10:00:00 AM ICT,0.0
10-Mar-26 10:30:00 AM ICT,0.0
10-Mar-26 11:00:00 AM ICT,0.0
10-Mar-26 11:30:00 AM ICT,0.0
10-Mar-26 12:00:00 PM ICT,0.0
10-Mar-26 12:30:00 PM ICT,0.0
10-Mar-26 1:00:00 PM ICT,0.0
10-Mar-26 1:30:00 PM ICT,0.0
10-Mar-26 2:00:00 PM ICT,0.0
10-Mar-26 2:30:00 PM ICT,0.0
10-Mar-26 3:00:00 PM ICT,0.0
10-Mar-26 3:30:00 PM ICT,0.0
10-Mar-26 4:00:00 PM ICT,0.0
10-Mar-26 4:30:00 PM ICT,0.0
10-Mar-26 5:00:00 PM ICT,0.0
10-Mar-26 5:30:00 PM ICT,0.0
10-Mar-26 6:00:00 PM ICT,0.0
10-Mar-26 6:30:00 PM ICT,0.0
10-Mar-26 7:00:00 PM ICT,0.0
10-Mar-26 7:30:00 PM ICT,0.0
10-Mar-26 8:00:00 PM ICT,0.0
10-Mar-26 8:30:00 PM ICT,0.0
10-Mar-26 9:00:00 PM ICT,0.0
10-Mar-26 9:30:00 PM ICT,0.0
10-Mar-26 10:00:00 PM ICT,0.0
10-Mar-26 10:30:00 PM ICT,0.0
10-Mar-26 11:00:00 PM ICT,0.0
10-Mar-26 11:30:00 PM ICT,0.0
11-Mar-26 12:00:00 AM ICT,0.0
11-Mar-26 12:30:00 AM ICT,0.0
11-Mar-26 1:00:00 AM ICT,0.0
11-Mar-26 1:30:00 AM ICT,0.0
11-Mar-26 2:00:00 AM ICT,0.0
11-Mar-26 2:30:00 AM ICT,0.0
11-Mar-26 3:00:00 AM ICT,0.0
11-Mar-26 3:30:00 AM ICT,0.0
11-Mar-26 4:00:00 AM ICT,0.0
11-Mar-26 4:30:00 AM ICT,0.0
11-Mar-26 5:00:00 AM ICT,0.0
11-Mar-26 5:30:00 AM ICT,0.0
11-Mar-26 6:00:00 AM ICT,0.0
11-Mar-26 6:30:00 AM ICT,0.0
11-Mar-26 7:00:00 AM ICT,0.0
11-Mar-26 7:30:00 AM ICT,0.0
11-Mar-26 8:00:00 AM ICT,0.0
11-Mar-26 8:30:00 AM ICT,0.0
11-Mar-26 9:00:00 AM ICT,0.0
11-Mar-26 9:30:00 AM ICT,0.0
11-Mar-26 10:00:00 AM ICT,0.0
11-Mar-26 10:30:00 AM ICT,0.0
11-Mar-26 11:00:00 AM ICT,0.0
11-Mar-26 11:30:00 AM ICT,0.0
11-Mar-26 12:00:00 PM ICT,0.0
11-Mar-26 12:30:00 PM ICT,0.0
11-Mar-26 1:00:00 PM ICT,0.0
11-Mar-26 1:30:00 PM ICT,0.0
11-Mar-26 2:00:00 PM ICT,0.0
11-Mar-26 2:30:00 PM ICT,0.0
11-Mar-26 3:00:00 PM ICT,0.0
11-Mar-26 3:30:00 PM ICT,0.0
11-Mar-26 4:00:00 PM ICT,0.0
11-Mar-26 4:30:00 PM ICT,0.0
11-Mar-26 5:00:00 PM ICT,0.0
11-Mar-26 5:30:00 PM ICT,0.0
11-Mar-26 6:00:00 PM ICT,0.0
11-Mar-26 6:30:00 PM ICT,0.0
11-Mar-26 7:00:00 PM ICT,0.0
11-Mar-26 7:30:00 PM ICT,0.0
11-Mar-26 8:00:00 PM ICT,0.0
11-Mar-26 8:30:00 PM ICT,0.0
11-Mar-26 9:00:00 PM ICT,0.0
11-Mar-26 9:30:00 PM ICT,0.0
11-Mar-26 10:00:00 PM ICT,0.0
11-Mar-26 10:30:00 PM ICT,0.0
11-Mar-26 11:00:00 PM ICT,0.0
11-Mar-26 11:30:00 PM ICT,0.0
12-Mar-26 12:00:00 AM ICT,0.0
12-Mar-26 12:30:00 AM ICT,0.0
12-Mar-26 1:00:00 AM ICT,0.0
12-Mar-26 1:30:00 AM ICT,0.0
12-Mar-26 2:00:00 AM ICT,0.0
12-Mar-26 2:30:00 AM ICT,0.0
12-Mar-26 3:00:00 AM ICT,0.0
12-Mar-26 3:30:00 AM ICT,0.0
12-Mar-26 4:00:00 AM ICT,0.0
12-Mar-26 4:30:00 AM ICT,0.0
12-Mar-26 5:00:00 AM ICT,0.0
12-Mar-26 5:30:00 AM ICT,0.0
12-Mar-26 6:00:00 AM ICT,0.0
12-Mar-26 6:30:00 AM ICT,0.0
12-Mar-26 7:00:00 AM ICT,0.0
12-Mar-26 7:30:00 AM ICT,0.0
12-Mar-26 8:00:00 AM ICT,0.0
12-Mar-26 8:30:00 AM ICT,0.0
12-Mar-26 9:00:00 AM ICT,0.0
12-Mar-26 9:30:00 AM ICT,0.0
12-Mar-26 10:00:00 AM ICT,0.0
12-Mar-26 10:30:00 AM ICT,0.0
12-Mar-26 11:00:00 AM ICT,0.0
12-Mar-26 11:30:00 AM ICT,0.0
12-Mar-26 12:00:00 PM ICT,0.0
12-Mar-26 12:30:00 PM ICT,0.0
12-Mar-26 1:00:00 PM ICT,0.0
12-Mar-26 1:30:00 PM ICT,0.0
12-Mar-26 2:00:00 PM ICT,0.0
12-Mar-26 2:30:00 PM ICT,0.0
12-Mar-26 3:00:00 PM ICT,0.0
12-Mar-26 3:30:00 PM ICT,0.0
12-Mar-26 4:00:00 PM ICT,0.0
12-Mar-26 4:30:00 PM ICT,0.0
12-Mar-26 5:00:00 PM ICT,0.0
12-Mar-26 5:30:00 PM ICT,0.0
12-Mar-26 6:00:00 PM ICT,0.0
12-Mar-26 6:30:00 PM ICT,0.0
12-Mar-26 7:00:00 PM ICT,0.0
12-Mar-26 7:30:00 PM ICT,0.0
12-Mar-26 8:00:00 PM ICT,0.0
12-Mar-26 8:30:00 PM ICT,0.0
12-Mar-26 9:00:00 PM ICT,0.0
12-Mar-26 9:30:00 PM ICT,0.0
12-Mar-26 10:00:00 PM ICT,0.0
12-Mar-26 10:30:00 PM ICT,0.0
12-Mar-26 11:00:00 PM ICT,0.0
12-Mar-26 11:30:00 PM ICT,0.0
13-Mar-26 12:00:00 AM ICT,0.0
13-Mar-26 12:30:00 AM ICT,0.0
13-Mar-26 1:00:00 AM ICT,0.0
13-Mar-26 1:30:00 AM ICT,0.0
13-Mar-26 2:00:00 AM ICT,0.0
13-Mar-26 2:30:00 AM ICT,0.0
13-Mar-26 3:00:00 AM ICT,0.0
13-Mar-26 3:30:00 AM ICT,0.0
13-Mar-26 4:00:00 AM ICT,0.0
13-Mar-26 4:30:00 AM ICT,0.0
13-Mar-26 5:00:00 AM ICT,0.0
13-Mar-26 5:30:00 AM ICT,0.0
13-Mar-26 6:00:00 AM ICT,0.0
13-Mar-26 6:30:00 AM ICT,0.0
13-Mar-26 7:00:00 AM ICT,0.0
13-Mar-26 7:30:00 AM ICT,0.0
13-Mar-26 8:00:00 AM ICT,0.0
13-Mar-26 8:30:00 AM ICT,0.0
13-Mar-26 9:00:00 AM ICT,0.0
13-Mar-26 9:30:00 AM ICT,0.0
13-Mar-26 10:00:00 AM ICT,0.0
13-Mar-26 10:30:00 AM ICT,0.0
13-Mar-26 11:00:00 AM ICT,0.0
13-Mar-26 11:30:00 AM ICT,0.0
13-Mar-26 12:00:00 PM ICT,0.0
13-Mar-26 12:30:00 PM ICT,0.0
13-Mar-26 1:00:00 PM ICT,0.0
13-Mar-26 1:30:00 PM ICT,0.0
13-Mar-26 2:00:00 PM ICT,0.0
13-Mar-26 2:30:00 PM ICT,0.0
13-Mar-26 3:00:00 PM ICT,0.0
13-Mar-26 3:30:00 PM ICT,0.0
13-Mar-26 4:00:00 PM ICT,0.0
13-Mar-26 4:30:00 PM ICT,0.0
13-Mar-26 5:00:00 PM ICT,0.0
13-Mar-26 5:30:00 PM ICT,0.0
13-Mar-26 6:00:00 PM ICT,0.0
13-Mar-26 6:30:00 PM ICT,0.0
13-Mar-26 7:00:00 PM ICT,0.0
13-Mar-26 7:30:00 PM ICT,0.0
13-Mar-26 8:00:00 PM ICT,0.0
13-Mar-26 8:30:00 PM ICT,0.0
13-Mar-26 9:00:00 PM ICT,0.0
13-Mar-26 9:30:00 PM ICT,0.0
13-Mar-26 10:00:00 PM ICT,0.0
13-Mar-26 10:30:00 PM ICT,0.0
13-Mar-26 11:00:00 PM ICT,0.0
13-Mar-26 11:30:00 PM ICT,0.0
14-Mar-26 12:00:00 AM ICT,0.0
14-Mar-26 12:30:00 AM ICT,0.0
14-Mar-26 1:00:00 AM ICT,0.0
14-Mar-26 1:30:00 AM ICT,0.0
14-Mar-26 2:00:00 AM ICT,0.0
14-Mar-26 2:30:00 AM ICT,0.0
14-Mar-26 3:00:00 AM ICT,0.0
14-Mar-26 3:30:00 AM ICT,0.0
14-Mar-26 4:00:00 AM ICT,0.0
14-Mar-26 4:30:00 AM ICT,0.0
14-Mar-26 5:00:00 AM ICT,0.0
14-Mar-26 5:30:00 AM ICT,0.0
14-Mar-26 6:00:00 AM ICT,0.0
14-Mar-26 6:30:00 AM ICT,0.0
14-Mar-26 7:00:00 AM ICT,0.0
14-Mar-26 7:30:00 AM ICT,0.0
14-Mar-26 8:00:00 AM ICT,0.0
14-Mar-26 8:30:00 AM ICT,0.0
14-Mar-26 9:00:00 AM ICT,0.0
14-Mar-26 9:30:00 AM ICT,0.0
14-Mar-26 10:00:00 AM ICT,0.0
14-Mar-26 10:30:00 AM ICT,0.0
14-Mar-26 11:00:00 AM ICT,0.0
14-Mar-26 11:30:00 AM ICT,0.0
14-Mar-26 12:00:00 PM ICT,0.0
14-Mar-26 12:30:00 PM ICT,0.0
14-Mar-26 1:00:00 PM ICT,0.0
14-Mar-26 1:30:00 PM ICT,0.0
14-Mar-26 2:00:00 PM ICT,0.0
14-Mar-26 2:30:00 PM ICT,0.0
14-Mar-26 3:00:00 PM ICT,0.0
14-Mar-26 3:30:00 PM ICT,0.0
14-Mar-26 4:00:00 PM ICT,0.0
14-Mar-26 4:30:00 PM ICT,0.0
14-Mar-26 5:00:00 PM ICT,0.0
14-Mar-26 5:30:00 PM ICT,0.0
14-Mar-26 6:00:00 PM ICT,0.0
14-Mar-26 6:30:00 PM ICT,0.0
14-Mar-26 7:00:00 PM ICT,0.0
14-Mar-26 7:30:00 PM ICT,0.0
14-Mar-26 8:00:00 PM ICT,0.0
14-Mar-26 8:30:00 PM ICT,0.0
14-Mar-26 9:00:00 PM ICT,0.0
14-Mar-26 9:30:00 PM ICT,0.0
14-Mar-26 10:00:00 PM ICT,0.0
14-Mar-26 10:30:00 PM ICT,0.0
14-Mar-26 11:00:00 PM ICT,0.0
14-Mar-26 11:30:00 PM ICT,0.0
15-Mar-26 12:00:00 AM ICT,0.0
15-Mar-26 12:30:00 AM ICT,0.0
15-Mar-26 1:00:00 AM ICT,0.0
15-Mar-26 1:30:00 AM ICT,0.0
15-Mar-26 2:00:00 AM ICT,0.0
15-Mar-26 2:30:00 AM ICT,0.0
15-Mar-26 3:00:00 AM ICT,0.0
15-Mar-26 3:30:00 AM ICT,0.0
15-Mar-26 4:00:00 AM ICT,0.0
15-Mar-26 4:30:00 AM ICT,0.0
15-Mar-26 5:00:00 AM ICT,0.0
15-Mar-26 5:30:00 AM ICT,0.0
15-Mar-26 6:00:00 AM ICT,0.0
15-Mar-26 6:30:00 AM ICT,0.0
15-Mar-26 7:00:00 AM ICT,0.0
15-Mar-26 7:30:00 AM ICT,0.0
15-Mar-26 8:00:00 AM ICT,0.0
15-Mar-26 8:30:00 AM ICT,0.0
15-Mar-26 9:00:00 AM ICT,0.0
15-Mar-26 9:30:00 AM ICT,0.0
15-Mar-26 10:00:00 AM ICT,0.0
15-Mar-26 10:30:00 AM ICT,0.0
15-Mar-26 11:00:00 AM ICT,0.0
15-Mar-26 11:30:00 AM ICT,0.0
15-Mar-26 12:00:00 PM ICT,0.0
15-Mar-26 12:30:00 PM ICT,0.0
15-Mar-26 1:00:00 PM ICT,0.0
15-Mar-26 1:30:00 PM ICT,0.0
15-Mar-26 2:00:00 PM ICT,0.0
15-Mar-26 2:30:00 PM ICT,0.0
15-Mar-26 3:00:00 PM ICT,0.0
15-Mar-26 3:30:00 PM ICT,0.0
15-Mar-26 4:00:00 PM ICT,0.0
15-Mar-26 4:30:00 PM ICT,0.0
15-Mar-26 5:00:00 PM ICT,0.0
15-Mar-26 5:30:00 PM ICT,0.0
15-Mar-26 6:00:00 PM ICT,0.0
15-Mar-26 6:30:00 PM ICT,0.0
15-Mar-26 7:00:00 PM ICT,0.0
15-Mar-26 7:30:00 PM ICT,0.0
15-Mar-26 8:00:00 PM ICT,0.0
15-Mar-26 8:30:00 PM ICT,0.0
15-Mar-26 9:00:00 PM ICT,0.0
15-Mar-26 9:30:00 PM ICT,0.0
15-Mar-26 10:00:00 PM ICT,0.0
15-Mar-26 10:30:00 PM ICT,0.0
15-Mar-26 11:00:00 PM ICT,0.0
15-Mar-26 11:30:00 PM ICT,0.0
16-Mar-26 12:00:00 AM ICT,0.0
16-Mar-26 12:30:00 AM ICT,0.0
16-Mar-26 1:00:00 AM ICT,0.0
16-Mar-26 1:30:00 AM ICT,0.0
16-Mar-26 2:00:00 AM ICT,0.0
16-Mar-26 2:30:00 AM ICT,0.0
16-Mar-26 3:00:00 AM ICT,0.0
16-Mar-26 3:30:00 AM ICT,0.0
16-Mar-26 4:00:00 AM ICT,0.0
16-Mar-26 4:30:00 AM ICT,0.0
16-Mar-26 5:00:00 AM ICT,0.0
16-Mar-26 5:30:00 AM ICT,0.0
16-Mar-26 6:00:00 AM ICT,0.0
16-Mar-26 6:30:00 AM ICT,0.0
16-Mar-26 7:00:00 AM ICT,0.0
16-Mar-26 7:30:00 AM ICT,0.0
16-Mar-26 8:00:00 AM ICT,0.0
16-Mar-26 8:30:00 AM ICT,0.0
16-Mar-26 9:00:00 AM ICT,0.0
16-Mar-26 9:30:00 AM ICT,0.0
16-Mar-26 10:00:00 AM ICT,0.0
16-Mar-26 10:30:00 AM ICT,0.0
16-Mar-26 11:00:00 AM ICT,0.0
16-Mar-26 11:30:00 AM ICT,0.0
16-Mar-26 12:00:00 PM ICT,0.0
16-Mar-26 12:30:00 PM ICT,0.0
16-Mar-26 1:00:00 PM ICT,0.0
16-Mar-26 1:30:00 PM ICT,0.0
16-Mar-26 2:00:00 PM ICT,0.0
16-Mar-26 2:30:00 PM ICT,0.0
16-Mar-26 3:00:00 PM ICT,0.0
16-Mar-26 3:30:00 PM ICT,0.0
16-Mar-26 4:00:00 PM ICT,0.0
16-Mar-26 4:30:00 PM ICT,0.0
16-Mar-26 5:00:00 PM ICT,0.0
16-Mar-26 5:30:00 PM ICT,0.0
16-Mar-26 6:00:00 PM ICT,0.0
16-Mar-26 6:30:00 PM ICT,0.0
16-Mar-26 7:00:00 PM ICT,0.0
16-Mar-26 7:30:00 PM ICT,0.0
16-Mar-26 8:00:00 PM ICT,0.0
16-Mar-26 8:30:00 PM ICT,0.0
16-Mar-26 9:00:00 PM ICT,0.0
16-Mar-26 9:30:00 PM ICT,0.0
16-Mar-26 10:00:00 PM ICT,0.0
16-Mar-26 10:30:00 PM ICT,0.0
16-Mar-26 11:00:00 PM ICT,0.0
16-Mar-26 11:30:00 PM ICT,0.0
17-Mar-26 12:00:00 AM ICT,0.0
17-Mar-26 12:30:00 AM ICT,0.0
17-Mar-26 1:00:00 AM ICT,0.0
17-Mar-26 1:30:00 AM ICT,0.0
17-Mar-26 2:00:00 AM ICT,0.0
17-Mar-26 2:30:00 AM ICT,0.0
17-Mar-26 3:00:00 AM ICT,0.0
17-Mar-26 3:30:00 AM ICT,0.0
17-Mar-26 4:00:00 AM ICT,0.0
17-Mar-26 4:30:00 AM ICT,0.0
17-Mar-26 5:00:00 AM ICT,0.0
17-Mar-26 5:30:00 AM ICT,0.0
17-Mar-26 6:00:00 AM ICT,0.0
17-Mar-26 6:30:00 AM ICT,0.0
17-Mar-26 7:00:00 AM ICT,0.0
17-Mar-26 7:30:00 AM ICT,0.0
17-Mar-26 8:00:00 AM ICT,0.0
17-Mar-26 8:30:00 AM ICT,0.0
17-Mar-26 9:00:00 AM ICT,0.0
17-Mar-26 9:30:00 AM ICT,0.0
17-Mar-26 10:00:00 AM ICT,0.0
17-Mar-26 10:30:00 AM ICT,0.0
17-Mar-26 11:00:00 AM ICT,0.0
17-Mar-26 11:30:00 AM ICT,0.0
17-Mar-26 12:00:00 PM ICT,0.0
17-Mar-26 12:30:00 PM ICT,0.0
17-Mar-26 1:00:00 PM ICT,0.0
17-Mar-26 1:30:00 PM ICT,0.0
17-Mar-26 2:00:00 PM ICT,0.0
17-Mar-26 2:30:00 PM ICT,0.0
17-Mar-26 3:00:00 PM ICT,0.0
17-Mar-26 3:30:00 PM ICT,0.0
17-Mar-26 4:00:00 PM ICT,0.0
17-Mar-26 4:30:00 PM ICT,0.0
17-Mar-26 5:00:00 PM ICT,0.0
17-Mar-26 5:30:00 PM ICT,0.0
17-Mar-26 6:00:00 PM ICT,0.0
17-Mar-26 6:30:00 PM ICT,0.0
17-Mar-26 7:00:00 PM ICT,0.0
17-Mar-26 7:30:00 PM ICT,0.0
17-Mar-26 8:00:00 PM ICT,0.0
17-Mar-26 8:30:00 PM ICT,0.0
17-Mar-26 9:00:00 PM ICT,0.0
17-Mar-26 9:30:00 PM ICT,0.0
17-Mar-26 10:00:00 PM ICT,0.0
17-Mar-26 10:30:00 PM ICT,0.0
17-Mar-26 11:00:00 PM ICT,0.0
17-Mar-26 11:30:00 PM ICT,0.0
18-Mar-26 12:00:00 AM ICT,0.0
18-Mar-26 12:30:00 AM ICT,0.0
18-Mar-26 1:00:00 AM ICT,0.0
18-Mar-26 1:30:00 AM ICT,0.0
18-Mar-26 2:00:00 AM ICT,0.0
18-Mar-26 2:30:00 AM ICT,0.0
18-Mar-26 3:00:00 AM ICT,0.0
18-Mar-26 3:30:00 AM ICT,0.0
18-Mar-26 4:00:00 AM ICT,0.0
18-Mar-26 4:30:00 AM ICT,0.0
18-Mar-26 5:00:00 AM ICT,0.0
18-Mar-26 5:30:00 AM ICT,0.0
18-Mar-26 6:00:00 AM ICT,0.0
18-Mar-26 6:30:00 AM ICT,0.0
18-Mar-26 7:00:00 AM ICT,0.0
18-Mar-26 7:30:00 AM ICT,0.0
18-Mar-26 8:00:00 AM ICT,0.0
18-Mar-26 8:30:00 AM ICT,0.0
18-Mar-26 9:00:00 AM ICT,0.0
18-Mar-26 9:30:00 AM ICT,0.0
18-Mar-26 10:00:00 AM ICT,0.0
18-Mar-26 10:30:00 AM ICT,0.0
18-Mar-26 11:00:00 AM ICT,0.0
18-Mar-26 11:30:00 AM ICT,0.0
18-Mar-26 12:00:00 PM ICT,0.0
18-Mar-26 12:30:00 PM ICT,0.0
18-Mar-26 1:00:00 PM ICT,0.0
18-Mar-26 1:30:00 PM ICT,0.0
18-Mar-26 2:00:00 PM ICT,0.0
18-Mar-26 2:30:00 PM ICT,0.0
18-Mar-26 3:00:00 PM ICT,0.0
18-Mar-26 3:30:00 PM ICT,0.0
18-Mar-26 4:00:00 PM ICT,0.0
18-Mar-26 4:30:00 PM ICT,0.0
18-Mar-26 5:00:00 PM ICT,0.0
18-Mar-26 5:30:00 PM ICT,0.0
18-Mar-26 6:00:00 PM ICT,0.0
18-Mar-26 6:30:00 PM ICT,0.0
18-Mar-26 7:00:00 PM ICT,0.0
18-Mar-26 7:30:00 PM ICT,0.0
18-Mar-26 8:00:00 PM ICT,0.0
18-Mar-26 8:30:00 PM ICT,0.0
18-Mar-26 9:00:00 PM ICT,0.0
18-Mar-26 9:30:00 PM ICT,0.0
18-Mar-26 10:00:00 PM ICT,0.0
18-Mar-26 10:30:00 PM ICT,0.0
18-Mar-26 11:00:00 PM ICT,0.0
18-Mar-26 11:30:00 PM ICT,0.0
19-Mar-26 12:00:00 AM ICT,0.0
19-Mar-26 12:30:00 AM ICT,0.0
19-Mar-26 1:00:00 AM ICT,0.0
19-Mar-26 1:30:00 AM ICT,0.0
19-Mar-26 2:00:00 AM ICT,0.0
19-Mar-26 2:30:00 AM ICT,0.0
19-Mar-26 3:00:00 AM ICT,0.0
19-Mar-26 3:30:00 AM ICT,0.0
19-Mar-26 4:00:00 AM ICT,0.0
19-Mar-26 4:30:00 AM ICT,0.0
19-Mar-26 5:00:00 AM ICT,0.0
19-Mar-26 5:30:00 AM ICT,0.0
19-Mar-26 6:00:00 AM ICT,0.0
19-Mar-26 6:30:00 AM ICT,0.0
19-Mar-26 7:00:00 AM ICT,0.0
19-Mar-26 7:30:00 AM ICT,0.0
19-Mar-26 8:00:00 AM ICT,0.0
19-Mar-26 8:30:00 AM ICT,0.0
19-Mar-26 9:00:00 AM ICT,0.0
19-Mar-26 9:30:00 AM ICT,0.0
19-Mar-26 10:00:00 AM ICT,0.0
19-Mar-26 10:30:00 AM ICT,0.0
19-Mar-26 11:00:00 AM ICT,0.0
19-Mar-26 11:30:00 AM ICT,0.0
19-Mar-26 12:00:00 PM ICT,0.0
19-Mar-26 12:30:00 PM ICT,0.0
19-Mar-26 1:00:00 PM ICT,0.0
19-Mar-26 1:30:00 PM ICT,0.0
19-Mar-26 2:00:00 PM ICT,0.0
19-Mar-26 2:30:00 PM ICT,0.0
19-Mar-26 3:00:00 PM ICT,0.0
19-Mar-26 3:30:00 PM ICT,0.0
19-Mar-26 4:00:00 PM ICT,0.0
19-Mar-26 4:30:00 PM ICT,0.0
19-Mar-26 5:00:00 PM ICT,0.0
19-Mar-26 5:30:00 PM ICT,0.0
19-Mar-26 6:00:00 PM ICT,0.0
19-Mar-26 6:30:00 PM ICT,0.0
19-Mar-26 7:00:00 PM ICT,0.0
19-Mar-26 7:30:00 PM ICT,0.0
19-Mar-26 8:00:00 PM ICT,0.0
19-Mar-26 8:30:00 PM ICT,0.0
19-Mar-26 9:00:00 PM ICT,0.0
19-Mar-26 9:30:00 PM ICT,0.0
19-Mar-26 10:00:00 PM ICT,0.0
19-Mar-26 10:30:00 PM ICT,0.0
19-Mar-26 11:00:00 PM ICT,0.0
19-Mar-26 11:30:00 PM ICT,0.0
20-Mar-26 12:00:00 AM ICT,0.0
20-Mar-26 12:30:00 AM ICT,0.0
20-Mar-26 1:00:00 AM ICT,0.0
20-Mar-26 1:30:00 AM ICT,0.0
20-Mar-26 2:00:00 AM ICT,0.0
20-Mar-26 2:30:00 AM ICT,0.0
20-Mar-26 3:00:00 AM ICT,0.0
20-Mar-26 3:30:00 AM ICT,0.0
20-Mar-26 4:00:00 AM ICT,0.0
20-Mar-26 4:30:00 AM ICT,0.0
20-Mar-26 5:00:00 AM ICT,0.0
20-Mar-26 5:30:00 AM ICT,0.0
20-Mar-26 6:00:00 AM ICT,0.0
20-Mar-26 6:30:00 AM ICT,0.0
20-Mar-26 7:00:00 AM ICT,0.0
20-Mar-26 7:30:00 AM ICT,0.0
20-Mar-26 8:00:00 AM ICT,0.0