Timestamp,PT101SoftWaterSupplyNo1_Pres(bar)
30-Jan-26 10:30:00 PM ICT,5.2
30-Jan-26 11:00:00 PM ICT,5.2
30-Jan-26 11:30:00 PM ICT,5.2
31-Jan-26 12:00:00 AM ICT,5.2
31-Jan-26 12:30:00 AM ICT,5.2
31-Jan-26 1:00:00 AM ICT,5.2
31-Jan-26 1:30:00 AM ICT,5.2
31-Jan-26 2:00:00 AM ICT,5.2
31-Jan-26 2:30:00 AM ICT,5.2
31-Jan-26 3:00:00 AM ICT,5.2
31-Jan-26 3:30:00 AM ICT,5.2
31-Jan-26 4:00:00 AM ICT,5.2
31-Jan-26 4:30:00 AM ICT,5.2
31-Jan-26 5:00:00 AM ICT,5.2
31-Jan-26 5:30:00 AM ICT,5.2
31-Jan-26 6:00:00 AM ICT,5.2
31-Jan-26 6:30:00 AM ICT,5.2
31-Jan-26 7:00:00 AM ICT,5.2
31-Jan-26 7:30:00 AM ICT,5.2
31-Jan-26 8:00:00 AM ICT,5.2
31-Jan-26 8:30:00 AM ICT,5.2
31-Jan-26 9:00:00 AM ICT,5.2
31-Jan-26 9:30:00 AM ICT,5.2
31-Jan-26 10:00:00 AM ICT,5.2
31-Jan-26 10:30:00 AM ICT,5.2
31-Jan-26 11:00:00 AM ICT,5.2
31-Jan-26 11:30:00 AM ICT,5.2
31-Jan-26 12:00:00 PM ICT,5.2
31-Jan-26 12:30:00 PM ICT,5.2
31-Jan-26 1:00:00 PM ICT,5.2
31-Jan-26 1:30:00 PM ICT,5.2
31-Jan-26 2:00:00 PM ICT,5.2
31-Jan-26 2:30:00 PM ICT,5.2
31-Jan-26 3:00:00 PM ICT,5.2
31-Jan-26 3:30:00 PM ICT,5.2
31-Jan-26 4:00:00 PM ICT,5.2
31-Jan-26 4:30:00 PM ICT,5.2
31-Jan-26 5:00:00 PM ICT,5.2
31-Jan-26 5:30:00 PM ICT,5.2
31-Jan-26 6:00:00 PM ICT,5.2
31-Jan-26 6:30:00 PM ICT,5.2
31-Jan-26 7:00:00 PM ICT,5.2
31-Jan-26 7:30:00 PM ICT,5.2
31-Jan-26 8:00:00 PM ICT,5.2
31-Jan-26 8:30:00 PM ICT,5.2
31-Jan-26 9:00:00 PM ICT,5.2
31-Jan-26 9:30:00 PM ICT,5.2
31-Jan-26 10:00:00 PM ICT,5.2
31-Jan-26 10:30:00 PM ICT,5.2
31-Jan-26 11:00:00 PM ICT,5.2
31-Jan-26 11:30:00 PM ICT,5.2
01-Feb-26 12:00:00 AM ICT,5.2
01-Feb-26 12:30:00 AM ICT,5.2
01-Feb-26 1:00:00 AM ICT,5.2
01-Feb-26 1:30:00 AM ICT,5.2
01-Feb-26 2:00:00 AM ICT,5.2
01-Feb-26 2:30:00 AM ICT,5.2
01-Feb-26 3:00:00 AM ICT,5.2
01-Feb-26 3:30:00 AM ICT,5.2
01-Feb-26 4:00:00 AM ICT,5.2
01-Feb-26 4:30:00 AM ICT,5.2
01-Feb-26 5:00:00 AM ICT,5.2
01-Feb-26 5:30:00 AM ICT,5.2
01-Feb-26 6:00:00 AM ICT,5.2
01-Feb-26 6:30:00 AM ICT,5.2
01-Feb-26 7:00:00 AM ICT,5.2
01-Feb-26 7:30:00 AM ICT,5.2
01-Feb-26 8:00:00 AM ICT,5.2
01-Feb-26 8:30:00 AM ICT,5.2
01-Feb-26 9:00:00 AM ICT,5.2
01-Feb-26 9:30:00 AM ICT,5.2
01-Feb-26 10:00:00 AM ICT,5.2
01-Feb-26 10:30:00 AM ICT,5.2
01-Feb-26 11:00:00 AM ICT,5.2
01-Feb-26 11:30:00 AM ICT,5.2
01-Feb-26 12:00:00 PM ICT,5.2
01-Feb-26 12:30:00 PM ICT,5.2
01-Feb-26 1:00:00 PM ICT,5.2
01-Feb-26 1:30:00 PM ICT,5.2
01-Feb-26 2:00:00 PM ICT,5.2
01-Feb-26 2:30:00 PM ICT,5.2
01-Feb-26 3:00:00 PM ICT,5.2
01-Feb-26 3:30:00 PM ICT,5.2
01-Feb-26 4:00:00 PM ICT,5.2
01-Feb-26 4:30:00 PM ICT,5.2
01-Feb-26 5:00:00 PM ICT,5.2
01-Feb-26 5:30:00 PM ICT,5.1
01-Feb-26 6:00:00 PM ICT,5.2
01-Feb-26 6:30:00 PM ICT,5.2
01-Feb-26 7:00:00 PM ICT,5.2
01-Feb-26 7:30:00 PM ICT,5.2
01-Feb-26 8:00:00 PM ICT,5.2
01-Feb-26 8:30:00 PM ICT,5.2
01-Feb-26 9:00:00 PM ICT,5.2
01-Feb-26 9:30:00 PM ICT,5.2
01-Feb-26 10:00:00 PM ICT,5.2
01-Feb-26 10:30:00 PM ICT,5.2
01-Feb-26 11:00:00 PM ICT,5.2
01-Feb-26 11:30:00 PM ICT,5.2
02-Feb-26 12:00:00 AM ICT,5.2
02-Feb-26 12:30:00 AM ICT,5.2
02-Feb-26 1:00:00 AM ICT,5.2
02-Feb-26 1:30:00 AM ICT,5.1
02-Feb-26 2:00:00 AM ICT,5.2
02-Feb-26 2:30:00 AM ICT,5.2
02-Feb-26 3:00:00 AM ICT,5.2
02-Feb-26 3:30:00 AM ICT,5.2
02-Feb-26 4:00:00 AM ICT,5.2
02-Feb-26 4:30:00 AM ICT,5.2
02-Feb-26 5:00:00 AM ICT,5.2
02-Feb-26 5:30:00 AM ICT,5.2
02-Feb-26 6:00:00 AM ICT,5.2
02-Feb-26 6:30:00 AM ICT,5.2
02-Feb-26 7:00:00 AM ICT,5.2
02-Feb-26 7:30:00 AM ICT,5.2
02-Feb-26 8:00:00 AM ICT,5.2
02-Feb-26 8:30:00 AM ICT,5.2
02-Feb-26 9:00:00 AM ICT,5.2
02-Feb-26 9:30:00 AM ICT,5.2
02-Feb-26 10:00:00 AM ICT,5.2
02-Feb-26 10:30:00 AM ICT,5.2
02-Feb-26 11:00:00 AM ICT,5.2
02-Feb-26 11:30:00 AM ICT,5.2
02-Feb-26 12:00:00 PM ICT,5.2
02-Feb-26 12:30:00 PM ICT,5.2
02-Feb-26 1:00:00 PM ICT,5.2
02-Feb-26 1:30:00 PM ICT,5.1
02-Feb-26 2:00:00 PM ICT,5.2
02-Feb-26 2:30:00 PM ICT,5.2
02-Feb-26 3:00:00 PM ICT,5.2
02-Feb-26 3:30:00 PM ICT,5.2
02-Feb-26 4:00:00 PM ICT,5.2
02-Feb-26 4:30:00 PM ICT,5.2
02-Feb-26 5:00:00 PM ICT,5.2
02-Feb-26 5:30:00 PM ICT,5.2
02-Feb-26 6:00:00 PM ICT,5.2
02-Feb-26 6:30:00 PM ICT,5.2
02-Feb-26 7:00:00 PM ICT,5.2
02-Feb-26 7:30:00 PM ICT,5.2
02-Feb-26 8:00:00 PM ICT,5.2
02-Feb-26 8:30:00 PM ICT,5.2
02-Feb-26 9:00:00 PM ICT,5.2
02-Feb-26 9:30:00 PM ICT,5.2
02-Feb-26 10:00:00 PM ICT,5.2
02-Feb-26 10:30:00 PM ICT,5.2
02-Feb-26 11:00:00 PM ICT,5.1
02-Feb-26 11:30:00 PM ICT,5.2
03-Feb-26 12:00:00 AM ICT,5.2
03-Feb-26 12:30:00 AM ICT,5.2
03-Feb-26 1:00:00 AM ICT,5.2
03-Feb-26 1:30:00 AM ICT,5.2
03-Feb-26 2:00:00 AM ICT,5.2
03-Feb-26 2:30:00 AM ICT,5.2
03-Feb-26 3:00:00 AM ICT,5.2
03-Feb-26 3:30:00 AM ICT,5.2
03-Feb-26 4:00:00 AM ICT,5.2
03-Feb-26 4:30:00 AM ICT,5.2
03-Feb-26 5:00:00 AM ICT,5.2
03-Feb-26 5:30:00 AM ICT,5.2
03-Feb-26 6:00:00 AM ICT,5.2
03-Feb-26 6:30:00 AM ICT,5.2
03-Feb-26 7:00:00 AM ICT,5.2
03-Feb-26 7:30:00 AM ICT,5.2
03-Feb-26 8:00:00 AM ICT,5.2
03-Feb-26 8:30:00 AM ICT,5.2
03-Feb-26 9:00:00 AM ICT,5.2
03-Feb-26 9:30:00 AM ICT,5.2
03-Feb-26 10:00:00 AM ICT,5.2
03-Feb-26 10:30:00 AM ICT,5.2
03-Feb-26 11:00:00 AM ICT,5.2
03-Feb-26 11:30:00 AM ICT,5.2
03-Feb-26 12:00:00 PM ICT,5.2
03-Feb-26 12:30:00 PM ICT,5.2
03-Feb-26 1:00:00 PM ICT,5.2
03-Feb-26 1:30:00 PM ICT,5.2
03-Feb-26 2:00:00 PM ICT,5.2
03-Feb-26 2:30:00 PM ICT,5.1
03-Feb-26 3:00:00 PM ICT,5.1
03-Feb-26 3:30:00 PM ICT,5.2
03-Feb-26 4:00:00 PM ICT,5.2
03-Feb-26 4:30:00 PM ICT,5.2
03-Feb-26 5:00:00 PM ICT,5.2
03-Feb-26 5:30:00 PM ICT,5.2
03-Feb-26 6:00:00 PM ICT,5.2
03-Feb-26 6:30:00 PM ICT,5.2
03-Feb-26 7:00:00 PM ICT,5.2
03-Feb-26 7:30:00 PM ICT,5.2
03-Feb-26 8:00:00 PM ICT,5.2
03-Feb-26 8:30:00 PM ICT,5.2
03-Feb-26 9:00:00 PM ICT,5.2
03-Feb-26 9:30:00 PM ICT,5.2
03-Feb-26 10:00:00 PM ICT,5.2
03-Feb-26 10:30:00 PM ICT,5.2
03-Feb-26 11:00:00 PM ICT,5.2
03-Feb-26 11:30:00 PM ICT,5.2
04-Feb-26 12:00:00 AM ICT,5.2
04-Feb-26 12:30:00 AM ICT,5.2
04-Feb-26 1:00:00 AM ICT,5.2
04-Feb-26 1:30:00 AM ICT,5.2
04-Feb-26 2:00:00 AM ICT,5.2
04-Feb-26 2:30:00 AM ICT,5.2
04-Feb-26 3:00:00 AM ICT,5.2
04-Feb-26 3:30:00 AM ICT,5.2
04-Feb-26 4:00:00 AM ICT,5.2
04-Feb-26 4:30:00 AM ICT,5.2
04-Feb-26 5:00:00 AM ICT,5.2
04-Feb-26 5:30:00 AM ICT,5.2
04-Feb-26 6:00:00 AM ICT,5.2
04-Feb-26 6:30:00 AM ICT,5.2
04-Feb-26 7:00:00 AM ICT,5.2
04-Feb-26 7:30:00 AM ICT,5.2
04-Feb-26 8:00:00 AM ICT,5.2
04-Feb-26 8:30:00 AM ICT,5.2
04-Feb-26 9:00:00 AM ICT,5.2
04-Feb-26 9:30:00 AM ICT,5.2
04-Feb-26 10:00:00 AM ICT,5.2
04-Feb-26 10:30:00 AM ICT,5.2
04-Feb-26 11:00:00 AM ICT,5.2
04-Feb-26 11:30:00 AM ICT,5.2
04-Feb-26 12:00:00 PM ICT,5.2
04-Feb-26 12:30:00 PM ICT,5.2
04-Feb-26 1:00:00 PM ICT,5.2
04-Feb-26 1:30:00 PM ICT,5.2
04-Feb-26 2:00:00 PM ICT,5.2
04-Feb-26 2:30:00 PM ICT,5.2
04-Feb-26 3:00:00 PM ICT,5.2
04-Feb-26 3:30:00 PM ICT,5.2
04-Feb-26 4:00:00 PM ICT,5.2
04-Feb-26 4:30:00 PM ICT,5.2
04-Feb-26 5:00:00 PM ICT,5.2
04-Feb-26 5:30:00 PM ICT,5.2
04-Feb-26 6:00:00 PM ICT,5.2
04-Feb-26 6:30:00 PM ICT,5.2
04-Feb-26 7:00:00 PM ICT,5.2
04-Feb-26 7:30:00 PM ICT,5.2
04-Feb-26 8:00:00 PM ICT,5.2
04-Feb-26 8:30:00 PM ICT,5.2
04-Feb-26 9:00:00 PM ICT,5.2
04-Feb-26 9:30:00 PM ICT,5.2
04-Feb-26 10:00:00 PM ICT,5.2
04-Feb-26 10:30:00 PM ICT,5.2
04-Feb-26 11:00:00 PM ICT,5.2
04-Feb-26 11:30:00 PM ICT,5.2
05-Feb-26 12:00:00 AM ICT,5.2
05-Feb-26 12:30:00 AM ICT,5.2
05-Feb-26 1:00:00 AM ICT,5.2
05-Feb-26 1:30:00 AM ICT,5.2
05-Feb-26 2:00:00 AM ICT,5.2
05-Feb-26 2:30:00 AM ICT,5.2
05-Feb-26 3:00:00 AM ICT,5.2
05-Feb-26 3:30:00 AM ICT,5.2
05-Feb-26 4:00:00 AM ICT,5.2
05-Feb-26 4:30:00 AM ICT,5.2
05-Feb-26 5:00:00 AM ICT,5.2
05-Feb-26 5:30:00 AM ICT,5.2
05-Feb-26 6:00:00 AM ICT,5.2
05-Feb-26 6:30:00 AM ICT,5.2
05-Feb-26 7:00:00 AM ICT,5.2
05-Feb-26 7:30:00 AM ICT,5.2
05-Feb-26 8:00:00 AM ICT,5.2
05-Feb-26 8:30:00 AM ICT,5.2
05-Feb-26 9:00:00 AM ICT,5.2
05-Feb-26 9:30:00 AM ICT,5.1
05-Feb-26 10:00:00 AM ICT,5.2
05-Feb-26 10:30:00 AM ICT,5.2
05-Feb-26 11:00:00 AM ICT,5.2
05-Feb-26 11:30:00 AM ICT,5.2
05-Feb-26 12:00:00 PM ICT,5.2
05-Feb-26 12:30:00 PM ICT,5.2
05-Feb-26 1:00:00 PM ICT,5.2
05-Feb-26 1:30:00 PM ICT,5.2
05-Feb-26 2:00:00 PM ICT,5.2
05-Feb-26 2:30:00 PM ICT,5.2
05-Feb-26 3:00:00 PM ICT,5.2
05-Feb-26 3:30:00 PM ICT,5.2
05-Feb-26 4:00:00 PM ICT,5.2
05-Feb-26 4:30:00 PM ICT,5.2
05-Feb-26 5:00:00 PM ICT,5.2
05-Feb-26 5:30:00 PM ICT,5.2
05-Feb-26 6:00:00 PM ICT,5.2
05-Feb-26 6:30:00 PM ICT,5.2
05-Feb-26 7:00:00 PM ICT,5.2
05-Feb-26 7:30:00 PM ICT,5.2
05-Feb-26 8:00:00 PM ICT,5.2
05-Feb-26 8:30:00 PM ICT,5.2
05-Feb-26 9:00:00 PM ICT,5.2
05-Feb-26 9:30:00 PM ICT,5.2
05-Feb-26 10:00:00 PM ICT,5.2
05-Feb-26 10:30:00 PM ICT,5.2
05-Feb-26 11:00:00 PM ICT,5.2
05-Feb-26 11:30:00 PM ICT,5.2
06-Feb-26 12:00:00 AM ICT,5.2
06-Feb-26 12:30:00 AM ICT,5.2
06-Feb-26 1:00:00 AM ICT,5.2
06-Feb-26 1:30:00 AM ICT,5.2
06-Feb-26 2:00:00 AM ICT,5.2
06-Feb-26 2:30:00 AM ICT,5.2
06-Feb-26 3:00:00 AM ICT,5.2
06-Feb-26 3:30:00 AM ICT,5.2
06-Feb-26 4:00:00 AM ICT,5.2
06-Feb-26 4:30:00 AM ICT,5.2
06-Feb-26 5:00:00 AM ICT,5.2
06-Feb-26 5:30:00 AM ICT,5.2
06-Feb-26 6:00:00 AM ICT,5.2
06-Feb-26 6:30:00 AM ICT,6.1
06-Feb-26 7:00:00 AM ICT,6.0
06-Feb-26 7:30:00 AM ICT,5.2
06-Feb-26 8:00:00 AM ICT,5.2
06-Feb-26 8:30:00 AM ICT,5.2
06-Feb-26 9:00:00 AM ICT,5.2
06-Feb-26 9:30:00 AM ICT,5.2
06-Feb-26 10:00:00 AM ICT,5.2
06-Feb-26 10:30:00 AM ICT,5.2
06-Feb-26 11:00:00 AM ICT,5.2
06-Feb-26 11:30:00 AM ICT,5.2
06-Feb-26 12:00:00 PM ICT,5.2
06-Feb-26 12:30:00 PM ICT,5.2
06-Feb-26 1:00:00 PM ICT,5.2
06-Feb-26 1:30:00 PM ICT,5.2
06-Feb-26 2:00:00 PM ICT,5.2
06-Feb-26 2:30:00 PM ICT,5.2
06-Feb-26 3:00:00 PM ICT,5.2
06-Feb-26 3:30:00 PM ICT,5.2
06-Feb-26 4:00:00 PM ICT,5.2
06-Feb-26 4:30:00 PM ICT,5.2
06-Feb-26 5:00:00 PM ICT,5.2
06-Feb-26 5:30:00 PM ICT,5.2
06-Feb-26 6:00:00 PM ICT,5.2
06-Feb-26 6:30:00 PM ICT,5.2
06-Feb-26 7:00:00 PM ICT,5.2
06-Feb-26 7:30:00 PM ICT,5.2
06-Feb-26 8:00:00 PM ICT,5.2
06-Feb-26 8:30:00 PM ICT,5.2
06-Feb-26 9:00:00 PM ICT,5.2
06-Feb-26 9:30:00 PM ICT,5.2
06-Feb-26 10:00:00 PM ICT,2.6
06-Feb-26 10:30:00 PM ICT,0.1
06-Feb-26 11:00:00 PM ICT,0.1
06-Feb-26 11:30:00 PM ICT,0.1
07-Feb-26 12:00:00 AM ICT,0.1
07-Feb-26 12:30:00 AM ICT,0.1
07-Feb-26 1:00:00 AM ICT,0.1
07-Feb-26 1:30:00 AM ICT,0.1
07-Feb-26 2:00:00 AM ICT,0.1
07-Feb-26 2:30:00 AM ICT,0.1
07-Feb-26 3:00:00 AM ICT,0.1
07-Feb-26 3:30:00 AM ICT,0.1
07-Feb-26 4:00:00 AM ICT,0.1
07-Feb-26 4:30:00 AM ICT,0.1
07-Feb-26 5:00:00 AM ICT,0.1
07-Feb-26 5:30:00 AM ICT,0.1
07-Feb-26 6:00:00 AM ICT,0.1
07-Feb-26 6:30:00 AM ICT,0.1
07-Feb-26 7:00:00 AM ICT,0.1
07-Feb-26 7:30:00 AM ICT,0.1
07-Feb-26 8:00:00 AM ICT,0.1
07-Feb-26 8:30:00 AM ICT,0.1
07-Feb-26 9:00:00 AM ICT,0.1
07-Feb-26 9:30:00 AM ICT,0.1
07-Feb-26 10:00:00 AM ICT,0.1
07-Feb-26 10:30:00 AM ICT,0.1
07-Feb-26 11:00:00 AM ICT,0.1
07-Feb-26 11:30:00 AM ICT,0.1
07-Feb-26 12:00:00 PM ICT,0.1
07-Feb-26 12:30:00 PM ICT,0.1
07-Feb-26 1:00:00 PM ICT,0.0
07-Feb-26 1:30:00 PM ICT,0.0
07-Feb-26 2:00:00 PM ICT,0.0
07-Feb-26 2:30:00 PM ICT,0.0
07-Feb-26 3:00:00 PM ICT,0.0
07-Feb-26 3:30:00 PM ICT,0.0
07-Feb-26 4:00:00 PM ICT,0.0
07-Feb-26 4:30:00 PM ICT,0.0
07-Feb-26 5:00:00 PM ICT,0.0
07-Feb-26 5:30:00 PM ICT,0.0
07-Feb-26 6:00:00 PM ICT,0.0
07-Feb-26 6:30:00 PM ICT,0.0
07-Feb-26 7:00:00 PM ICT,0.0
07-Feb-26 7:30:00 PM ICT,0.0
07-Feb-26 8:00:00 PM ICT,0.0
07-Feb-26 8:30:00 PM ICT,0.0
07-Feb-26 9:00:00 PM ICT,0.0
07-Feb-26 9:30:00 PM ICT,0.0
07-Feb-26 10:00:00 PM ICT,0.1
07-Feb-26 10:30:00 PM ICT,0.1
07-Feb-26 11:00:00 PM ICT,0.1
07-Feb-26 11:30:00 PM ICT,0.1
08-Feb-26 12:00:00 AM ICT,0.1
08-Feb-26 12:30:00 AM ICT,0.1
08-Feb-26 1:00:00 AM ICT,0.1
08-Feb-26 1:30:00 AM ICT,0.1
08-Feb-26 2:00:00 AM ICT,0.1
08-Feb-26 2:30:00 AM ICT,0.1
08-Feb-26 3:00:00 AM ICT,0.1
08-Feb-26 3:30:00 AM ICT,0.1
08-Feb-26 4:00:00 AM ICT,0.1
08-Feb-26 4:30:00 AM ICT,0.1
08-Feb-26 5:00:00 AM ICT,0.1
08-Feb-26 5:30:00 AM ICT,0.1
08-Feb-26 6:00:00 AM ICT,0.1
08-Feb-26 6:30:00 AM ICT,0.1
08-Feb-26 7:00:00 AM ICT,0.1
08-Feb-26 7:30:00 AM ICT,0.1
08-Feb-26 8:00:00 AM ICT,0.1
08-Feb-26 8:30:00 AM ICT,2.6
08-Feb-26 9:00:00 AM ICT,5.2
08-Feb-26 9:30:00 AM ICT,5.2
08-Feb-26 10:00:00 AM ICT,5.2
08-Feb-26 10:30:00 AM ICT,5.2
08-Feb-26 11:00:00 AM ICT,5.2
08-Feb-26 11:30:00 AM ICT,5.2
08-Feb-26 12:00:00 PM ICT,5.2
08-Feb-26 12:30:00 PM ICT,5.2
08-Feb-26 1:00:00 PM ICT,5.2
08-Feb-26 1:30:00 PM ICT,5.2
08-Feb-26 2:00:00 PM ICT,5.2
08-Feb-26 2:30:00 PM ICT,5.2
08-Feb-26 3:00:00 PM ICT,5.2
08-Feb-26 3:30:00 PM ICT,5.2
08-Feb-26 4:00:00 PM ICT,5.2
08-Feb-26 4:30:00 PM ICT,5.2
08-Feb-26 5:00:00 PM ICT,5.2
08-Feb-26 5:30:00 PM ICT,5.2
08-Feb-26 6:00:00 PM ICT,5.2
08-Feb-26 6:30:00 PM ICT,5.2
08-Feb-26 7:00:00 PM ICT,5.2
08-Feb-26 7:30:00 PM ICT,5.2
08-Feb-26 8:00:00 PM ICT,5.2
08-Feb-26 8:30:00 PM ICT,5.2
08-Feb-26 9:00:00 PM ICT,5.2
08-Feb-26 9:30:00 PM ICT,5.2
08-Feb-26 10:00:00 PM ICT,5.2
08-Feb-26 10:30:00 PM ICT,5.2
08-Feb-26 11:00:00 PM ICT,5.2
08-Feb-26 11:30:00 PM ICT,5.2
09-Feb-26 12:00:00 AM ICT,5.2
09-Feb-26 12:30:00 AM ICT,5.2
09-Feb-26 1:00:00 AM ICT,5.2
09-Feb-26 1:30:00 AM ICT,5.2
09-Feb-26 2:00:00 AM ICT,5.2
09-Feb-26 2:30:00 AM ICT,5.2
09-Feb-26 3:00:00 AM ICT,5.2
09-Feb-26 3:30:00 AM ICT,5.2
09-Feb-26 4:00:00 AM ICT,5.2
09-Feb-26 4:30:00 AM ICT,5.2
09-Feb-26 5:00:00 AM ICT,5.2
09-Feb-26 5:30:00 AM ICT,5.2
09-Feb-26 6:00:00 AM ICT,5.2
09-Feb-26 6:30:00 AM ICT,5.2
09-Feb-26 7:00:00 AM ICT,5.2
09-Feb-26 7:30:00 AM ICT,5.2
09-Feb-26 8:00:00 AM ICT,5.2
09-Feb-26 8:30:00 AM ICT,5.2
09-Feb-26 9:00:00 AM ICT,5.2
09-Feb-26 9:30:00 AM ICT,5.2
09-Feb-26 10:00:00 AM ICT,5.2
09-Feb-26 10:30:00 AM ICT,5.2
09-Feb-26 11:00:00 AM ICT,5.2
09-Feb-26 11:30:00 AM ICT,5.2
09-Feb-26 12:00:00 PM ICT,5.2
09-Feb-26 12:30:00 PM ICT,5.2
09-Feb-26 1:00:00 PM ICT,5.2
09-Feb-26 1:30:00 PM ICT,5.2
09-Feb-26 2:00:00 PM ICT,5.2
09-Feb-26 2:30:00 PM ICT,5.2
09-Feb-26 3:00:00 PM ICT,5.2
09-Feb-26 3:30:00 PM ICT,5.2
09-Feb-26 4:00:00 PM ICT,5.2
09-Feb-26 4:30:00 PM ICT,5.2
09-Feb-26 5:00:00 PM ICT,5.2
09-Feb-26 5:30:00 PM ICT,5.2
09-Feb-26 6:00:00 PM ICT,5.2
09-Feb-26 6:30:00 PM ICT,5.2
09-Feb-26 7:00:00 PM ICT,5.2
09-Feb-26 7:30:00 PM ICT,5.2
09-Feb-26 8:00:00 PM ICT,5.2
09-Feb-26 8:30:00 PM ICT,5.2
09-Feb-26 9:00:00 PM ICT,5.2
09-Feb-26 9:30:00 PM ICT,5.2
09-Feb-26 10:00:00 PM ICT,5.2
09-Feb-26 10:30:00 PM ICT,5.2
09-Feb-26 11:00:00 PM ICT,5.2
09-Feb-26 11:30:00 PM ICT,5.2
10-Feb-26 12:00:00 AM ICT,5.2
10-Feb-26 12:30:00 AM ICT,5.2
10-Feb-26 1:00:00 AM ICT,5.2
10-Feb-26 1:30:00 AM ICT,5.2
10-Feb-26 2:00:00 AM ICT,5.2
10-Feb-26 2:30:00 AM ICT,5.2
10-Feb-26 3:00:00 AM ICT,5.2
10-Feb-26 3:30:00 AM ICT,5.2
10-Feb-26 4:00:00 AM ICT,5.2
10-Feb-26 4:30:00 AM ICT,5.2
10-Feb-26 5:00:00 AM ICT,5.2
10-Feb-26 5:30:00 AM ICT,5.2
10-Feb-26 6:00:00 AM ICT,5.2
10-Feb-26 6:30:00 AM ICT,5.2
10-Feb-26 7:00:00 AM ICT,5.2
10-Feb-26 7:30:00 AM ICT,5.2
10-Feb-26 8:00:00 AM ICT,5.2
10-Feb-26 8:30:00 AM ICT,5.2
10-Feb-26 9:00:00 AM ICT,5.2
10-Feb-26 9:30:00 AM ICT,5.2
10-Feb-26 10:00:00 AM ICT,5.2
10-Feb-26 10:30:00 AM ICT,5.2
10-Feb-26 11:00:00 AM ICT,5.2
10-Feb-26 11:30:00 AM ICT,5.2
10-Feb-26 12:00:00 PM ICT,5.2
10-Feb-26 12:30:00 PM ICT,5.2
10-Feb-26 1:00:00 PM ICT,5.2
10-Feb-26 1:30:00 PM ICT,5.2
10-Feb-26 2:00:00 PM ICT,5.2
10-Feb-26 2:30:00 PM ICT,5.2
10-Feb-26 3:00:00 PM ICT,5.2
10-Feb-26 3:30:00 PM ICT,5.2
10-Feb-26 4:00:00 PM ICT,5.2
10-Feb-26 4:30:00 PM ICT,5.2
10-Feb-26 5:00:00 PM ICT,5.2
10-Feb-26 5:30:00 PM ICT,5.2
10-Feb-26 6:00:00 PM ICT,5.2
10-Feb-26 6:30:00 PM ICT,5.2
10-Feb-26 7:00:00 PM ICT,5.2
10-Feb-26 7:30:00 PM ICT,5.2
10-Feb-26 8:00:00 PM ICT,5.2
10-Feb-26 8:30:00 PM ICT,5.2
10-Feb-26 9:00:00 PM ICT,5.2
10-Feb-26 9:30:00 PM ICT,5.2
10-Feb-26 10:00:00 PM ICT,5.2
10-Feb-26 10:30:00 PM ICT,5.2
10-Feb-26 11:00:00 PM ICT,5.2
10-Feb-26 11:30:00 PM ICT,5.2
11-Feb-26 12:00:00 AM ICT,5.2
11-Feb-26 12:30:00 AM ICT,5.2
11-Feb-26 1:00:00 AM ICT,5.2
11-Feb-26 1:30:00 AM ICT,5.2
11-Feb-26 2:00:00 AM ICT,5.2
11-Feb-26 2:30:00 AM ICT,5.2
11-Feb-26 3:00:00 AM ICT,5.2
11-Feb-26 3:30:00 AM ICT,5.2
11-Feb-26 4:00:00 AM ICT,5.2
11-Feb-26 4:30:00 AM ICT,5.2
11-Feb-26 5:00:00 AM ICT,5.2
11-Feb-26 5:30:00 AM ICT,5.2
11-Feb-26 6:00:00 AM ICT,5.2
11-Feb-26 6:30:00 AM ICT,5.2
11-Feb-26 7:00:00 AM ICT,5.2
11-Feb-26 7:30:00 AM ICT,5.2
11-Feb-26 8:00:00 AM ICT,5.2
11-Feb-26 8:30:00 AM ICT,5.2
11-Feb-26 9:00:00 AM ICT,5.2
11-Feb-26 9:30:00 AM ICT,5.2
11-Feb-26 10:00:00 AM ICT,5.2
11-Feb-26 10:30:00 AM ICT,5.2
11-Feb-26 11:00:00 AM ICT,5.2
11-Feb-26 11:30:00 AM ICT,5.2
11-Feb-26 12:00:00 PM ICT,5.2
11-Feb-26 12:30:00 PM ICT,5.2
11-Feb-26 1:00:00 PM ICT,5.2
11-Feb-26 1:30:00 PM ICT,5.2
11-Feb-26 2:00:00 PM ICT,5.2
11-Feb-26 2:30:00 PM ICT,5.2
11-Feb-26 3:00:00 PM ICT,5.2
11-Feb-26 3:30:00 PM ICT,5.2
11-Feb-26 4:00:00 PM ICT,5.2
11-Feb-26 4:30:00 PM ICT,5.2
11-Feb-26 5:00:00 PM ICT,5.2
11-Feb-26 5:30:00 PM ICT,5.2
11-Feb-26 6:00:00 PM ICT,5.2
11-Feb-26 6:30:00 PM ICT,5.2
11-Feb-26 7:00:00 PM ICT,5.2
11-Feb-26 7:30:00 PM ICT,5.2
11-Feb-26 8:00:00 PM ICT,5.2
11-Feb-26 8:30:00 PM ICT,5.2
11-Feb-26 9:00:00 PM ICT,5.2
11-Feb-26 9:30:00 PM ICT,5.2
11-Feb-26 10:00:00 PM ICT,5.2
11-Feb-26 10:30:00 PM ICT,5.2
11-Feb-26 11:00:00 PM ICT,5.2
11-Feb-26 11:30:00 PM ICT,5.2
12-Feb-26 12:00:00 AM ICT,5.2
12-Feb-26 12:30:00 AM ICT,5.2
12-Feb-26 1:00:00 AM ICT,5.2
12-Feb-26 1:30:00 AM ICT,5.2
12-Feb-26 2:00:00 AM ICT,5.2
12-Feb-26 2:30:00 AM ICT,5.2
12-Feb-26 3:00:00 AM ICT,5.2
12-Feb-26 3:30:00 AM ICT,5.2
12-Feb-26 4:00:00 AM ICT,5.2
12-Feb-26 4:30:00 AM ICT,5.2
12-Feb-26 5:00:00 AM ICT,5.2
12-Feb-26 5:30:00 AM ICT,5.2
12-Feb-26 6:00:00 AM ICT,5.2
12-Feb-26 6:30:00 AM ICT,5.2
12-Feb-26 7:00:00 AM ICT,5.2
12-Feb-26 7:30:00 AM ICT,5.2
12-Feb-26 8:00:00 AM ICT,5.2
12-Feb-26 8:30:00 AM ICT,5.2
12-Feb-26 9:00:00 AM ICT,5.2
12-Feb-26 9:30:00 AM ICT,5.2
12-Feb-26 10:00:00 AM ICT,5.2
12-Feb-26 10:30:00 AM ICT,5.2
12-Feb-26 11:00:00 AM ICT,5.2
12-Feb-26 11:30:00 AM ICT,5.2
12-Feb-26 12:00:00 PM ICT,5.2
12-Feb-26 12:30:00 PM ICT,5.2
12-Feb-26 1:00:00 PM ICT,5.2
12-Feb-26 1:30:00 PM ICT,5.2
12-Feb-26 2:00:00 PM ICT,5.2
12-Feb-26 2:30:00 PM ICT,5.2
12-Feb-26 3:00:00 PM ICT,5.2
12-Feb-26 3:30:00 PM ICT,5.2
12-Feb-26 4:00:00 PM ICT,5.2
12-Feb-26 4:30:00 PM ICT,5.2
12-Feb-26 5:00:00 PM ICT,5.2
12-Feb-26 5:30:00 PM ICT,5.2
12-Feb-26 6:00:00 PM ICT,5.2
12-Feb-26 6:30:00 PM ICT,5.2
12-Feb-26 7:00:00 PM ICT,5.2
12-Feb-26 7:30:00 PM ICT,5.2
12-Feb-26 8:00:00 PM ICT,5.2
12-Feb-26 8:30:00 PM ICT,5.2
12-Feb-26 9:00:00 PM ICT,5.2
12-Feb-26 9:30:00 PM ICT,5.2
12-Feb-26 10:00:00 PM ICT,5.2
12-Feb-26 10:30:00 PM ICT,5.2
12-Feb-26 11:00:00 PM ICT,5.2
12-Feb-26 11:30:00 PM ICT,5.2
13-Feb-26 12:00:00 AM ICT,5.2
13-Feb-26 12:30:00 AM ICT,5.2
13-Feb-26 1:00:00 AM ICT,5.2
13-Feb-26 1:30:00 AM ICT,5.2
13-Feb-26 2:00:00 AM ICT,5.2
13-Feb-26 2:30:00 AM ICT,5.2
13-Feb-26 3:00:00 AM ICT,5.2
13-Feb-26 3:30:00 AM ICT,5.2
13-Feb-26 4:00:00 AM ICT,5.2
13-Feb-26 4:30:00 AM ICT,5.2
13-Feb-26 5:00:00 AM ICT,5.2
13-Feb-26 5:30:00 AM ICT,5.2
13-Feb-26 6:00:00 AM ICT,5.2
13-Feb-26 6:30:00 AM ICT,5.2
13-Feb-26 7:00:00 AM ICT,5.2
13-Feb-26 7:30:00 AM ICT,5.2
13-Feb-26 8:00:00 AM ICT,5.2
13-Feb-26 8:30:00 AM ICT,5.2
13-Feb-26 9:00:00 AM ICT,5.2
13-Feb-26 9:30:00 AM ICT,5.2
13-Feb-26 10:00:00 AM ICT,5.2
13-Feb-26 10:30:00 AM ICT,5.2
13-Feb-26 11:00:00 AM ICT,5.2
13-Feb-26 11:30:00 AM ICT,5.2
13-Feb-26 12:00:00 PM ICT,5.2
13-Feb-26 12:30:00 PM ICT,5.2
13-Feb-26 1:00:00 PM ICT,5.2
13-Feb-26 1:30:00 PM ICT,5.2
13-Feb-26 2:00:00 PM ICT,7.2
13-Feb-26 2:30:00 PM ICT,6.4
13-Feb-26 3:00:00 PM ICT,5.2
13-Feb-26 3:30:00 PM ICT,5.2
13-Feb-26 4:00:00 PM ICT,5.2
13-Feb-26 4:30:00 PM ICT,5.2
13-Feb-26 5:00:00 PM ICT,5.2
13-Feb-26 5:30:00 PM ICT,5.2
13-Feb-26 6:00:00 PM ICT,5.2
13-Feb-26 6:30:00 PM ICT,5.2
13-Feb-26 7:00:00 PM ICT,5.2
13-Feb-26 7:30:00 PM ICT,5.2
13-Feb-26 8:00:00 PM ICT,5.2
13-Feb-26 8:30:00 PM ICT,5.2
13-Feb-26 9:00:00 PM ICT,5.2
13-Feb-26 9:30:00 PM ICT,5.2
13-Feb-26 10:00:00 PM ICT,5.2
13-Feb-26 10:30:00 PM ICT,5.2
13-Feb-26 11:00:00 PM ICT,5.2
13-Feb-26 11:30:00 PM ICT,5.2
14-Feb-26 12:00:00 AM ICT,5.2
14-Feb-26 12:30:00 AM ICT,5.2
14-Feb-26 1:00:00 AM ICT,5.2
14-Feb-26 1:30:00 AM ICT,5.2
14-Feb-26 2:00:00 AM ICT,5.2
14-Feb-26 2:30:00 AM ICT,5.2
14-Feb-26 3:00:00 AM ICT,5.2
14-Feb-26 3:30:00 AM ICT,5.2
14-Feb-26 4:00:00 AM ICT,5.2
14-Feb-26 4:30:00 AM ICT,5.2
14-Feb-26 5:00:00 AM ICT,5.2
14-Feb-26 5:30:00 AM ICT,5.2
14-Feb-26 6:00:00 AM ICT,5.2
14-Feb-26 6:30:00 AM ICT,5.2
14-Feb-26 7:00:00 AM ICT,5.2
14-Feb-26 7:30:00 AM ICT,5.2
14-Feb-26 8:00:00 AM ICT,5.2
14-Feb-26 8:30:00 AM ICT,5.2
14-Feb-26 9:00:00 AM ICT,5.2
14-Feb-26 9:30:00 AM ICT,5.2
14-Feb-26 10:00:00 AM ICT,5.2
14-Feb-26 10:30:00 AM ICT,5.2
14-Feb-26 11:00:00 AM ICT,5.2
14-Feb-26 11:30:00 AM ICT,5.2
14-Feb-26 12:00:00 PM ICT,5.2
14-Feb-26 12:30:00 PM ICT,5.2
14-Feb-26 1:00:00 PM ICT,5.2
14-Feb-26 1:30:00 PM ICT,5.2
14-Feb-26 2:00:00 PM ICT,5.2
14-Feb-26 2:30:00 PM ICT,5.2
14-Feb-26 3:00:00 PM ICT,5.2
14-Feb-26 3:30:00 PM ICT,5.2
14-Feb-26 4:00:00 PM ICT,5.2
14-Feb-26 4:30:00 PM ICT,5.2
14-Feb-26 5:00:00 PM ICT,5.2
14-Feb-26 5:30:00 PM ICT,5.2
14-Feb-26 6:00:00 PM ICT,5.2
14-Feb-26 6:30:00 PM ICT,5.2
14-Feb-26 7:00:00 PM ICT,5.2
14-Feb-26 7:30:00 PM ICT,5.2
14-Feb-26 8:00:00 PM ICT,5.2
14-Feb-26 8:30:00 PM ICT,5.2
14-Feb-26 9:00:00 PM ICT,5.2
14-Feb-26 9:30:00 PM ICT,5.2
14-Feb-26 10:00:00 PM ICT,5.2
14-Feb-26 10:30:00 PM ICT,5.2
14-Feb-26 11:00:00 PM ICT,5.2
14-Feb-26 11:30:00 PM ICT,5.2
15-Feb-26 12:00:00 AM ICT,5.2
15-Feb-26 12:30:00 AM ICT,5.2
15-Feb-26 1:00:00 AM ICT,5.2
15-Feb-26 1:30:00 AM ICT,5.2
15-Feb-26 2:00:00 AM ICT,5.2
15-Feb-26 2:30:00 AM ICT,5.2
15-Feb-26 3:00:00 AM ICT,5.2
15-Feb-26 3:30:00 AM ICT,5.2
15-Feb-26 4:00:00 AM ICT,5.2
15-Feb-26 4:30:00 AM ICT,5.2
15-Feb-26 5:00:00 AM ICT,5.2
15-Feb-26 5:30:00 AM ICT,5.2
15-Feb-26 6:00:00 AM ICT,5.2
15-Feb-26 6:30:00 AM ICT,5.2
15-Feb-26 7:00:00 AM ICT,5.2
15-Feb-26 7:30:00 AM ICT,5.2
15-Feb-26 8:00:00 AM ICT,5.2
15-Feb-26 8:30:00 AM ICT,5.2
15-Feb-26 9:00:00 AM ICT,5.2
15-Feb-26 9:30:00 AM ICT,5.2
15-Feb-26 10:00:00 AM ICT,5.2
15-Feb-26 10:30:00 AM ICT,5.2
15-Feb-26 11:00:00 AM ICT,5.2
15-Feb-26 11:30:00 AM ICT,5.2
15-Feb-26 12:00:00 PM ICT,5.2
15-Feb-26 12:30:00 PM ICT,5.2
15-Feb-26 1:00:00 PM ICT,5.2
15-Feb-26 1:30:00 PM ICT,5.2
15-Feb-26 2:00:00 PM ICT,5.2
15-Feb-26 2:30:00 PM ICT,5.2
15-Feb-26 3:00:00 PM ICT,5.2
15-Feb-26 3:30:00 PM ICT,5.2
15-Feb-26 4:00:00 PM ICT,5.2
15-Feb-26 4:30:00 PM ICT,5.2
15-Feb-26 5:00:00 PM ICT,5.2
15-Feb-26 5:30:00 PM ICT,5.2
15-Feb-26 6:00:00 PM ICT,5.2
15-Feb-26 6:30:00 PM ICT,5.2
15-Feb-26 7:00:00 PM ICT,5.2
15-Feb-26 7:30:00 PM ICT,5.2
15-Feb-26 8:00:00 PM ICT,5.2
15-Feb-26 8:30:00 PM ICT,5.2
15-Feb-26 9:00:00 PM ICT,5.2
15-Feb-26 9:30:00 PM ICT,5.2
15-Feb-26 10:00:00 PM ICT,5.2
15-Feb-26 10:30:00 PM ICT,5.2
15-Feb-26 11:00:00 PM ICT,5.2
15-Feb-26 11:30:00 PM ICT,5.2
16-Feb-26 12:00:00 AM ICT,5.2
16-Feb-26 12:30:00 AM ICT,5.2
16-Feb-26 1:00:00 AM ICT,5.2
16-Feb-26 1:30:00 AM ICT,5.2
16-Feb-26 2:00:00 AM ICT,5.2
16-Feb-26 2:30:00 AM ICT,5.2
16-Feb-26 3:00:00 AM ICT,5.2
16-Feb-26 3:30:00 AM ICT,5.2
16-Feb-26 4:00:00 AM ICT,5.2
16-Feb-26 4:30:00 AM ICT,5.2
16-Feb-26 5:00:00 AM ICT,5.2
16-Feb-26 5:30:00 AM ICT,5.2
16-Feb-26 6:00:00 AM ICT,5.2
16-Feb-26 6:30:00 AM ICT,5.2
16-Feb-26 7:00:00 AM ICT,5.2
16-Feb-26 7:30:00 AM ICT,5.2
16-Feb-26 8:00:00 AM ICT,5.2
16-Feb-26 8:30:00 AM ICT,5.2
16-Feb-26 9:00:00 AM ICT,5.2
16-Feb-26 9:30:00 AM ICT,5.2
16-Feb-26 10:00:00 AM ICT,5.2
16-Feb-26 10:30:00 AM ICT,5.2
16-Feb-26 11:00:00 AM ICT,5.2
16-Feb-26 11:30:00 AM ICT,5.2
16-Feb-26 12:00:00 PM ICT,5.2
16-Feb-26 12:30:00 PM ICT,5.2
16-Feb-26 1:00:00 PM ICT,5.2
16-Feb-26 1:30:00 PM ICT,5.2
16-Feb-26 2:00:00 PM ICT,5.2
16-Feb-26 2:30:00 PM ICT,5.2
16-Feb-26 3:00:00 PM ICT,5.3
16-Feb-26 3:30:00 PM ICT,5.2
16-Feb-26 4:00:00 PM ICT,5.2
16-Feb-26 4:30:00 PM ICT,5.2
16-Feb-26 5:00:00 PM ICT,5.2
16-Feb-26 5:30:00 PM ICT,5.2
16-Feb-26 6:00:00 PM ICT,5.2
16-Feb-26 6:30:00 PM ICT,5.2
16-Feb-26 7:00:00 PM ICT,5.2
16-Feb-26 7:30:00 PM ICT,5.2
16-Feb-26 8:00:00 PM ICT,5.2
16-Feb-26 8:30:00 PM ICT,5.2
16-Feb-26 9:00:00 PM ICT,5.2
16-Feb-26 9:30:00 PM ICT,5.2
16-Feb-26 10:00:00 PM ICT,5.2
16-Feb-26 10:30:00 PM ICT,5.2
16-Feb-26 11:00:00 PM ICT,5.2
16-Feb-26 11:30:00 PM ICT,5.2
17-Feb-26 12:00:00 AM ICT,5.2
17-Feb-26 12:30:00 AM ICT,5.2
17-Feb-26 1:00:00 AM ICT,5.2
17-Feb-26 1:30:00 AM ICT,5.2
17-Feb-26 2:00:00 AM ICT,5.2
17-Feb-26 2:30:00 AM ICT,5.2
17-Feb-26 3:00:00 AM ICT,5.2
17-Feb-26 3:30:00 AM ICT,5.2
17-Feb-26 4:00:00 AM ICT,5.2
17-Feb-26 4:30:00 AM ICT,5.2
17-Feb-26 5:00:00 AM ICT,5.2
17-Feb-26 5:30:00 AM ICT,5.2
17-Feb-26 6:00:00 AM ICT,5.2
17-Feb-26 6:30:00 AM ICT,5.2
17-Feb-26 7:00:00 AM ICT,5.2
17-Feb-26 7:30:00 AM ICT,5.2
17-Feb-26 8:00:00 AM ICT,5.2
17-Feb-26 8:30:00 AM ICT,5.2
17-Feb-26 9:00:00 AM ICT,5.2
17-Feb-26 9:30:00 AM ICT,5.2
17-Feb-26 10:00:00 AM ICT,5.2
17-Feb-26 10:30:00 AM ICT,5.2
17-Feb-26 11:00:00 AM ICT,5.2
17-Feb-26 11:30:00 AM ICT,5.2
17-Feb-26 12:00:00 PM ICT,5.2
17-Feb-26 12:30:00 PM ICT,5.2
17-Feb-26 1:00:00 PM ICT,5.2
17-Feb-26 1:30:00 PM ICT,5.2
17-Feb-26 2:00:00 PM ICT,5.2
17-Feb-26 2:30:00 PM ICT,5.2
17-Feb-26 3:00:00 PM ICT,5.2
17-Feb-26 3:30:00 PM ICT,5.2
17-Feb-26 4:00:00 PM ICT,5.2
17-Feb-26 4:30:00 PM ICT,5.2
17-Feb-26 5:00:00 PM ICT,5.2
17-Feb-26 5:30:00 PM ICT,5.2
17-Feb-26 6:00:00 PM ICT,5.2
17-Feb-26 6:30:00 PM ICT,5.2
17-Feb-26 7:00:00 PM ICT,5.2
17-Feb-26 7:30:00 PM ICT,5.2
17-Feb-26 8:00:00 PM ICT,5.2
17-Feb-26 8:30:00 PM ICT,5.2
17-Feb-26 9:00:00 PM ICT,5.2
17-Feb-26 9:30:00 PM ICT,5.2
17-Feb-26 10:00:00 PM ICT,5.2
17-Feb-26 10:30:00 PM ICT,5.2
17-Feb-26 11:00:00 PM ICT,5.2
17-Feb-26 11:30:00 PM ICT,5.2
18-Feb-26 12:00:00 AM ICT,5.2
18-Feb-26 12:30:00 AM ICT,5.2
18-Feb-26 1:00:00 AM ICT,5.2
18-Feb-26 1:30:00 AM ICT,5.2
18-Feb-26 2:00:00 AM ICT,5.2
18-Feb-26 2:30:00 AM ICT,5.2
18-Feb-26 3:00:00 AM ICT,5.2
18-Feb-26 3:30:00 AM ICT,5.2
18-Feb-26 4:00:00 AM ICT,5.2
18-Feb-26 4:30:00 AM ICT,5.2
18-Feb-26 5:00:00 AM ICT,5.2
18-Feb-26 5:30:00 AM ICT,5.2
18-Feb-26 6:00:00 AM ICT,5.2
18-Feb-26 6:30:00 AM ICT,5.2
18-Feb-26 7:00:00 AM ICT,5.2
18-Feb-26 7:30:00 AM ICT,5.2
18-Feb-26 8:00:00 AM ICT,5.2
18-Feb-26 8:30:00 AM ICT,5.2
18-Feb-26 9:00:00 AM ICT,5.2
18-Feb-26 9:30:00 AM ICT,5.2
18-Feb-26 10:00:00 AM ICT,5.2
18-Feb-26 10:30:00 AM ICT,5.2
18-Feb-26 11:00:00 AM ICT,5.2
18-Feb-26 11:30:00 AM ICT,5.2
18-Feb-26 12:00:00 PM ICT,5.2
18-Feb-26 12:30:00 PM ICT,5.2
18-Feb-26 1:00:00 PM ICT,5.2
18-Feb-26 1:30:00 PM ICT,5.2
18-Feb-26 2:00:00 PM ICT,5.2
18-Feb-26 2:30:00 PM ICT,5.2
18-Feb-26 3:00:00 PM ICT,5.2
18-Feb-26 3:30:00 PM ICT,5.2
18-Feb-26 4:00:00 PM ICT,5.2
18-Feb-26 4:30:00 PM ICT,5.2
18-Feb-26 5:00:00 PM ICT,3.8
18-Feb-26 5:30:00 PM ICT,5.2
18-Feb-26 6:00:00 PM ICT,5.2
18-Feb-26 6:30:00 PM ICT,5.2
18-Feb-26 7:00:00 PM ICT,5.2
18-Feb-26 7:30:00 PM ICT,5.2
18-Feb-26 8:00:00 PM ICT,5.2
18-Feb-26 8:30:00 PM ICT,5.2
18-Feb-26 9:00:00 PM ICT,5.2
18-Feb-26 9:30:00 PM ICT,5.2
18-Feb-26 10:00:00 PM ICT,5.2
18-Feb-26 10:30:00 PM ICT,5.2
18-Feb-26 11:00:00 PM ICT,5.2
18-Feb-26 11:30:00 PM ICT,5.2
19-Feb-26 12:00:00 AM ICT,5.2
19-Feb-26 12:30:00 AM ICT,5.2
19-Feb-26 1:00:00 AM ICT,5.2
19-Feb-26 1:30:00 AM ICT,5.2
19-Feb-26 2:00:00 AM ICT,5.2
19-Feb-26 2:30:00 AM ICT,5.2
19-Feb-26 3:00:00 AM ICT,5.2
19-Feb-26 3:30:00 AM ICT,5.2
19-Feb-26 4:00:00 AM ICT,5.2
19-Feb-26 4:30:00 AM ICT,5.2
19-Feb-26 5:00:00 AM ICT,5.2
19-Feb-26 5:30:00 AM ICT,5.2
19-Feb-26 6:00:00 AM ICT,5.2
19-Feb-26 6:30:00 AM ICT,5.2
19-Feb-26 7:00:00 AM ICT,5.2
19-Feb-26 7:30:00 AM ICT,5.2
19-Feb-26 8:00:00 AM ICT,5.2
19-Feb-26 8:30:00 AM ICT,5.2
19-Feb-26 9:00:00 AM ICT,5.2
19-Feb-26 9:30:00 AM ICT,5.2
19-Feb-26 10:00:00 AM ICT,5.2
19-Feb-26 10:30:00 AM ICT,5.2
19-Feb-26 11:00:00 AM ICT,5.2
19-Feb-26 11:30:00 AM ICT,5.2
19-Feb-26 12:00:00 PM ICT,5.2
19-Feb-26 12:30:00 PM ICT,5.2
19-Feb-26 1:00:00 PM ICT,5.2
19-Feb-26 1:30:00 PM ICT,5.2
19-Feb-26 2:00:00 PM ICT,5.2
19-Feb-26 2:30:00 PM ICT,5.2
19-Feb-26 3:00:00 PM ICT,5.2
19-Feb-26 3:30:00 PM ICT,5.2
19-Feb-26 4:00:00 PM ICT,5.2
19-Feb-26 4:30:00 PM ICT,5.2
19-Feb-26 5:00:00 PM ICT,5.2
19-Feb-26 5:30:00 PM ICT,5.2
19-Feb-26 6:00:00 PM ICT,5.2
19-Feb-26 6:30:00 PM ICT,5.2
19-Feb-26 7:00:00 PM ICT,5.2
19-Feb-26 7:30:00 PM ICT,5.2
19-Feb-26 8:00:00 PM ICT,5.2
19-Feb-26 8:30:00 PM ICT,5.2
19-Feb-26 9:00:00 PM ICT,5.2
19-Feb-26 9:30:00 PM ICT,5.2
19-Feb-26 10:00:00 PM ICT,5.2
19-Feb-26 10:30:00 PM ICT,5.2
19-Feb-26 11:00:00 PM ICT,5.2
19-Feb-26 11:30:00 PM ICT,5.2
20-Feb-26 12:00:00 AM ICT,5.2
20-Feb-26 12:30:00 AM ICT,5.2
20-Feb-26 1:00:00 AM ICT,5.2
20-Feb-26 1:30:00 AM ICT,5.2
20-Feb-26 2:00:00 AM ICT,5.2
20-Feb-26 2:30:00 AM ICT,5.2
20-Feb-26 3:00:00 AM ICT,5.2
20-Feb-26 3:30:00 AM ICT,5.2
20-Feb-26 4:00:00 AM ICT,5.2
20-Feb-26 4:30:00 AM ICT,5.2
20-Feb-26 5:00:00 AM ICT,5.2
20-Feb-26 5:30:00 AM ICT,5.2
20-Feb-26 6:00:00 AM ICT,5.2
20-Feb-26 6:30:00 AM ICT,5.2
20-Feb-26 7:00:00 AM ICT,5.2
20-Feb-26 7:30:00 AM ICT,5.2
20-Feb-26 8:00:00 AM ICT,5.2
20-Feb-26 8:30:00 AM ICT,5.2
20-Feb-26 9:00:00 AM ICT,5.2
20-Feb-26 9:30:00 AM ICT,5.2
20-Feb-26 10:00:00 AM ICT,5.2
20-Feb-26 10:30:00 AM ICT,5.2
20-Feb-26 11:00:00 AM ICT,5.2
20-Feb-26 11:30:00 AM ICT,5.2
20-Feb-26 12:00:00 PM ICT,5.2
20-Feb-26 12:30:00 PM ICT,5.2
20-Feb-26 1:00:00 PM ICT,5.2
20-Feb-26 1:30:00 PM ICT,5.2
20-Feb-26 2:00:00 PM ICT,5.2
20-Feb-26 2:30:00 PM ICT,5.2
20-Feb-26 3:00:00 PM ICT,5.2
20-Feb-26 3:30:00 PM ICT,5.2
20-Feb-26 4:00:00 PM ICT,5.2
20-Feb-26 4:30:00 PM ICT,5.2
20-Feb-26 5:00:00 PM ICT,5.2
20-Feb-26 5:30:00 PM ICT,5.2
20-Feb-26 6:00:00 PM ICT,5.2
20-Feb-26 6:30:00 PM ICT,5.2
20-Feb-26 7:00:00 PM ICT,5.2
20-Feb-26 7:30:00 PM ICT,5.2
20-Feb-26 8:00:00 PM ICT,5.2
20-Feb-26 8:30:00 PM ICT,5.2
20-Feb-26 9:00:00 PM ICT,5.2
20-Feb-26 9:30:00 PM ICT,5.2
20-Feb-26 10:00:00 PM ICT,5.2
20-Feb-26 10:30:00 PM ICT,5.2
20-Feb-26 11:00:00 PM ICT,5.2
20-Feb-26 11:30:00 PM ICT,5.2
21-Feb-26 12:00:00 AM ICT,5.2
21-Feb-26 12:30:00 AM ICT,5.2
21-Feb-26 1:00:00 AM ICT,5.2
21-Feb-26 1:30:00 AM ICT,5.2
21-Feb-26 2:00:00 AM ICT,5.2
21-Feb-26 2:30:00 AM ICT,5.2
21-Feb-26 3:00:00 AM ICT,5.2
21-Feb-26 3:30:00 AM ICT,5.2
21-Feb-26 4:00:00 AM ICT,5.2
21-Feb-26 4:30:00 AM ICT,5.2
21-Feb-26 5:00:00 AM ICT,5.2
21-Feb-26 5:30:00 AM ICT,5.2
21-Feb-26 6:00:00 AM ICT,5.2
21-Feb-26 6:30:00 AM ICT,5.2
21-Feb-26 7:00:00 AM ICT,5.2
21-Feb-26 7:30:00 AM ICT,5.2
21-Feb-26 8:00:00 AM ICT,5.2
21-Feb-26 8:30:00 AM ICT,5.2
21-Feb-26 9:00:00 AM ICT,5.2
21-Feb-26 9:30:00 AM ICT,5.2
21-Feb-26 10:00:00 AM ICT,5.2
21-Feb-26 10:30:00 AM ICT,5.2
21-Feb-26 11:00:00 AM ICT,5.2
21-Feb-26 11:30:00 AM ICT,5.2
21-Feb-26 12:00:00 PM ICT,5.2
21-Feb-26 12:30:00 PM ICT,5.2
21-Feb-26 1:00:00 PM ICT,5.2
21-Feb-26 1:30:00 PM ICT,5.2
21-Feb-26 2:00:00 PM ICT,5.2
21-Feb-26 2:30:00 PM ICT,5.2
21-Feb-26 3:00:00 PM ICT,5.2
21-Feb-26 3:30:00 PM ICT,5.2
21-Feb-26 4:00:00 PM ICT,5.2
21-Feb-26 4:30:00 PM ICT,5.2
21-Feb-26 5:00:00 PM ICT,5.2
21-Feb-26 5:30:00 PM ICT,5.2
21-Feb-26 6:00:00 PM ICT,5.2
21-Feb-26 6:30:00 PM ICT,5.2
21-Feb-26 7:00:00 PM ICT,5.2
21-Feb-26 7:30:00 PM ICT,5.2
21-Feb-26 8:00:00 PM ICT,5.2
21-Feb-26 8:30:00 PM ICT,5.2
21-Feb-26 9:00:00 PM ICT,5.2
21-Feb-26 9:30:00 PM ICT,5.2
21-Feb-26 10:00:00 PM ICT,5.2
21-Feb-26 10:30:00 PM ICT,5.2
21-Feb-26 11:00:00 PM ICT,5.2
21-Feb-26 11:30:00 PM ICT,5.2
22-Feb-26 12:00:00 AM ICT,5.2
22-Feb-26 12:30:00 AM ICT,5.2
22-Feb-26 1:00:00 AM ICT,5.2
22-Feb-26 1:30:00 AM ICT,5.2
22-Feb-26 2:00:00 AM ICT,5.2
22-Feb-26 2:30:00 AM ICT,5.2
22-Feb-26 3:00:00 AM ICT,5.2
22-Feb-26 3:30:00 AM ICT,5.2
22-Feb-26 4:00:00 AM ICT,5.2
22-Feb-26 4:30:00 AM ICT,5.2
22-Feb-26 5:00:00 AM ICT,5.2
22-Feb-26 5:30:00 AM ICT,5.2
22-Feb-26 6:00:00 AM ICT,5.2
22-Feb-26 6:30:00 AM ICT,5.2
22-Feb-26 7:00:00 AM ICT,5.2
22-Feb-26 7:30:00 AM ICT,5.2
22-Feb-26 8:00:00 AM ICT,5.2
22-Feb-26 8:30:00 AM ICT,5.2
22-Feb-26 9:00:00 AM ICT,5.2
22-Feb-26 9:30:00 AM ICT,5.2
22-Feb-26 11:00:00 AM ICT,5.2
22-Feb-26 11:30:00 AM ICT,5.2
22-Feb-26 12:00:00 PM ICT,5.2
22-Feb-26 12:30:00 PM ICT,5.2
22-Feb-26 1:00:00 PM ICT,5.2
22-Feb-26 1:30:00 PM ICT,5.2
22-Feb-26 2:00:00 PM ICT,5.2
22-Feb-26 2:30:00 PM ICT,5.2
22-Feb-26 3:00:00 PM ICT,5.2
22-Feb-26 3:30:00 PM ICT,5.2
22-Feb-26 4:00:00 PM ICT,5.2
22-Feb-26 4:30:00 PM ICT,5.2
22-Feb-26 5:00:00 PM ICT,5.2
22-Feb-26 5:30:00 PM ICT,5.2
22-Feb-26 6:00:00 PM ICT,5.2
22-Feb-26 6:30:00 PM ICT,5.2
22-Feb-26 7:00:00 PM ICT,5.2
22-Feb-26 7:30:00 PM ICT,5.2
22-Feb-26 8:00:00 PM ICT,5.2
22-Feb-26 8:30:00 PM ICT,5.2
22-Feb-26 9:00:00 PM ICT,5.2
22-Feb-26 9:30:00 PM ICT,5.2
22-Feb-26 10:00:00 PM ICT,5.2
22-Feb-26 10:30:00 PM ICT,5.2
22-Feb-26 11:00:00 PM ICT,5.2
22-Feb-26 11:30:00 PM ICT,5.2
23-Feb-26 12:00:00 AM ICT,5.2
23-Feb-26 12:30:00 AM ICT,5.2
23-Feb-26 1:00:00 AM ICT,5.2
23-Feb-26 1:30:00 AM ICT,5.2
23-Feb-26 2:00:00 AM ICT,5.2
23-Feb-26 2:30:00 AM ICT,5.2
23-Feb-26 3:00:00 AM ICT,5.2
23-Feb-26 3:30:00 AM ICT,5.2
23-Feb-26 4:00:00 AM ICT,5.2
23-Feb-26 4:30:00 AM ICT,5.2
23-Feb-26 5:00:00 AM ICT,5.2
23-Feb-26 5:30:00 AM ICT,5.2
23-Feb-26 6:00:00 AM ICT,5.2
23-Feb-26 6:30:00 AM ICT,5.2
23-Feb-26 7:00:00 AM ICT,5.2
23-Feb-26 7:30:00 AM ICT,5.2
23-Feb-26 8:00:00 AM ICT,5.2
23-Feb-26 8:30:00 AM ICT,5.2
23-Feb-26 9:00:00 AM ICT,5.2
23-Feb-26 9:30:00 AM ICT,5.2
23-Feb-26 10:00:00 AM ICT,5.2
23-Feb-26 10:30:00 AM ICT,5.2
23-Feb-26 11:00:00 AM ICT,5.2
23-Feb-26 11:30:00 AM ICT,5.2
23-Feb-26 12:00:00 PM ICT,5.2
23-Feb-26 12:30:00 PM ICT,5.2
23-Feb-26 1:00:00 PM ICT,5.2
23-Feb-26 1:30:00 PM ICT,5.2
23-Feb-26 2:00:00 PM ICT,5.2
23-Feb-26 2:30:00 PM ICT,5.2
23-Feb-26 3:00:00 PM ICT,5.2
23-Feb-26 3:30:00 PM ICT,5.2
23-Feb-26 4:00:00 PM ICT,5.2
23-Feb-26 4:30:00 PM ICT,5.2
23-Feb-26 5:00:00 PM ICT,5.2
23-Feb-26 5:30:00 PM ICT,5.2
23-Feb-26 6:00:00 PM ICT,5.2
23-Feb-26 6:30:00 PM ICT,5.2
23-Feb-26 7:00:00 PM ICT,5.2
23-Feb-26 7:30:00 PM ICT,5.2
23-Feb-26 8:00:00 PM ICT,5.2
23-Feb-26 8:30:00 PM ICT,5.2
23-Feb-26 9:00:00 PM ICT,5.2
23-Feb-26 9:30:00 PM ICT,5.2
23-Feb-26 10:00:00 PM ICT,5.2
23-Feb-26 10:30:00 PM ICT,5.2
23-Feb-26 11:00:00 PM ICT,5.2
23-Feb-26 11:30:00 PM ICT,5.2
24-Feb-26 12:00:00 AM ICT,5.2
24-Feb-26 12:30:00 AM ICT,5.2
24-Feb-26 1:00:00 AM ICT,5.2
24-Feb-26 1:30:00 AM ICT,5.2
24-Feb-26 2:00:00 AM ICT,5.2
24-Feb-26 2:30:00 AM ICT,5.2
24-Feb-26 3:00:00 AM ICT,5.2
24-Feb-26 3:30:00 AM ICT,5.2
24-Feb-26 4:00:00 AM ICT,5.2
24-Feb-26 4:30:00 AM ICT,5.2
24-Feb-26 5:00:00 AM ICT,5.2
24-Feb-26 5:30:00 AM ICT,5.2
24-Feb-26 6:00:00 AM ICT,5.2
24-Feb-26 6:30:00 AM ICT,5.2
24-Feb-26 7:00:00 AM ICT,5.2
24-Feb-26 7:30:00 AM ICT,5.2
24-Feb-26 8:00:00 AM ICT,5.2
24-Feb-26 8:30:00 AM ICT,5.2
24-Feb-26 9:00:00 AM ICT,5.2
24-Feb-26 9:30:00 AM ICT,5.2
24-Feb-26 10:00:00 AM ICT,5.2
24-Feb-26 10:30:00 AM ICT,5.2
24-Feb-26 11:00:00 AM ICT,5.2
24-Feb-26 11:30:00 AM ICT,5.2
24-Feb-26 12:00:00 PM ICT,5.2
24-Feb-26 12:30:00 PM ICT,5.2
24-Feb-26 1:00:00 PM ICT,5.2
24-Feb-26 1:30:00 PM ICT,5.2
24-Feb-26 2:00:00 PM ICT,5.2
24-Feb-26 2:30:00 PM ICT,5.2
24-Feb-26 3:00:00 PM ICT,5.2
24-Feb-26 3:30:00 PM ICT,5.2
24-Feb-26 4:00:00 PM ICT,5.2
24-Feb-26 4:30:00 PM ICT,5.2
24-Feb-26 5:00:00 PM ICT,5.2
24-Feb-26 5:30:00 PM ICT,5.2
24-Feb-26 6:00:00 PM ICT,5.2
24-Feb-26 6:30:00 PM ICT,5.2
24-Feb-26 7:00:00 PM ICT,5.2
24-Feb-26 7:30:00 PM ICT,5.2
24-Feb-26 8:00:00 PM ICT,5.2
24-Feb-26 8:30:00 PM ICT,5.2
24-Feb-26 9:00:00 PM ICT,5.2
24-Feb-26 9:30:00 PM ICT,5.2
24-Feb-26 10:00:00 PM ICT,5.2
24-Feb-26 10:30:00 PM ICT,5.2
24-Feb-26 11:00:00 PM ICT,5.2
24-Feb-26 11:30:00 PM ICT,5.2
25-Feb-26 12:00:00 AM ICT,5.2
25-Feb-26 12:30:00 AM ICT,5.2
25-Feb-26 1:00:00 AM ICT,5.2
25-Feb-26 1:30:00 AM ICT,5.2
25-Feb-26 2:00:00 AM ICT,5.2
25-Feb-26 2:30:00 AM ICT,5.2
25-Feb-26 3:00:00 AM ICT,5.2
25-Feb-26 3:30:00 AM ICT,5.2
25-Feb-26 4:00:00 AM ICT,5.2
25-Feb-26 4:30:00 AM ICT,5.2
25-Feb-26 5:00:00 AM ICT,5.2
25-Feb-26 5:30:00 AM ICT,5.2
25-Feb-26 6:00:00 AM ICT,5.2
25-Feb-26 6:30:00 AM ICT,5.2
25-Feb-26 7:00:00 AM ICT,5.2
25-Feb-26 7:30:00 AM ICT,5.2
25-Feb-26 8:00:00 AM ICT,5.2
25-Feb-26 8:30:00 AM ICT,5.2
25-Feb-26 9:00:00 AM ICT,5.2
25-Feb-26 9:30:00 AM ICT,5.2
25-Feb-26 10:00:00 AM ICT,5.2
25-Feb-26 10:30:00 AM ICT,5.2
25-Feb-26 11:00:00 AM ICT,5.2
25-Feb-26 11:30:00 AM ICT,5.2
25-Feb-26 12:00:00 PM ICT,5.2
25-Feb-26 12:30:00 PM ICT,5.2
25-Feb-26 1:00:00 PM ICT,5.2
25-Feb-26 1:30:00 PM ICT,5.2
25-Feb-26 2:00:00 PM ICT,5.2
25-Feb-26 2:30:00 PM ICT,5.2
25-Feb-26 3:00:00 PM ICT,5.2
25-Feb-26 3:30:00 PM ICT,5.2
25-Feb-26 4:00:00 PM ICT,5.2
25-Feb-26 4:30:00 PM ICT,5.2
25-Feb-26 5:00:00 PM ICT,5.2
25-Feb-26 5:30:00 PM ICT,5.2
25-Feb-26 6:00:00 PM ICT,5.2
25-Feb-26 6:30:00 PM ICT,5.2
25-Feb-26 7:00:00 PM ICT,5.2
25-Feb-26 7:30:00 PM ICT,5.2
25-Feb-26 8:00:00 PM ICT,5.2
25-Feb-26 8:30:00 PM ICT,5.2
25-Feb-26 9:00:00 PM ICT,5.2
25-Feb-26 9:30:00 PM ICT,5.2
25-Feb-26 10:00:00 PM ICT,5.2
25-Feb-26 10:30:00 PM ICT,5.2
25-Feb-26 11:00:00 PM ICT,5.2
25-Feb-26 11:30:00 PM ICT,5.2
26-Feb-26 12:00:00 AM ICT,5.2
26-Feb-26 12:30:00 AM ICT,5.2
26-Feb-26 1:00:00 AM ICT,5.2
26-Feb-26 1:30:00 AM ICT,5.2
26-Feb-26 2:00:00 AM ICT,5.2
26-Feb-26 2:30:00 AM ICT,5.2
26-Feb-26 3:00:00 AM ICT,5.2
26-Feb-26 3:30:00 AM ICT,5.2
26-Feb-26 4:00:00 AM ICT,5.2
26-Feb-26 4:30:00 AM ICT,5.2
26-Feb-26 5:00:00 AM ICT,5.2
26-Feb-26 5:30:00 AM ICT,5.2
26-Feb-26 6:00:00 AM ICT,5.2
26-Feb-26 6:30:00 AM ICT,5.2
26-Feb-26 7:00:00 AM ICT,5.2
26-Feb-26 7:30:00 AM ICT,5.2
26-Feb-26 8:00:00 AM ICT,5.2
26-Feb-26 8:30:00 AM ICT,5.2
26-Feb-26 9:00:00 AM ICT,5.2
26-Feb-26 9:30:00 AM ICT,5.2
26-Feb-26 10:00:00 AM ICT,5.2
26-Feb-26 10:30:00 AM ICT,5.2
26-Feb-26 11:00:00 AM ICT,5.2
26-Feb-26 11:30:00 AM ICT,5.2
26-Feb-26 12:00:00 PM ICT,5.2
26-Feb-26 12:30:00 PM ICT,5.2
26-Feb-26 1:00:00 PM ICT,5.2
26-Feb-26 1:30:00 PM ICT,5.2
26-Feb-26 2:00:00 PM ICT,5.2
26-Feb-26 2:30:00 PM ICT,5.2
26-Feb-26 3:00:00 PM ICT,5.2
26-Feb-26 3:30:00 PM ICT,5.2
26-Feb-26 4:00:00 PM ICT,5.2
26-Feb-26 4:30:00 PM ICT,5.2
26-Feb-26 5:00:00 PM ICT,5.2
26-Feb-26 5:30:00 PM ICT,5.2
26-Feb-26 6:00:00 PM ICT,5.2
26-Feb-26 6:30:00 PM ICT,5.1
26-Feb-26 7:00:00 PM ICT,5.2
26-Feb-26 7:30:00 PM ICT,5.2
26-Feb-26 8:00:00 PM ICT,5.2
26-Feb-26 8:30:00 PM ICT,5.2
26-Feb-26 9:00:00 PM ICT,5.2
26-Feb-26 9:30:00 PM ICT,5.2
26-Feb-26 10:00:00 PM ICT,5.2
26-Feb-26 10:30:00 PM ICT,5.2
26-Feb-26 11:00:00 PM ICT,5.2
26-Feb-26 11:30:00 PM ICT,5.2
27-Feb-26 12:00:00 AM ICT,5.2
27-Feb-26 12:30:00 AM ICT,5.2
27-Feb-26 1:00:00 AM ICT,5.2
27-Feb-26 1:30:00 AM ICT,5.2
27-Feb-26 2:30:00 AM ICT,5.2
27-Feb-26 3:00:00 AM ICT,5.2
27-Feb-26 3:30:00 AM ICT,5.2
27-Feb-26 4:00:00 AM ICT,5.2
27-Feb-26 4:30:00 AM ICT,5.2
27-Feb-26 5:00:00 AM ICT,5.2
27-Feb-26 5:30:00 AM ICT,5.2
27-Feb-26 6:00:00 AM ICT,5.2
27-Feb-26 6:30:00 AM ICT,5.2
27-Feb-26 7:00:00 AM ICT,5.2
27-Feb-26 7:30:00 AM ICT,5.2
27-Feb-26 8:00:00 AM ICT,5.2
27-Feb-26 8:30:00 AM ICT,5.2
27-Feb-26 9:00:00 AM ICT,5.2
27-Feb-26 9:30:00 AM ICT,5.2
27-Feb-26 10:00:00 AM ICT,5.2
27-Feb-26 10:30:00 AM ICT,5.2
27-Feb-26 11:00:00 AM ICT,5.2
27-Feb-26 11:30:00 AM ICT,5.2
27-Feb-26 12:00:00 PM ICT,5.2
27-Feb-26 12:30:00 PM ICT,5.2
27-Feb-26 1:00:00 PM ICT,5.2
27-Feb-26 1:30:00 PM ICT,5.2
27-Feb-26 2:00:00 PM ICT,5.2
27-Feb-26 2:30:00 PM ICT,5.2
27-Feb-26 3:00:00 PM ICT,5.2
27-Feb-26 3:30:00 PM ICT,5.2
27-Feb-26 4:00:00 PM ICT,5.2
27-Feb-26 4:30:00 PM ICT,5.2
27-Feb-26 5:00:00 PM ICT,5.2
27-Feb-26 5:30:00 PM ICT,5.2
27-Feb-26 6:00:00 PM ICT,5.2
27-Feb-26 6:30:00 PM ICT,5.2
27-Feb-26 7:00:00 PM ICT,5.2
27-Feb-26 7:30:00 PM ICT,5.2
27-Feb-26 8:00:00 PM ICT,5.2
27-Feb-26 8:30:00 PM ICT,5.2
27-Feb-26 9:00:00 PM ICT,5.2
27-Feb-26 9:30:00 PM ICT,5.2
27-Feb-26 10:00:00 PM ICT,5.2
27-Feb-26 10:30:00 PM ICT,5.2
27-Feb-26 11:00:00 PM ICT,5.2
27-Feb-26 11:30:00 PM ICT,5.2
28-Feb-26 12:00:00 AM ICT,5.2
28-Feb-26 12:30:00 AM ICT,5.2
28-Feb-26 1:00:00 AM ICT,5.2
28-Feb-26 1:30:00 AM ICT,5.2
28-Feb-26 2:00:00 AM ICT,5.2
28-Feb-26 2:30:00 AM ICT,5.2
28-Feb-26 3:00:00 AM ICT,5.2
28-Feb-26 3:30:00 AM ICT,5.2
28-Feb-26 4:00:00 AM ICT,5.2
28-Feb-26 4:30:00 AM ICT,5.2
28-Feb-26 5:00:00 AM ICT,5.2
28-Feb-26 5:30:00 AM ICT,5.2
28-Feb-26 6:00:00 AM ICT,5.2
28-Feb-26 6:30:00 AM ICT,5.2
28-Feb-26 7:00:00 AM ICT,5.2
28-Feb-26 7:30:00 AM ICT,5.2
28-Feb-26 8:00:00 AM ICT,5.2
28-Feb-26 8:30:00 AM ICT,5.2
28-Feb-26 9:00:00 AM ICT,5.2
28-Feb-26 9:30:00 AM ICT,5.2
28-Feb-26 10:00:00 AM ICT,5.2
28-Feb-26 10:30:00 AM ICT,5.2
28-Feb-26 11:00:00 AM ICT,5.2
28-Feb-26 11:30:00 AM ICT,5.2
28-Feb-26 12:00:00 PM ICT,5.2
28-Feb-26 12:30:00 PM ICT,5.2
28-Feb-26 1:00:00 PM ICT,5.2
28-Feb-26 1:30:00 PM ICT,5.2
28-Feb-26 2:00:00 PM ICT,5.2
28-Feb-26 2:30:00 PM ICT,5.2
28-Feb-26 3:00:00 PM ICT,5.2
28-Feb-26 3:30:00 PM ICT,5.2
28-Feb-26 4:00:00 PM ICT,5.2
28-Feb-26 4:30:00 PM ICT,5.2
28-Feb-26 5:00:00 PM ICT,5.2
28-Feb-26 5:30:00 PM ICT,5.2
28-Feb-26 6:00:00 PM ICT,5.2
28-Feb-26 6:30:00 PM ICT,5.2
28-Feb-26 7:00:00 PM ICT,5.2
28-Feb-26 7:30:00 PM ICT,5.2
28-Feb-26 8:00:00 PM ICT,3.8
28-Feb-26 8:30:00 PM ICT,0.0
28-Feb-26 9:00:00 PM ICT,0.0
28-Feb-26 9:30:00 PM ICT,0.0
28-Feb-26 10:00:00 PM ICT,0.0
28-Feb-26 10:30:00 PM ICT,0.0
28-Feb-26 11:00:00 PM ICT,0.0
28-Feb-26 11:30:00 PM ICT,0.0
01-Mar-26 12:00:00 AM ICT,0.0
01-Mar-26 12:30:00 AM ICT,0.0
01-Mar-26 1:00:00 AM ICT,0.0
01-Mar-26 1:30:00 AM ICT,0.0
01-Mar-26 2:00:00 AM ICT,0.0
01-Mar-26 2:30:00 AM ICT,0.0
01-Mar-26 3:00:00 AM ICT,0.0
01-Mar-26 3:30:00 AM ICT,0.0
01-Mar-26 4:00:00 AM ICT,0.0
01-Mar-26 4:30:00 AM ICT,0.0
01-Mar-26 5:00:00 AM ICT,0.0
01-Mar-26 5:30:00 AM ICT,0.0
01-Mar-26 6:00:00 AM ICT,0.0
01-Mar-26 6:30:00 AM ICT,0.0
01-Mar-26 7:00:00 AM ICT,0.0
01-Mar-26 7:30:00 AM ICT,0.0
01-Mar-26 8:00:00 AM ICT,0.0
01-Mar-26 8:30:00 AM ICT,0.0
01-Mar-26 9:00:00 AM ICT,0.0
01-Mar-26 9:30:00 AM ICT,0.0
01-Mar-26 10:00:00 AM ICT,0.0
01-Mar-26 10:30:00 AM ICT,0.0
01-Mar-26 11:00:00 AM ICT,0.0
01-Mar-26 11:30:00 AM ICT,2.6
01-Mar-26 12:00:00 PM ICT,5.2
01-Mar-26 12:30:00 PM ICT,5.2
01-Mar-26 1:00:00 PM ICT,5.2
01-Mar-26 1:30:00 PM ICT,5.2
01-Mar-26 2:00:00 PM ICT,5.2
01-Mar-26 2:30:00 PM ICT,5.2
01-Mar-26 3:00:00 PM ICT,5.2
01-Mar-26 3:30:00 PM ICT,5.2
01-Mar-26 4:00:00 PM ICT,5.2
01-Mar-26 4:30:00 PM ICT,5.2
01-Mar-26 5:00:00 PM ICT,5.2
01-Mar-26 5:30:00 PM ICT,5.2
01-Mar-26 6:00:00 PM ICT,5.2
01-Mar-26 6:30:00 PM ICT,5.2
01-Mar-26 7:00:00 PM ICT,5.2
01-Mar-26 7:30:00 PM ICT,5.2
01-Mar-26 8:00:00 PM ICT,5.2
01-Mar-26 8:30:00 PM ICT,5.2
01-Mar-26 9:00:00 PM ICT,5.2
01-Mar-26 9:30:00 PM ICT,5.2
01-Mar-26 10:00:00 PM ICT,5.2
01-Mar-26 10:30:00 PM ICT,5.2
01-Mar-26 11:00:00 PM ICT,5.2
01-Mar-26 11:30:00 PM ICT,5.2
02-Mar-26 12:00:00 AM ICT,5.2
02-Mar-26 12:30:00 AM ICT,5.2
02-Mar-26 1:00:00 AM ICT,5.2
02-Mar-26 1:30:00 AM ICT,5.2
02-Mar-26 2:00:00 AM ICT,5.2
02-Mar-26 2:30:00 AM ICT,5.2
02-Mar-26 3:00:00 AM ICT,5.2
02-Mar-26 3:30:00 AM ICT,5.2
02-Mar-26 4:00:00 AM ICT,5.2
02-Mar-26 4:30:00 AM ICT,5.2
02-Mar-26 5:00:00 AM ICT,5.2
02-Mar-26 5:30:00 AM ICT,5.2
02-Mar-26 6:00:00 AM ICT,5.2
02-Mar-26 6:30:00 AM ICT,5.2
02-Mar-26 7:00:00 AM ICT,5.2
02-Mar-26 7:30:00 AM ICT,5.2
02-Mar-26 8:00:00 AM ICT,5.2
02-Mar-26 8:30:00 AM ICT,5.2
02-Mar-26 9:00:00 AM ICT,5.2
02-Mar-26 9:30:00 AM ICT,5.2
02-Mar-26 10:00:00 AM ICT,5.2
02-Mar-26 10:30:00 AM ICT,5.2
02-Mar-26 11:00:00 AM ICT,5.2
02-Mar-26 11:30:00 AM ICT,5.2
02-Mar-26 12:00:00 PM ICT,5.2
02-Mar-26 12:30:00 PM ICT,5.2
02-Mar-26 1:00:00 PM ICT,5.2
02-Mar-26 1:30:00 PM ICT,5.2
02-Mar-26 2:00:00 PM ICT,5.2
02-Mar-26 2:30:00 PM ICT,5.2
02-Mar-26 3:00:00 PM ICT,5.2
02-Mar-26 3:30:00 PM ICT,5.2
02-Mar-26 4:00:00 PM ICT,5.2
02-Mar-26 4:30:00 PM ICT,5.2
02-Mar-26 5:00:00 PM ICT,5.2
02-Mar-26 5:30:00 PM ICT,5.2
02-Mar-26 6:00:00 PM ICT,5.2
02-Mar-26 6:30:00 PM ICT,5.2
02-Mar-26 7:00:00 PM ICT,5.2
02-Mar-26 7:30:00 PM ICT,5.2
02-Mar-26 8:00:00 PM ICT,5.2
02-Mar-26 8:30:00 PM ICT,5.2
02-Mar-26 9:00:00 PM ICT,5.2
02-Mar-26 9:30:00 PM ICT,5.2
02-Mar-26 10:00:00 PM ICT,5.2
02-Mar-26 10:30:00 PM ICT,5.2
02-Mar-26 11:00:00 PM ICT,5.2
02-Mar-26 11:30:00 PM ICT,5.2
03-Mar-26 12:00:00 AM ICT,5.2
03-Mar-26 12:30:00 AM ICT,5.2
03-Mar-26 1:00:00 AM ICT,5.2
03-Mar-26 1:30:00 AM ICT,5.2
03-Mar-26 2:00:00 AM ICT,5.2
03-Mar-26 2:30:00 AM ICT,5.2
03-Mar-26 3:00:00 AM ICT,5.2
03-Mar-26 3:30:00 AM ICT,5.2
03-Mar-26 4:00:00 AM ICT,5.2
03-Mar-26 4:30:00 AM ICT,5.2
03-Mar-26 5:00:00 AM ICT,5.2
03-Mar-26 5:30:00 AM ICT,5.2
03-Mar-26 6:00:00 AM ICT,5.2
03-Mar-26 6:30:00 AM ICT,5.2
03-Mar-26 7:00:00 AM ICT,5.2
03-Mar-26 7:30:00 AM ICT,5.2
03-Mar-26 8:00:00 AM ICT,5.2
03-Mar-26 8:30:00 AM ICT,5.2
03-Mar-26 9:00:00 AM ICT,5.2
03-Mar-26 9:30:00 AM ICT,5.2
03-Mar-26 10:00:00 AM ICT,5.2
03-Mar-26 10:30:00 AM ICT,5.2
03-Mar-26 11:00:00 AM ICT,5.2
03-Mar-26 11:30:00 AM ICT,5.2
03-Mar-26 12:00:00 PM ICT,5.2
03-Mar-26 12:30:00 PM ICT,5.2
03-Mar-26 1:00:00 PM ICT,5.2
03-Mar-26 1:30:00 PM ICT,5.2
03-Mar-26 2:00:00 PM ICT,5.2
03-Mar-26 2:30:00 PM ICT,5.2
03-Mar-26 3:00:00 PM ICT,5.2
03-Mar-26 3:30:00 PM ICT,5.2
03-Mar-26 4:00:00 PM ICT,5.2
03-Mar-26 4:30:00 PM ICT,5.2
03-Mar-26 5:00:00 PM ICT,5.2
03-Mar-26 5:30:00 PM ICT,5.2
03-Mar-26 6:00:00 PM ICT,5.2
03-Mar-26 6:30:00 PM ICT,5.2
03-Mar-26 7:00:00 PM ICT,5.2
03-Mar-26 7:30:00 PM ICT,5.2
03-Mar-26 8:00:00 PM ICT,5.2
03-Mar-26 8:30:00 PM ICT,5.2
03-Mar-26 9:00:00 PM ICT,5.2
03-Mar-26 9:30:00 PM ICT,5.2
03-Mar-26 10:00:00 PM ICT,5.2
03-Mar-26 10:30:00 PM ICT,5.2
03-Mar-26 11:00:00 PM ICT,5.2
03-Mar-26 11:30:00 PM ICT,5.2
04-Mar-26 12:00:00 AM ICT,5.2
04-Mar-26 12:30:00 AM ICT,5.2
04-Mar-26 1:00:00 AM ICT,5.2
04-Mar-26 1:30:00 AM ICT,5.2
04-Mar-26 2:00:00 AM ICT,5.2
04-Mar-26 2:30:00 AM ICT,5.2
04-Mar-26 3:00:00 AM ICT,5.2
04-Mar-26 3:30:00 AM ICT,5.2
04-Mar-26 4:00:00 AM ICT,5.2
04-Mar-26 4:30:00 AM ICT,5.2
04-Mar-26 5:00:00 AM ICT,5.2
04-Mar-26 5:30:00 AM ICT,5.2
04-Mar-26 6:00:00 AM ICT,5.2
04-Mar-26 6:30:00 AM ICT,5.2
04-Mar-26 7:00:00 AM ICT,5.2
04-Mar-26 7:30:00 AM ICT,5.2
04-Mar-26 8:00:00 AM ICT,5.2
04-Mar-26 8:30:00 AM ICT,5.2
04-Mar-26 9:00:00 AM ICT,5.2
04-Mar-26 9:30:00 AM ICT,5.2
04-Mar-26 10:00:00 AM ICT,5.2
04-Mar-26 10:30:00 AM ICT,5.2
04-Mar-26 11:00:00 AM ICT,5.2
04-Mar-26 11:30:00 AM ICT,5.2
04-Mar-26 12:00:00 PM ICT,5.2
04-Mar-26 12:30:00 PM ICT,5.2
04-Mar-26 1:00:00 PM ICT,5.2
04-Mar-26 1:30:00 PM ICT,5.2
04-Mar-26 2:00:00 PM ICT,5.2
04-Mar-26 2:30:00 PM ICT,5.2
04-Mar-26 3:00:00 PM ICT,5.2
04-Mar-26 3:30:00 PM ICT,5.2
04-Mar-26 4:00:00 PM ICT,5.2
04-Mar-26 4:30:00 PM ICT,5.2
04-Mar-26 5:00:00 PM ICT,5.2
04-Mar-26 5:30:00 PM ICT,5.2
04-Mar-26 6:00:00 PM ICT,5.2
04-Mar-26 6:30:00 PM ICT,5.2
04-Mar-26 7:00:00 PM ICT,5.2
04-Mar-26 7:30:00 PM ICT,5.2
04-Mar-26 8:00:00 PM ICT,5.2
04-Mar-26 8:30:00 PM ICT,5.2
04-Mar-26 9:00:00 PM ICT,5.2
04-Mar-26 9:30:00 PM ICT,5.2
04-Mar-26 10:00:00 PM ICT,5.2
04-Mar-26 10:30:00 PM ICT,5.2
04-Mar-26 11:00:00 PM ICT,5.2
04-Mar-26 11:30:00 PM ICT,5.2
05-Mar-26 12:00:00 AM ICT,5.2
05-Mar-26 12:30:00 AM ICT,5.2
05-Mar-26 1:00:00 AM ICT,5.2
05-Mar-26 1:30:00 AM ICT,5.2
05-Mar-26 2:00:00 AM ICT,5.2
05-Mar-26 2:30:00 AM ICT,5.2
05-Mar-26 3:00:00 AM ICT,5.2
05-Mar-26 3:30:00 AM ICT,5.2
05-Mar-26 4:00:00 AM ICT,5.2
05-Mar-26 4:30:00 AM ICT,5.2
05-Mar-26 5:00:00 AM ICT,5.2
05-Mar-26 5:30:00 AM ICT,5.2
05-Mar-26 6:00:00 AM ICT,5.2
05-Mar-26 6:30:00 AM ICT,5.2
05-Mar-26 7:00:00 AM ICT,5.2
05-Mar-26 7:30:00 AM ICT,5.2
05-Mar-26 8:00:00 AM ICT,5.2
05-Mar-26 8:30:00 AM ICT,5.2
05-Mar-26 9:00:00 AM ICT,5.2
05-Mar-26 9:30:00 AM ICT,5.2
05-Mar-26 10:00:00 AM ICT,5.2
05-Mar-26 10:30:00 AM ICT,5.2
05-Mar-26 11:00:00 AM ICT,5.2
05-Mar-26 11:30:00 AM ICT,5.2
05-Mar-26 12:00:00 PM ICT,5.2
05-Mar-26 12:30:00 PM ICT,5.2
05-Mar-26 1:00:00 PM ICT,5.2
05-Mar-26 1:30:00 PM ICT,5.2
05-Mar-26 2:00:00 PM ICT,5.2
05-Mar-26 2:30:00 PM ICT,5.2
05-Mar-26 3:00:00 PM ICT,5.2
05-Mar-26 3:30:00 PM ICT,5.2
05-Mar-26 4:00:00 PM ICT,5.2
05-Mar-26 4:30:00 PM ICT,5.2
05-Mar-26 5:00:00 PM ICT,5.2
05-Mar-26 5:30:00 PM ICT,5.2
05-Mar-26 6:00:00 PM ICT,5.2
05-Mar-26 6:30:00 PM ICT,5.2
05-Mar-26 7:00:00 PM ICT,5.2
05-Mar-26 7:30:00 PM ICT,5.2
05-Mar-26 8:00:00 PM ICT,5.2
05-Mar-26 8:30:00 PM ICT,5.2
05-Mar-26 9:00:00 PM ICT,5.2
05-Mar-26 9:30:00 PM ICT,5.2
05-Mar-26 10:00:00 PM ICT,5.2
05-Mar-26 10:30:00 PM ICT,5.2
05-Mar-26 11:00:00 PM ICT,5.2
05-Mar-26 11:30:00 PM ICT,5.2
06-Mar-26 12:00:00 AM ICT,5.2
06-Mar-26 12:30:00 AM ICT,5.2
06-Mar-26 1:00:00 AM ICT,5.2
06-Mar-26 1:30:00 AM ICT,5.2
06-Mar-26 2:00:00 AM ICT,5.2
06-Mar-26 2:30:00 AM ICT,5.2
06-Mar-26 3:00:00 AM ICT,5.2
06-Mar-26 3:30:00 AM ICT,5.2
06-Mar-26 4:00:00 AM ICT,5.2
06-Mar-26 4:30:00 AM ICT,5.2
06-Mar-26 5:00:00 AM ICT,5.2
06-Mar-26 5:30:00 AM ICT,5.2
06-Mar-26 6:00:00 AM ICT,5.2
06-Mar-26 6:30:00 AM ICT,5.2
06-Mar-26 7:00:00 AM ICT,5.2
06-Mar-26 7:30:00 AM ICT,5.2
06-Mar-26 8:00:00 AM ICT,5.2
06-Mar-26 8:30:00 AM ICT,5.2
06-Mar-26 9:00:00 AM ICT,5.2
06-Mar-26 9:30:00 AM ICT,5.2
06-Mar-26 10:00:00 AM ICT,5.2
06-Mar-26 10:30:00 AM ICT,5.2
06-Mar-26 11:00:00 AM ICT,5.2
06-Mar-26 11:30:00 AM ICT,5.2
06-Mar-26 12:00:00 PM ICT,5.2
06-Mar-26 12:30:00 PM ICT,5.2
06-Mar-26 1:00:00 PM ICT,5.2
06-Mar-26 1:30:00 PM ICT,5.2
06-Mar-26 2:00:00 PM ICT,5.2
06-Mar-26 2:30:00 PM ICT,5.2
06-Mar-26 3:00:00 PM ICT,5.2
06-Mar-26 3:30:00 PM ICT,5.2
06-Mar-26 4:00:00 PM ICT,5.2
06-Mar-26 4:30:00 PM ICT,5.2
06-Mar-26 5:00:00 PM ICT,5.2
06-Mar-26 5:30:00 PM ICT,5.1
06-Mar-26 6:00:00 PM ICT,5.2
06-Mar-26 6:30:00 PM ICT,5.2
06-Mar-26 7:00:00 PM ICT,5.2
06-Mar-26 7:30:00 PM ICT,5.2
06-Mar-26 8:00:00 PM ICT,5.2
06-Mar-26 8:30:00 PM ICT,5.2
06-Mar-26 9:00:00 PM ICT,5.2
06-Mar-26 9:30:00 PM ICT,5.2
06-Mar-26 10:00:00 PM ICT,5.2
06-Mar-26 10:30:00 PM ICT,5.2
06-Mar-26 11:00:00 PM ICT,5.2
06-Mar-26 11:30:00 PM ICT,5.2
07-Mar-26 12:00:00 AM ICT,5.2
07-Mar-26 12:30:00 AM ICT,5.2
07-Mar-26 1:00:00 AM ICT,5.2
07-Mar-26 1:30:00 AM ICT,5.2
07-Mar-26 2:00:00 AM ICT,5.2
07-Mar-26 2:30:00 AM ICT,5.2
07-Mar-26 3:00:00 AM ICT,5.2
07-Mar-26 3:30:00 AM ICT,5.2
07-Mar-26 4:00:00 AM ICT,5.2
07-Mar-26 4:30:00 AM ICT,5.2
07-Mar-26 5:00:00 AM ICT,5.2
07-Mar-26 5:30:00 AM ICT,5.2
07-Mar-26 6:00:00 AM ICT,5.2
07-Mar-26 6:30:00 AM ICT,5.2
07-Mar-26 7:00:00 AM ICT,5.2
07-Mar-26 7:30:00 AM ICT,5.2
07-Mar-26 8:00:00 AM ICT,5.2
07-Mar-26 8:30:00 AM ICT,5.2
07-Mar-26 9:00:00 AM ICT,5.2
07-Mar-26 9:30:00 AM ICT,5.2
07-Mar-26 10:00:00 AM ICT,5.2
07-Mar-26 10:30:00 AM ICT,5.2
07-Mar-26 11:00:00 AM ICT,5.2
07-Mar-26 11:30:00 AM ICT,5.2
07-Mar-26 12:00:00 PM ICT,5.2
07-Mar-26 12:30:00 PM ICT,5.2
07-Mar-26 1:00:00 PM ICT,5.2
07-Mar-26 1:30:00 PM ICT,5.2
07-Mar-26 2:00:00 PM ICT,5.2
07-Mar-26 2:30:00 PM ICT,5.2
07-Mar-26 3:00:00 PM ICT,5.2
07-Mar-26 3:30:00 PM ICT,5.2
07-Mar-26 4:00:00 PM ICT,5.2
07-Mar-26 4:30:00 PM ICT,5.2
07-Mar-26 5:00:00 PM ICT,5.2
07-Mar-26 5:30:00 PM ICT,5.2
07-Mar-26 6:00:00 PM ICT,5.2
07-Mar-26 6:30:00 PM ICT,5.2
07-Mar-26 7:00:00 PM ICT,5.2
07-Mar-26 7:30:00 PM ICT,5.2
07-Mar-26 8:00:00 PM ICT,5.2
07-Mar-26 8:30:00 PM ICT,5.2
07-Mar-26 9:00:00 PM ICT,5.2
07-Mar-26 9:30:00 PM ICT,5.2
07-Mar-26 10:00:00 PM ICT,5.2
07-Mar-26 10:30:00 PM ICT,5.2
07-Mar-26 11:00:00 PM ICT,5.2
07-Mar-26 11:30:00 PM ICT,5.2
08-Mar-26 12:00:00 AM ICT,5.2
08-Mar-26 12:30:00 AM ICT,5.2
08-Mar-26 1:00:00 AM ICT,5.2
08-Mar-26 1:30:00 AM ICT,5.2
08-Mar-26 2:00:00 AM ICT,5.2
08-Mar-26 2:30:00 AM ICT,5.2
08-Mar-26 3:00:00 AM ICT,5.2
08-Mar-26 3:30:00 AM ICT,5.2
08-Mar-26 4:00:00 AM ICT,5.2
08-Mar-26 4:30:00 AM ICT,5.2
08-Mar-26 5:00:00 AM ICT,5.2
08-Mar-26 5:30:00 AM ICT,5.2
08-Mar-26 6:00:00 AM ICT,5.2
08-Mar-26 6:30:00 AM ICT,5.2
08-Mar-26 7:00:00 AM ICT,5.2
08-Mar-26 7:30:00 AM ICT,5.2
08-Mar-26 8:00:00 AM ICT,5.2
08-Mar-26 8:30:00 AM ICT,5.2
08-Mar-26 9:00:00 AM ICT,5.2
08-Mar-26 9:30:00 AM ICT,5.2
08-Mar-26 10:00:00 AM ICT,5.2
08-Mar-26 10:30:00 AM ICT,5.2
08-Mar-26 11:00:00 AM ICT,5.2
08-Mar-26 11:30:00 AM ICT,5.2
08-Mar-26 12:00:00 PM ICT,5.2
08-Mar-26 12:30:00 PM ICT,5.2
08-Mar-26 1:00:00 PM ICT,5.2
08-Mar-26 1:30:00 PM ICT,5.2
08-Mar-26 2:00:00 PM ICT,5.2
08-Mar-26 2:30:00 PM ICT,5.2
08-Mar-26 3:00:00 PM ICT,5.2
08-Mar-26 3:30:00 PM ICT,5.2
08-Mar-26 4:00:00 PM ICT,5.2
08-Mar-26 4:30:00 PM ICT,5.2
08-Mar-26 5:00:00 PM ICT,5.2
08-Mar-26 5:30:00 PM ICT,5.2
08-Mar-26 6:00:00 PM ICT,5.2
08-Mar-26 6:30:00 PM ICT,5.2
08-Mar-26 7:00:00 PM ICT,5.2
08-Mar-26 7:30:00 PM ICT,5.2
08-Mar-26 8:00:00 PM ICT,5.2
08-Mar-26 8:30:00 PM ICT,5.2
08-Mar-26 9:00:00 PM ICT,5.2
08-Mar-26 9:30:00 PM ICT,5.2
08-Mar-26 10:00:00 PM ICT,5.2
08-Mar-26 10:30:00 PM ICT,5.2
08-Mar-26 11:00:00 PM ICT,5.2
08-Mar-26 11:30:00 PM ICT,5.2
09-Mar-26 12:00:00 AM ICT,5.2
09-Mar-26 12:30:00 AM ICT,5.2
09-Mar-26 1:00:00 AM ICT,5.2
09-Mar-26 1:30:00 AM ICT,5.2
09-Mar-26 2:00:00 AM ICT,5.2
09-Mar-26 2:30:00 AM ICT,5.2
09-Mar-26 3:00:00 AM ICT,5.2
09-Mar-26 3:30:00 AM ICT,5.2
09-Mar-26 4:00:00 AM ICT,5.2
09-Mar-26 4:30:00 AM ICT,5.2
09-Mar-26 5:00:00 AM ICT,5.2
09-Mar-26 5:30:00 AM ICT,5.2
09-Mar-26 6:00:00 AM ICT,5.2
09-Mar-26 6:30:00 AM ICT,5.2
09-Mar-26 7:00:00 AM ICT,5.2
09-Mar-26 7:30:00 AM ICT,5.2
09-Mar-26 8:00:00 AM ICT,5.2
09-Mar-26 8:30:00 AM ICT,5.2
09-Mar-26 9:00:00 AM ICT,5.2
09-Mar-26 9:30:00 AM ICT,5.2
09-Mar-26 10:00:00 AM ICT,5.2
09-Mar-26 10:30:00 AM ICT,5.2
09-Mar-26 11:00:00 AM ICT,5.2
09-Mar-26 11:30:00 AM ICT,5.2
09-Mar-26 12:00:00 PM ICT,5.2
09-Mar-26 12:30:00 PM ICT,5.2
09-Mar-26 1:00:00 PM ICT,5.2
09-Mar-26 1:30:00 PM ICT,5.2
09-Mar-26 2:00:00 PM ICT,5.2
09-Mar-26 2:30:00 PM ICT,5.2
09-Mar-26 3:00:00 PM ICT,5.2
09-Mar-26 3:30:00 PM ICT,5.2
09-Mar-26 4:00:00 PM ICT,5.2
09-Mar-26 4:30:00 PM ICT,5.2
09-Mar-26 5:00:00 PM ICT,5.2
09-Mar-26 5:30:00 PM ICT,5.2
09-Mar-26 6:00:00 PM ICT,5.2
09-Mar-26 6:30:00 PM ICT,5.2
09-Mar-26 7:00:00 PM ICT,5.2
09-Mar-26 7:30:00 PM ICT,5.2
09-Mar-26 8:00:00 PM ICT,5.2
09-Mar-26 8:30:00 PM ICT,5.2
09-Mar-26 9:00:00 PM ICT,5.2
09-Mar-26 9:30:00 PM ICT,5.2
09-Mar-26 10:00:00 PM ICT,5.2
09-Mar-26 10:30:00 PM ICT,5.2
09-Mar-26 11:00:00 PM ICT,5.2
09-Mar-26 11:30:00 PM ICT,5.2
10-Mar-26 12:00:00 AM ICT,5.2
10-Mar-26 12:30:00 AM ICT,5.2
10-Mar-26 1:00:00 AM ICT,5.2
10-Mar-26 1:30:00 AM ICT,5.2
10-Mar-26 2:00:00 AM ICT,5.2
10-Mar-26 2:30:00 AM ICT,5.2
10-Mar-26 3:00:00 AM ICT,5.2
10-Mar-26 3:30:00 AM ICT,5.2
10-Mar-26 4:00:00 AM ICT,5.2
10-Mar-26 4:30:00 AM ICT,5.2
10-Mar-26 5:00:00 AM ICT,5.2
10-Mar-26 5:30:00 AM ICT,5.2
10-Mar-26 6:00:00 AM ICT,5.2
10-Mar-26 6:30:00 AM ICT,5.2
10-Mar-26 7:00:00 AM ICT,5.2
10-Mar-26 7:30:00 AM ICT,5.2
10-Mar-26 8:00:00 AM ICT,5.2
10-Mar-26 8:30:00 AM ICT,5.2
10-Mar-26 9:00:00 AM ICT,5.2
10-Mar-26 9:30:00 AM ICT,5.2
10-Mar-26 10:00:00 AM ICT,5.2
10-Mar-26 10:30:00 AM ICT,5.2
10-Mar-26 11:00:00 AM ICT,5.2
10-Mar-26 11:30:00 AM ICT,5.2
10-Mar-26 12:00:00 PM ICT,5.2
10-Mar-26 12:30:00 PM ICT,5.2
10-Mar-26 1:00:00 PM ICT,5.2
10-Mar-26 1:30:00 PM ICT,5.2
10-Mar-26 2:00:00 PM ICT,5.2
10-Mar-26 2:30:00 PM ICT,5.2
10-Mar-26 3:00:00 PM ICT,5.2
10-Mar-26 3:30:00 PM ICT,5.2
10-Mar-26 4:00:00 PM ICT,5.2
10-Mar-26 4:30:00 PM ICT,5.2
10-Mar-26 5:00:00 PM ICT,5.2
10-Mar-26 5:30:00 PM ICT,5.2
10-Mar-26 6:00:00 PM ICT,5.2
10-Mar-26 6:30:00 PM ICT,5.2
10-Mar-26 7:00:00 PM ICT,5.2
10-Mar-26 7:30:00 PM ICT,5.2
10-Mar-26 8:00:00 PM ICT,5.2
10-Mar-26 8:30:00 PM ICT,5.2
10-Mar-26 9:00:00 PM ICT,5.2
10-Mar-26 9:30:00 PM ICT,5.2
10-Mar-26 10:00:00 PM ICT,5.2
10-Mar-26 10:30:00 PM ICT,5.2
10-Mar-26 11:00:00 PM ICT,5.2
10-Mar-26 11:30:00 PM ICT,5.2
11-Mar-26 12:00:00 AM ICT,5.2
11-Mar-26 12:30:00 AM ICT,5.2
11-Mar-26 1:00:00 AM ICT,5.2
11-Mar-26 1:30:00 AM ICT,5.2
11-Mar-26 2:00:00 AM ICT,5.2
11-Mar-26 2:30:00 AM ICT,5.2
11-Mar-26 3:00:00 AM ICT,5.2
11-Mar-26 3:30:00 AM ICT,5.2
11-Mar-26 4:00:00 AM ICT,5.2
11-Mar-26 4:30:00 AM ICT,5.2
11-Mar-26 5:00:00 AM ICT,5.2
11-Mar-26 5:30:00 AM ICT,5.2
11-Mar-26 6:00:00 AM ICT,5.2
11-Mar-26 6:30:00 AM ICT,5.2
11-Mar-26 7:00:00 AM ICT,5.2
11-Mar-26 7:30:00 AM ICT,5.2
11-Mar-26 8:00:00 AM ICT,5.2
11-Mar-26 8:30:00 AM ICT,5.2
11-Mar-26 9:00:00 AM ICT,5.2
11-Mar-26 9:30:00 AM ICT,5.2
11-Mar-26 10:00:00 AM ICT,5.2
11-Mar-26 10:30:00 AM ICT,5.2
11-Mar-26 11:00:00 AM ICT,5.2
11-Mar-26 11:30:00 AM ICT,5.2
11-Mar-26 12:00:00 PM ICT,5.2
11-Mar-26 12:30:00 PM ICT,5.2
11-Mar-26 1:00:00 PM ICT,5.2
11-Mar-26 1:30:00 PM ICT,5.2
11-Mar-26 2:00:00 PM ICT,5.2
11-Mar-26 2:30:00 PM ICT,5.2
11-Mar-26 3:00:00 PM ICT,5.2
11-Mar-26 3:30:00 PM ICT,5.2
11-Mar-26 4:00:00 PM ICT,5.2
11-Mar-26 4:30:00 PM ICT,5.2
11-Mar-26 5:00:00 PM ICT,5.2
11-Mar-26 5:30:00 PM ICT,5.2
11-Mar-26 6:00:00 PM ICT,5.2
11-Mar-26 6:30:00 PM ICT,5.2
11-Mar-26 7:00:00 PM ICT,5.2
11-Mar-26 7:30:00 PM ICT,5.2
11-Mar-26 8:00:00 PM ICT,5.2
11-Mar-26 8:30:00 PM ICT,5.2
11-Mar-26 9:00:00 PM ICT,5.2
11-Mar-26 9:30:00 PM ICT,5.2
11-Mar-26 10:00:00 PM ICT,5.2
11-Mar-26 10:30:00 PM ICT,5.2
11-Mar-26 11:00:00 PM ICT,5.2
11-Mar-26 11:30:00 PM ICT,5.2
12-Mar-26 12:00:00 AM ICT,5.2
12-Mar-26 12:30:00 AM ICT,5.2
12-Mar-26 1:00:00 AM ICT,5.2
12-Mar-26 1:30:00 AM ICT,5.2
12-Mar-26 2:00:00 AM ICT,5.2
12-Mar-26 2:30:00 AM ICT,5.2
12-Mar-26 3:00:00 AM ICT,5.2
12-Mar-26 3:30:00 AM ICT,5.2
12-Mar-26 4:00:00 AM ICT,5.2
12-Mar-26 4:30:00 AM ICT,5.2
12-Mar-26 5:00:00 AM ICT,5.2
12-Mar-26 5:30:00 AM ICT,5.2
12-Mar-26 6:00:00 AM ICT,5.2
12-Mar-26 6:30:00 AM ICT,5.2
12-Mar-26 7:00:00 AM ICT,5.2
12-Mar-26 7:30:00 AM ICT,5.2
12-Mar-26 8:00:00 AM ICT,5.2
12-Mar-26 8:30:00 AM ICT,5.2
12-Mar-26 9:00:00 AM ICT,5.2
12-Mar-26 9:30:00 AM ICT,5.2
12-Mar-26 10:00:00 AM ICT,5.2
12-Mar-26 10:30:00 AM ICT,5.2
12-Mar-26 11:00:00 AM ICT,5.2
12-Mar-26 11:30:00 AM ICT,5.2
12-Mar-26 12:00:00 PM ICT,5.2
12-Mar-26 12:30:00 PM ICT,5.2
12-Mar-26 1:00:00 PM ICT,5.2
12-Mar-26 1:30:00 PM ICT,5.2
12-Mar-26 2:00:00 PM ICT,5.2
12-Mar-26 2:30:00 PM ICT,5.2
12-Mar-26 3:00:00 PM ICT,5.2
12-Mar-26 3:30:00 PM ICT,5.2
12-Mar-26 4:00:00 PM ICT,5.2
12-Mar-26 4:30:00 PM ICT,5.2
12-Mar-26 5:00:00 PM ICT,5.2
12-Mar-26 5:30:00 PM ICT,5.2
12-Mar-26 6:00:00 PM ICT,5.2
12-Mar-26 6:30:00 PM ICT,5.2
12-Mar-26 7:00:00 PM ICT,5.2
12-Mar-26 7:30:00 PM ICT,5.2
12-Mar-26 8:00:00 PM ICT,5.2
12-Mar-26 8:30:00 PM ICT,5.2
12-Mar-26 9:00:00 PM ICT,5.2
12-Mar-26 9:30:00 PM ICT,5.2
12-Mar-26 10:00:00 PM ICT,5.2
12-Mar-26 10:30:00 PM ICT,5.2
12-Mar-26 11:00:00 PM ICT,5.2
12-Mar-26 11:30:00 PM ICT,5.2
13-Mar-26 12:00:00 AM ICT,5.2
13-Mar-26 12:30:00 AM ICT,5.2
13-Mar-26 1:00:00 AM ICT,5.2
13-Mar-26 1:30:00 AM ICT,5.2
13-Mar-26 2:00:00 AM ICT,5.2
13-Mar-26 2:30:00 AM ICT,5.2
13-Mar-26 3:00:00 AM ICT,5.2
13-Mar-26 3:30:00 AM ICT,5.2
13-Mar-26 4:00:00 AM ICT,5.2
13-Mar-26 4:30:00 AM ICT,5.2
13-Mar-26 5:00:00 AM ICT,5.2
13-Mar-26 5:30:00 AM ICT,5.2
13-Mar-26 6:00:00 AM ICT,5.2
13-Mar-26 6:30:00 AM ICT,5.2
13-Mar-26 7:00:00 AM ICT,5.2
13-Mar-26 7:30:00 AM ICT,5.2
13-Mar-26 8:00:00 AM ICT,5.2
13-Mar-26 8:30:00 AM ICT,5.2
13-Mar-26 9:00:00 AM ICT,5.2
13-Mar-26 9:30:00 AM ICT,5.2
13-Mar-26 10:00:00 AM ICT,5.2
13-Mar-26 10:30:00 AM ICT,5.2
13-Mar-26 11:00:00 AM ICT,5.2
13-Mar-26 11:30:00 AM ICT,5.2
13-Mar-26 12:00:00 PM ICT,5.2
13-Mar-26 12:30:00 PM ICT,5.2
13-Mar-26 1:00:00 PM ICT,5.2
13-Mar-26 1:30:00 PM ICT,5.2
13-Mar-26 2:00:00 PM ICT,5.2
13-Mar-26 2:30:00 PM ICT,5.2
13-Mar-26 3:00:00 PM ICT,5.2
13-Mar-26 3:30:00 PM ICT,5.2
13-Mar-26 4:00:00 PM ICT,5.2
13-Mar-26 4:30:00 PM ICT,5.2
13-Mar-26 5:00:00 PM ICT,5.2
13-Mar-26 5:30:00 PM ICT,5.2
13-Mar-26 6:00:00 PM ICT,5.2
13-Mar-26 6:30:00 PM ICT,5.2
13-Mar-26 7:00:00 PM ICT,5.2
13-Mar-26 7:30:00 PM ICT,5.2
13-Mar-26 8:00:00 PM ICT,5.2
13-Mar-26 8:30:00 PM ICT,5.2
13-Mar-26 9:00:00 PM ICT,5.2
13-Mar-26 9:30:00 PM ICT,5.2
13-Mar-26 10:00:00 PM ICT,5.2
13-Mar-26 10:30:00 PM ICT,5.2
13-Mar-26 11:00:00 PM ICT,5.2
13-Mar-26 11:30:00 PM ICT,5.2
14-Mar-26 12:00:00 AM ICT,5.2
14-Mar-26 12:30:00 AM ICT,5.2
14-Mar-26 1:00:00 AM ICT,5.2
14-Mar-26 1:30:00 AM ICT,5.2
14-Mar-26 2:00:00 AM ICT,5.2
14-Mar-26 2:30:00 AM ICT,5.2
14-Mar-26 3:00:00 AM ICT,5.2
14-Mar-26 3:30:00 AM ICT,5.2
14-Mar-26 4:00:00 AM ICT,5.2
14-Mar-26 4:30:00 AM ICT,5.2
14-Mar-26 5:00:00 AM ICT,5.2
14-Mar-26 5:30:00 AM ICT,5.2
14-Mar-26 6:00:00 AM ICT,5.2
14-Mar-26 6:30:00 AM ICT,5.2
14-Mar-26 7:00:00 AM ICT,5.2
14-Mar-26 7:30:00 AM ICT,5.2
14-Mar-26 8:00:00 AM ICT,5.2
14-Mar-26 8:30:00 AM ICT,5.2
14-Mar-26 9:00:00 AM ICT,5.2
14-Mar-26 9:30:00 AM ICT,5.2
14-Mar-26 10:00:00 AM ICT,5.2
14-Mar-26 10:30:00 AM ICT,5.2
14-Mar-26 11:00:00 AM ICT,5.2
14-Mar-26 11:30:00 AM ICT,5.2
14-Mar-26 12:00:00 PM ICT,5.2
14-Mar-26 12:30:00 PM ICT,5.2
14-Mar-26 1:00:00 PM ICT,5.2
14-Mar-26 1:30:00 PM ICT,5.2
14-Mar-26 2:00:00 PM ICT,5.2
14-Mar-26 2:30:00 PM ICT,5.2
14-Mar-26 3:00:00 PM ICT,5.2
14-Mar-26 3:30:00 PM ICT,5.2
14-Mar-26 4:00:00 PM ICT,5.2
14-Mar-26 4:30:00 PM ICT,5.2
14-Mar-26 5:00:00 PM ICT,5.2
14-Mar-26 5:30:00 PM ICT,5.2
14-Mar-26 6:00:00 PM ICT,5.2
14-Mar-26 6:30:00 PM ICT,5.2
14-Mar-26 7:00:00 PM ICT,5.2
14-Mar-26 7:30:00 PM ICT,5.2
14-Mar-26 8:00:00 PM ICT,5.2
14-Mar-26 8:30:00 PM ICT,5.2
14-Mar-26 9:00:00 PM ICT,5.2
14-Mar-26 9:30:00 PM ICT,5.2
14-Mar-26 10:00:00 PM ICT,5.2
14-Mar-26 10:30:00 PM ICT,5.2
14-Mar-26 11:00:00 PM ICT,5.2
14-Mar-26 11:30:00 PM ICT,5.2
15-Mar-26 12:00:00 AM ICT,5.2
15-Mar-26 12:30:00 AM ICT,5.2
15-Mar-26 1:00:00 AM ICT,5.2
15-Mar-26 1:30:00 AM ICT,5.2
15-Mar-26 2:00:00 AM ICT,5.2
15-Mar-26 2:30:00 AM ICT,5.2
15-Mar-26 3:00:00 AM ICT,5.2
15-Mar-26 3:30:00 AM ICT,5.2
15-Mar-26 4:00:00 AM ICT,5.2
15-Mar-26 4:30:00 AM ICT,5.2
15-Mar-26 5:00:00 AM ICT,5.2
15-Mar-26 5:30:00 AM ICT,5.2
15-Mar-26 6:00:00 AM ICT,5.2
15-Mar-26 6:30:00 AM ICT,5.2
15-Mar-26 7:00:00 AM ICT,5.2
15-Mar-26 7:30:00 AM ICT,5.2
15-Mar-26 8:00:00 AM ICT,5.2
15-Mar-26 8:30:00 AM ICT,5.2
15-Mar-26 9:00:00 AM ICT,5.2
15-Mar-26 9:30:00 AM ICT,5.2
15-Mar-26 10:00:00 AM ICT,5.2
15-Mar-26 10:30:00 AM ICT,5.2
15-Mar-26 11:00:00 AM ICT,5.2
15-Mar-26 11:30:00 AM ICT,5.2
15-Mar-26 12:00:00 PM ICT,5.2
15-Mar-26 12:30:00 PM ICT,5.2
15-Mar-26 1:00:00 PM ICT,5.2
15-Mar-26 1:30:00 PM ICT,5.2
15-Mar-26 2:00:00 PM ICT,5.2
15-Mar-26 2:30:00 PM ICT,5.2
15-Mar-26 3:00:00 PM ICT,5.2
15-Mar-26 3:30:00 PM ICT,5.2
15-Mar-26 4:00:00 PM ICT,5.2
15-Mar-26 4:30:00 PM ICT,5.2
15-Mar-26 5:00:00 PM ICT,5.2
15-Mar-26 5:30:00 PM ICT,5.2
15-Mar-26 6:00:00 PM ICT,5.2
15-Mar-26 6:30:00 PM ICT,5.2
15-Mar-26 7:00:00 PM ICT,5.2
15-Mar-26 7:30:00 PM ICT,5.2
15-Mar-26 8:00:00 PM ICT,5.2
15-Mar-26 8:30:00 PM ICT,5.2
15-Mar-26 9:00:00 PM ICT,5.2
15-Mar-26 9:30:00 PM ICT,5.2
15-Mar-26 10:00:00 PM ICT,5.2
15-Mar-26 10:30:00 PM ICT,5.2
15-Mar-26 11:00:00 PM ICT,5.2
15-Mar-26 11:30:00 PM ICT,5.2
16-Mar-26 12:00:00 AM ICT,5.2
16-Mar-26 12:30:00 AM ICT,5.2
16-Mar-26 1:00:00 AM ICT,5.2
16-Mar-26 1:30:00 AM ICT,5.2
16-Mar-26 2:00:00 AM ICT,5.2
16-Mar-26 2:30:00 AM ICT,5.2
16-Mar-26 3:00:00 AM ICT,5.2
16-Mar-26 3:30:00 AM ICT,5.2
16-Mar-26 4:00:00 AM ICT,5.2
16-Mar-26 4:30:00 AM ICT,5.2
16-Mar-26 5:00:00 AM ICT,5.2
16-Mar-26 5:30:00 AM ICT,5.2
16-Mar-26 6:00:00 AM ICT,5.2
16-Mar-26 6:30:00 AM ICT,5.2
16-Mar-26 7:00:00 AM ICT,5.2
16-Mar-26 7:30:00 AM ICT,5.2
16-Mar-26 8:00:00 AM ICT,5.2
16-Mar-26 8:30:00 AM ICT,5.2
16-Mar-26 9:00:00 AM ICT,5.2
16-Mar-26 9:30:00 AM ICT,5.2
16-Mar-26 10:00:00 AM ICT,5.2
16-Mar-26 10:30:00 AM ICT,5.2
16-Mar-26 11:00:00 AM ICT,5.2
16-Mar-26 11:30:00 AM ICT,5.2
16-Mar-26 12:00:00 PM ICT,5.2
16-Mar-26 12:30:00 PM ICT,5.2
16-Mar-26 1:00:00 PM ICT,5.2
16-Mar-26 1:30:00 PM ICT,5.2
16-Mar-26 2:00:00 PM ICT,5.2
16-Mar-26 2:30:00 PM ICT,5.2
16-Mar-26 3:00:00 PM ICT,5.2
16-Mar-26 3:30:00 PM ICT,5.2
16-Mar-26 4:00:00 PM ICT,5.2
16-Mar-26 4:30:00 PM ICT,5.2
16-Mar-26 5:00:00 PM ICT,5.2
16-Mar-26 5:30:00 PM ICT,5.2
16-Mar-26 6:00:00 PM ICT,5.2
16-Mar-26 6:30:00 PM ICT,5.2
16-Mar-26 7:00:00 PM ICT,5.2
16-Mar-26 7:30:00 PM ICT,5.2
16-Mar-26 8:00:00 PM ICT,5.2
16-Mar-26 8:30:00 PM ICT,5.2
16-Mar-26 9:00:00 PM ICT,5.2
16-Mar-26 9:30:00 PM ICT,5.2
16-Mar-26 10:00:00 PM ICT,5.2
16-Mar-26 10:30:00 PM ICT,5.2
16-Mar-26 11:00:00 PM ICT,5.2
16-Mar-26 11:30:00 PM ICT,5.2
17-Mar-26 12:00:00 AM ICT,5.2
17-Mar-26 12:30:00 AM ICT,5.2
17-Mar-26 1:00:00 AM ICT,5.2
17-Mar-26 1:30:00 AM ICT,5.2
17-Mar-26 2:00:00 AM ICT,5.2
17-Mar-26 2:30:00 AM ICT,5.2
17-Mar-26 3:00:00 AM ICT,5.2
17-Mar-26 3:30:00 AM ICT,5.2
17-Mar-26 4:00:00 AM ICT,5.2
17-Mar-26 4:30:00 AM ICT,5.2
17-Mar-26 5:00:00 AM ICT,5.2
17-Mar-26 5:30:00 AM ICT,5.2
17-Mar-26 6:00:00 AM ICT,5.2
17-Mar-26 6:30:00 AM ICT,5.2
17-Mar-26 7:00:00 AM ICT,5.2
17-Mar-26 7:30:00 AM ICT,5.2
17-Mar-26 8:00:00 AM ICT,5.2
17-Mar-26 8:30:00 AM ICT,5.2
17-Mar-26 9:00:00 AM ICT,5.2
17-Mar-26 9:30:00 AM ICT,5.2
17-Mar-26 10:00:00 AM ICT,5.2
17-Mar-26 10:30:00 AM ICT,5.2
17-Mar-26 11:00:00 AM ICT,5.2
17-Mar-26 11:30:00 AM ICT,5.2
17-Mar-26 12:00:00 PM ICT,5.2
17-Mar-26 12:30:00 PM ICT,5.2
17-Mar-26 1:00:00 PM ICT,5.2
17-Mar-26 1:30:00 PM ICT,5.2
17-Mar-26 2:00:00 PM ICT,5.2
17-Mar-26 2:30:00 PM ICT,5.2
17-Mar-26 3:00:00 PM ICT,5.2
17-Mar-26 3:30:00 PM ICT,5.2
17-Mar-26 4:00:00 PM ICT,5.2
17-Mar-26 4:30:00 PM ICT,5.2
17-Mar-26 5:00:00 PM ICT,5.2
17-Mar-26 5:30:00 PM ICT,5.2
17-Mar-26 6:00:00 PM ICT,5.2
17-Mar-26 6:30:00 PM ICT,5.2
17-Mar-26 7:00:00 PM ICT,5.2
17-Mar-26 7:30:00 PM ICT,5.2
17-Mar-26 8:00:00 PM ICT,5.2
17-Mar-26 8:30:00 PM ICT,5.2
17-Mar-26 9:00:00 PM ICT,5.2
17-Mar-26 9:30:00 PM ICT,5.2
17-Mar-26 10:00:00 PM ICT,5.2
17-Mar-26 10:30:00 PM ICT,5.2
17-Mar-26 11:00:00 PM ICT,5.2
17-Mar-26 11:30:00 PM ICT,5.2
18-Mar-26 12:00:00 AM ICT,5.2
18-Mar-26 12:30:00 AM ICT,5.2
18-Mar-26 1:00:00 AM ICT,5.2
18-Mar-26 1:30:00 AM ICT,5.2
18-Mar-26 2:00:00 AM ICT,5.2
18-Mar-26 2:30:00 AM ICT,5.2
18-Mar-26 3:00:00 AM ICT,5.2
18-Mar-26 3:30:00 AM ICT,5.2
18-Mar-26 4:00:00 AM ICT,5.2
18-Mar-26 4:30:00 AM ICT,5.2
18-Mar-26 5:00:00 AM ICT,5.2
18-Mar-26 5:30:00 AM ICT,5.2
18-Mar-26 6:00:00 AM ICT,5.2
18-Mar-26 6:30:00 AM ICT,5.2
18-Mar-26 7:00:00 AM ICT,5.2
18-Mar-26 7:30:00 AM ICT,5.2
18-Mar-26 8:00:00 AM ICT,5.2
18-Mar-26 8:30:00 AM ICT,5.2
18-Mar-26 9:00:00 AM ICT,5.2
18-Mar-26 9:30:00 AM ICT,5.2
18-Mar-26 10:00:00 AM ICT,5.2
18-Mar-26 10:30:00 AM ICT,5.2
18-Mar-26 11:00:00 AM ICT,5.2
18-Mar-26 11:30:00 AM ICT,5.2
18-Mar-26 12:00:00 PM ICT,5.2
18-Mar-26 12:30:00 PM ICT,5.2
18-Mar-26 1:00:00 PM ICT,5.2
18-Mar-26 1:30:00 PM ICT,5.2
18-Mar-26 2:00:00 PM ICT,5.2
18-Mar-26 2:30:00 PM ICT,5.2
18-Mar-26 3:00:00 PM ICT,5.2
18-Mar-26 3:30:00 PM ICT,5.2
18-Mar-26 4:00:00 PM ICT,5.2
18-Mar-26 4:30:00 PM ICT,5.2
18-Mar-26 5:00:00 PM ICT,5.2
18-Mar-26 5:30:00 PM ICT,5.2
18-Mar-26 6:00:00 PM ICT,5.2
18-Mar-26 6:30:00 PM ICT,5.2
18-Mar-26 7:00:00 PM ICT,5.2
18-Mar-26 7:30:00 PM ICT,5.2
18-Mar-26 8:00:00 PM ICT,5.2
18-Mar-26 8:30:00 PM ICT,5.2
18-Mar-26 9:00:00 PM ICT,5.2
18-Mar-26 9:30:00 PM ICT,5.2
18-Mar-26 10:00:00 PM ICT,5.2
18-Mar-26 10:30:00 PM ICT,5.2
18-Mar-26 11:00:00 PM ICT,5.2
18-Mar-26 11:30:00 PM ICT,5.2
19-Mar-26 12:00:00 AM ICT,5.2
19-Mar-26 12:30:00 AM ICT,5.2
19-Mar-26 1:00:00 AM ICT,5.2
19-Mar-26 1:30:00 AM ICT,5.2
19-Mar-26 2:00:00 AM ICT,5.2
19-Mar-26 2:30:00 AM ICT,5.2
19-Mar-26 3:00:00 AM ICT,5.2
19-Mar-26 3:30:00 AM ICT,5.2
19-Mar-26 4:00:00 AM ICT,5.2
19-Mar-26 4:30:00 AM ICT,5.2
19-Mar-26 5:00:00 AM ICT,5.2
19-Mar-26 5:30:00 AM ICT,5.2
19-Mar-26 6:00:00 AM ICT,5.2
19-Mar-26 6:30:00 AM ICT,5.2
19-Mar-26 7:00:00 AM ICT,5.2
19-Mar-26 7:30:00 AM ICT,5.2
19-Mar-26 8:00:00 AM ICT,5.2
19-Mar-26 8:30:00 AM ICT,5.2
19-Mar-26 9:00:00 AM ICT,5.2
19-Mar-26 9:30:00 AM ICT,5.2