Timestamp,PT102ROWaterSupply_Pres(bar)
30-Jan-26 10:30:00 PM ICT,6.5
30-Jan-26 11:00:00 PM ICT,6.5
30-Jan-26 11:30:00 PM ICT,6.5
31-Jan-26 12:00:00 AM ICT,6.5
31-Jan-26 12:30:00 AM ICT,6.5
31-Jan-26 1:00:00 AM ICT,6.5
31-Jan-26 1:30:00 AM ICT,6.5
31-Jan-26 2:00:00 AM ICT,6.5
31-Jan-26 2:30:00 AM ICT,6.5
31-Jan-26 3:00:00 AM ICT,6.5
31-Jan-26 3:30:00 AM ICT,6.5
31-Jan-26 4:00:00 AM ICT,6.5
31-Jan-26 4:30:00 AM ICT,6.5
31-Jan-26 5:00:00 AM ICT,6.5
31-Jan-26 5:30:00 AM ICT,6.5
31-Jan-26 6:00:00 AM ICT,6.5
31-Jan-26 6:30:00 AM ICT,6.5
31-Jan-26 7:00:00 AM ICT,5.2
31-Jan-26 7:30:00 AM ICT,3.6
31-Jan-26 8:00:00 AM ICT,6.3
31-Jan-26 8:30:00 AM ICT,4.8
31-Jan-26 9:00:00 AM ICT,3.3
31-Jan-26 9:30:00 AM ICT,6.4
31-Jan-26 10:00:00 AM ICT,4.6
31-Jan-26 10:30:00 AM ICT,3.8
31-Jan-26 11:00:00 AM ICT,6.2
31-Jan-26 11:30:00 AM ICT,6.0
31-Jan-26 12:00:00 PM ICT,4.7
31-Jan-26 12:30:00 PM ICT,3.8
31-Jan-26 1:00:00 PM ICT,4.8
31-Jan-26 1:30:00 PM ICT,6.4
31-Jan-26 2:00:00 PM ICT,4.9
31-Jan-26 2:30:00 PM ICT,4.1
31-Jan-26 3:00:00 PM ICT,4.9
31-Jan-26 3:30:00 PM ICT,6.3
31-Jan-26 4:00:00 PM ICT,5.6
31-Jan-26 4:30:00 PM ICT,4.3
31-Jan-26 5:00:00 PM ICT,3.7
31-Jan-26 5:30:00 PM ICT,6.2
31-Jan-26 6:00:00 PM ICT,6.4
31-Jan-26 6:30:00 PM ICT,4.7
31-Jan-26 7:00:00 PM ICT,5.3
31-Jan-26 7:30:00 PM ICT,6.5
31-Jan-26 8:00:00 PM ICT,6.5
31-Jan-26 8:30:00 PM ICT,6.5
31-Jan-26 9:00:00 PM ICT,6.5
31-Jan-26 9:30:00 PM ICT,6.5
31-Jan-26 10:00:00 PM ICT,6.5
31-Jan-26 10:30:00 PM ICT,6.5
31-Jan-26 11:00:00 PM ICT,6.5
31-Jan-26 11:30:00 PM ICT,6.5
01-Feb-26 12:00:00 AM ICT,6.5
01-Feb-26 12:30:00 AM ICT,6.5
01-Feb-26 1:00:00 AM ICT,6.5
01-Feb-26 1:30:00 AM ICT,6.5
01-Feb-26 2:00:00 AM ICT,6.5
01-Feb-26 2:30:00 AM ICT,6.5
01-Feb-26 3:00:00 AM ICT,6.5
01-Feb-26 3:30:00 AM ICT,6.5
01-Feb-26 4:00:00 AM ICT,6.5
01-Feb-26 4:30:00 AM ICT,6.5
01-Feb-26 5:00:00 AM ICT,6.5
01-Feb-26 5:30:00 AM ICT,6.5
01-Feb-26 6:00:00 AM ICT,6.5
01-Feb-26 6:30:00 AM ICT,6.5
01-Feb-26 7:00:00 AM ICT,6.5
01-Feb-26 7:30:00 AM ICT,6.5
01-Feb-26 8:00:00 AM ICT,6.5
01-Feb-26 8:30:00 AM ICT,6.5
01-Feb-26 9:00:00 AM ICT,6.5
01-Feb-26 9:30:00 AM ICT,6.5
01-Feb-26 10:00:00 AM ICT,6.5
01-Feb-26 10:30:00 AM ICT,6.5
01-Feb-26 11:00:00 AM ICT,6.5
01-Feb-26 11:30:00 AM ICT,6.5
01-Feb-26 12:00:00 PM ICT,6.5
01-Feb-26 12:30:00 PM ICT,6.5
01-Feb-26 1:00:00 PM ICT,6.5
01-Feb-26 1:30:00 PM ICT,6.5
01-Feb-26 2:00:00 PM ICT,6.5
01-Feb-26 2:30:00 PM ICT,6.5
01-Feb-26 3:00:00 PM ICT,6.5
01-Feb-26 3:30:00 PM ICT,6.5
01-Feb-26 4:00:00 PM ICT,6.5
01-Feb-26 4:30:00 PM ICT,6.5
01-Feb-26 5:00:00 PM ICT,6.5
01-Feb-26 5:30:00 PM ICT,6.5
01-Feb-26 6:00:00 PM ICT,6.5
01-Feb-26 6:30:00 PM ICT,6.5
01-Feb-26 7:00:00 PM ICT,5.1
01-Feb-26 7:30:00 PM ICT,2.8
01-Feb-26 8:00:00 PM ICT,6.3
01-Feb-26 8:30:00 PM ICT,4.6
01-Feb-26 9:00:00 PM ICT,4.9
01-Feb-26 9:30:00 PM ICT,6.3
01-Feb-26 10:00:00 PM ICT,4.2
01-Feb-26 10:30:00 PM ICT,4.8
01-Feb-26 11:00:00 PM ICT,5.9
01-Feb-26 11:30:00 PM ICT,4.2
02-Feb-26 12:00:00 AM ICT,4.8
02-Feb-26 12:30:00 AM ICT,5.8
02-Feb-26 1:00:00 AM ICT,4.2
02-Feb-26 1:30:00 AM ICT,4.8
02-Feb-26 2:00:00 AM ICT,5.8
02-Feb-26 2:30:00 AM ICT,4.0
02-Feb-26 3:00:00 AM ICT,4.8
02-Feb-26 3:30:00 AM ICT,5.7
02-Feb-26 4:00:00 AM ICT,3.8
02-Feb-26 4:30:00 AM ICT,6.1
02-Feb-26 5:00:00 AM ICT,5.0
02-Feb-26 5:30:00 AM ICT,3.6
02-Feb-26 6:00:00 AM ICT,6.3
02-Feb-26 6:30:00 AM ICT,4.8
02-Feb-26 7:00:00 AM ICT,5.0
02-Feb-26 7:30:00 AM ICT,6.5
02-Feb-26 8:00:00 AM ICT,6.5
02-Feb-26 8:30:00 AM ICT,6.5
02-Feb-26 9:00:00 AM ICT,6.5
02-Feb-26 9:30:00 AM ICT,6.5
02-Feb-26 10:00:00 AM ICT,6.5
02-Feb-26 10:30:00 AM ICT,6.5
02-Feb-26 11:00:00 AM ICT,6.5
02-Feb-26 11:30:00 AM ICT,6.5
02-Feb-26 12:00:00 PM ICT,6.5
02-Feb-26 12:30:00 PM ICT,6.5
02-Feb-26 1:00:00 PM ICT,6.5
02-Feb-26 1:30:00 PM ICT,6.5
02-Feb-26 2:00:00 PM ICT,6.5
02-Feb-26 2:30:00 PM ICT,6.5
02-Feb-26 3:00:00 PM ICT,6.5
02-Feb-26 3:30:00 PM ICT,6.5
02-Feb-26 4:00:00 PM ICT,6.5
02-Feb-26 4:30:00 PM ICT,6.5
02-Feb-26 5:00:00 PM ICT,6.5
02-Feb-26 5:30:00 PM ICT,6.5
02-Feb-26 6:00:00 PM ICT,6.5
02-Feb-26 6:30:00 PM ICT,6.5
02-Feb-26 7:00:00 PM ICT,5.5
02-Feb-26 7:30:00 PM ICT,2.2
02-Feb-26 8:00:00 PM ICT,6.6
02-Feb-26 8:30:00 PM ICT,5.0
02-Feb-26 9:00:00 PM ICT,2.5
02-Feb-26 9:30:00 PM ICT,6.6
02-Feb-26 10:00:00 PM ICT,5.7
02-Feb-26 10:30:00 PM ICT,2.5
02-Feb-26 11:00:00 PM ICT,6.5
02-Feb-26 11:30:00 PM ICT,6.5
03-Feb-26 12:00:00 AM ICT,6.5
03-Feb-26 12:30:00 AM ICT,6.5
03-Feb-26 1:00:00 AM ICT,6.5
03-Feb-26 1:30:00 AM ICT,6.5
03-Feb-26 2:00:00 AM ICT,6.5
03-Feb-26 2:30:00 AM ICT,6.5
03-Feb-26 3:00:00 AM ICT,6.5
03-Feb-26 3:30:00 AM ICT,6.5
03-Feb-26 4:00:00 AM ICT,6.5
03-Feb-26 4:30:00 AM ICT,6.5
03-Feb-26 5:00:00 AM ICT,6.5
03-Feb-26 5:30:00 AM ICT,6.5
03-Feb-26 6:00:00 AM ICT,6.5
03-Feb-26 6:30:00 AM ICT,6.5
03-Feb-26 7:00:00 AM ICT,6.5
03-Feb-26 7:30:00 AM ICT,6.5
03-Feb-26 8:00:00 AM ICT,6.5
03-Feb-26 8:30:00 AM ICT,6.5
03-Feb-26 9:00:00 AM ICT,6.5
03-Feb-26 9:30:00 AM ICT,6.5
03-Feb-26 10:00:00 AM ICT,6.5
03-Feb-26 10:30:00 AM ICT,6.5
03-Feb-26 11:00:00 AM ICT,6.5
03-Feb-26 11:30:00 AM ICT,6.5
03-Feb-26 12:00:00 PM ICT,6.5
03-Feb-26 12:30:00 PM ICT,6.5
03-Feb-26 1:00:00 PM ICT,6.5
03-Feb-26 1:30:00 PM ICT,6.5
03-Feb-26 2:00:00 PM ICT,6.5
03-Feb-26 2:30:00 PM ICT,6.5
03-Feb-26 3:00:00 PM ICT,6.5
03-Feb-26 3:30:00 PM ICT,6.5
03-Feb-26 4:00:00 PM ICT,6.5
03-Feb-26 4:30:00 PM ICT,6.5
03-Feb-26 5:00:00 PM ICT,6.5
03-Feb-26 5:30:00 PM ICT,6.5
03-Feb-26 6:00:00 PM ICT,6.5
03-Feb-26 6:30:00 PM ICT,6.5
03-Feb-26 7:00:00 PM ICT,5.7
03-Feb-26 7:30:00 PM ICT,3.4
03-Feb-26 8:00:00 PM ICT,6.5
03-Feb-26 8:30:00 PM ICT,4.2
03-Feb-26 9:00:00 PM ICT,5.6
03-Feb-26 9:30:00 PM ICT,6.1
03-Feb-26 10:00:00 PM ICT,3.7
03-Feb-26 10:30:00 PM ICT,2.5
03-Feb-26 11:00:00 PM ICT,5.0
03-Feb-26 11:30:00 PM ICT,6.5
04-Feb-26 12:00:00 AM ICT,6.0
04-Feb-26 12:30:00 AM ICT,4.5
04-Feb-26 1:00:00 AM ICT,4.0
04-Feb-26 1:30:00 AM ICT,4.9
04-Feb-26 2:00:00 AM ICT,5.2
04-Feb-26 2:30:00 AM ICT,3.5
04-Feb-26 3:00:00 AM ICT,4.0
04-Feb-26 3:30:00 AM ICT,6.5
04-Feb-26 4:00:00 AM ICT,4.2
04-Feb-26 4:30:00 AM ICT,4.3
04-Feb-26 5:00:00 AM ICT,6.5
04-Feb-26 5:30:00 AM ICT,5.4
04-Feb-26 6:00:00 AM ICT,3.6
04-Feb-26 6:30:00 AM ICT,4.7
04-Feb-26 7:00:00 AM ICT,6.5
04-Feb-26 7:30:00 AM ICT,6.5
04-Feb-26 8:00:00 AM ICT,6.5
04-Feb-26 8:30:00 AM ICT,6.5
04-Feb-26 9:00:00 AM ICT,6.5
04-Feb-26 9:30:00 AM ICT,6.5
04-Feb-26 10:00:00 AM ICT,6.5
04-Feb-26 10:30:00 AM ICT,6.5
04-Feb-26 11:00:00 AM ICT,6.5
04-Feb-26 11:30:00 AM ICT,6.5
04-Feb-26 12:00:00 PM ICT,6.5
04-Feb-26 12:30:00 PM ICT,6.5
04-Feb-26 1:00:00 PM ICT,6.5
04-Feb-26 1:30:00 PM ICT,6.5
04-Feb-26 2:00:00 PM ICT,6.5
04-Feb-26 2:30:00 PM ICT,6.5
04-Feb-26 3:00:00 PM ICT,6.5
04-Feb-26 3:30:00 PM ICT,6.5
04-Feb-26 4:00:00 PM ICT,6.5
04-Feb-26 4:30:00 PM ICT,6.5
04-Feb-26 5:00:00 PM ICT,6.5
04-Feb-26 5:30:00 PM ICT,6.5
04-Feb-26 6:00:00 PM ICT,6.5
04-Feb-26 6:30:00 PM ICT,6.5
04-Feb-26 7:00:00 PM ICT,5.3
04-Feb-26 7:30:00 PM ICT,2.0
04-Feb-26 8:00:00 PM ICT,6.6
04-Feb-26 8:30:00 PM ICT,4.3
04-Feb-26 9:00:00 PM ICT,4.2
04-Feb-26 9:30:00 PM ICT,5.0
04-Feb-26 10:00:00 PM ICT,6.0
04-Feb-26 10:30:00 PM ICT,2.4
04-Feb-26 11:00:00 PM ICT,3.0
04-Feb-26 11:30:00 PM ICT,4.2
05-Feb-26 12:00:00 AM ICT,5.2
05-Feb-26 12:30:00 AM ICT,2.5
05-Feb-26 1:00:00 AM ICT,6.5
05-Feb-26 1:30:00 AM ICT,4.1
05-Feb-26 2:00:00 AM ICT,5.0
05-Feb-26 2:30:00 AM ICT,5.7
05-Feb-26 3:00:00 AM ICT,3.1
05-Feb-26 3:30:00 AM ICT,4.2
05-Feb-26 4:00:00 AM ICT,4.3
05-Feb-26 4:30:00 AM ICT,5.4
05-Feb-26 5:00:00 AM ICT,5.8
05-Feb-26 5:30:00 AM ICT,4.3
05-Feb-26 6:00:00 AM ICT,6.3
05-Feb-26 6:30:00 AM ICT,7.9
05-Feb-26 7:00:00 AM ICT,7.9
05-Feb-26 7:30:00 AM ICT,8.1
05-Feb-26 8:00:00 AM ICT,7.3
05-Feb-26 8:30:00 AM ICT,3.0
05-Feb-26 9:00:00 AM ICT,2.3
05-Feb-26 9:30:00 AM ICT,6.5
05-Feb-26 10:00:00 AM ICT,6.5
05-Feb-26 10:30:00 AM ICT,6.5
05-Feb-26 11:00:00 AM ICT,6.5
05-Feb-26 11:30:00 AM ICT,6.5
05-Feb-26 12:00:00 PM ICT,6.5
05-Feb-26 12:30:00 PM ICT,6.5
05-Feb-26 1:00:00 PM ICT,6.5
05-Feb-26 1:30:00 PM ICT,6.5
05-Feb-26 2:00:00 PM ICT,6.5
05-Feb-26 2:30:00 PM ICT,6.5
05-Feb-26 3:00:00 PM ICT,6.5
05-Feb-26 3:30:00 PM ICT,6.5
05-Feb-26 4:00:00 PM ICT,6.5
05-Feb-26 4:30:00 PM ICT,6.5
05-Feb-26 5:00:00 PM ICT,6.5
05-Feb-26 5:30:00 PM ICT,6.5
05-Feb-26 6:00:00 PM ICT,6.5
05-Feb-26 6:30:00 PM ICT,6.5
05-Feb-26 7:00:00 PM ICT,6.5
05-Feb-26 7:30:00 PM ICT,6.5
05-Feb-26 8:00:00 PM ICT,6.5
05-Feb-26 8:30:00 PM ICT,6.5
05-Feb-26 9:00:00 PM ICT,5.1
05-Feb-26 9:30:00 PM ICT,6.5
05-Feb-26 10:00:00 PM ICT,6.5
05-Feb-26 10:30:00 PM ICT,6.5
05-Feb-26 11:00:00 PM ICT,6.5
05-Feb-26 11:30:00 PM ICT,6.5
06-Feb-26 12:00:00 AM ICT,6.5
06-Feb-26 12:30:00 AM ICT,6.5
06-Feb-26 1:00:00 AM ICT,6.5
06-Feb-26 1:30:00 AM ICT,6.5
06-Feb-26 2:00:00 AM ICT,6.5
06-Feb-26 2:30:00 AM ICT,6.5
06-Feb-26 3:00:00 AM ICT,6.5
06-Feb-26 3:30:00 AM ICT,6.5
06-Feb-26 4:00:00 AM ICT,6.5
06-Feb-26 4:30:00 AM ICT,6.5
06-Feb-26 5:00:00 AM ICT,6.5
06-Feb-26 5:30:00 AM ICT,6.5
06-Feb-26 6:00:00 AM ICT,6.5
06-Feb-26 6:30:00 AM ICT,6.5
06-Feb-26 7:00:00 AM ICT,7.3
06-Feb-26 7:30:00 AM ICT,6.5
06-Feb-26 8:00:00 AM ICT,4.2
06-Feb-26 8:30:00 AM ICT,3.8
06-Feb-26 9:00:00 AM ICT,5.9
06-Feb-26 9:30:00 AM ICT,5.5
06-Feb-26 10:00:00 AM ICT,6.5
06-Feb-26 10:30:00 AM ICT,6.5
06-Feb-26 11:00:00 AM ICT,6.5
06-Feb-26 11:30:00 AM ICT,6.5
06-Feb-26 12:00:00 PM ICT,6.5
06-Feb-26 12:30:00 PM ICT,6.5
06-Feb-26 1:00:00 PM ICT,6.5
06-Feb-26 1:30:00 PM ICT,6.5
06-Feb-26 2:00:00 PM ICT,6.5
06-Feb-26 2:30:00 PM ICT,6.5
06-Feb-26 3:00:00 PM ICT,6.5
06-Feb-26 3:30:00 PM ICT,6.5
06-Feb-26 4:00:00 PM ICT,6.5
06-Feb-26 4:30:00 PM ICT,6.5
06-Feb-26 5:00:00 PM ICT,6.5
06-Feb-26 5:30:00 PM ICT,6.5
06-Feb-26 6:00:00 PM ICT,6.5
06-Feb-26 6:30:00 PM ICT,6.5
06-Feb-26 7:00:00 PM ICT,6.5
06-Feb-26 7:30:00 PM ICT,6.5
06-Feb-26 8:00:00 PM ICT,6.5
06-Feb-26 8:30:00 PM ICT,6.5
06-Feb-26 9:00:00 PM ICT,6.5
06-Feb-26 9:30:00 PM ICT,5.8
06-Feb-26 10:00:00 PM ICT,4.0
06-Feb-26 10:30:00 PM ICT,4.5
06-Feb-26 11:00:00 PM ICT,6.5
06-Feb-26 11:30:00 PM ICT,3.9
07-Feb-26 12:00:00 AM ICT,4.5
07-Feb-26 12:30:00 AM ICT,3.8
07-Feb-26 1:00:00 AM ICT,6.7
07-Feb-26 1:30:00 AM ICT,6.4
07-Feb-26 2:00:00 AM ICT,3.8
07-Feb-26 2:30:00 AM ICT,2.3
07-Feb-26 3:00:00 AM ICT,4.4
07-Feb-26 3:30:00 AM ICT,6.0
07-Feb-26 4:00:00 AM ICT,6.5
07-Feb-26 4:30:00 AM ICT,5.8
07-Feb-26 5:00:00 AM ICT,5.3
07-Feb-26 5:30:00 AM ICT,3.0
07-Feb-26 6:00:00 AM ICT,3.6
07-Feb-26 6:30:00 AM ICT,5.2
07-Feb-26 7:00:00 AM ICT,5.3
07-Feb-26 7:30:00 AM ICT,6.5
07-Feb-26 8:00:00 AM ICT,6.3
07-Feb-26 8:30:00 AM ICT,6.4
07-Feb-26 9:00:00 AM ICT,6.5
07-Feb-26 9:30:00 AM ICT,6.5
07-Feb-26 10:00:00 AM ICT,6.5
07-Feb-26 10:30:00 AM ICT,6.5
07-Feb-26 11:00:00 AM ICT,6.5
07-Feb-26 11:30:00 AM ICT,6.5
07-Feb-26 12:00:00 PM ICT,6.5
07-Feb-26 12:30:00 PM ICT,6.5
07-Feb-26 1:00:00 PM ICT,6.5
07-Feb-26 1:30:00 PM ICT,6.5
07-Feb-26 2:00:00 PM ICT,6.5
07-Feb-26 2:30:00 PM ICT,6.5
07-Feb-26 3:00:00 PM ICT,6.5
07-Feb-26 3:30:00 PM ICT,6.5
07-Feb-26 4:00:00 PM ICT,6.5
07-Feb-26 4:30:00 PM ICT,6.5
07-Feb-26 5:00:00 PM ICT,6.5
07-Feb-26 5:30:00 PM ICT,6.5
07-Feb-26 6:00:00 PM ICT,6.5
07-Feb-26 6:30:00 PM ICT,6.5
07-Feb-26 7:00:00 PM ICT,6.5
07-Feb-26 7:30:00 PM ICT,6.5
07-Feb-26 8:00:00 PM ICT,6.5
07-Feb-26 8:30:00 PM ICT,6.5
07-Feb-26 9:00:00 PM ICT,6.5
07-Feb-26 9:30:00 PM ICT,6.0
07-Feb-26 10:00:00 PM ICT,3.7
07-Feb-26 10:30:00 PM ICT,3.9
07-Feb-26 11:00:00 PM ICT,3.2
07-Feb-26 11:30:00 PM ICT,2.1
08-Feb-26 12:00:00 AM ICT,1.5
08-Feb-26 12:30:00 AM ICT,6.4
08-Feb-26 1:00:00 AM ICT,6.5
08-Feb-26 1:30:00 AM ICT,5.1
08-Feb-26 2:00:00 AM ICT,3.7
08-Feb-26 2:30:00 AM ICT,2.3
08-Feb-26 3:00:00 AM ICT,6.6
08-Feb-26 3:30:00 AM ICT,6.7
08-Feb-26 4:00:00 AM ICT,4.6
08-Feb-26 4:30:00 AM ICT,5.1
08-Feb-26 5:00:00 AM ICT,6.8
08-Feb-26 5:30:00 AM ICT,6.4
08-Feb-26 6:00:00 AM ICT,4.7
08-Feb-26 6:30:00 AM ICT,5.1
08-Feb-26 7:00:00 AM ICT,3.7
08-Feb-26 7:30:00 AM ICT,3.5
08-Feb-26 8:00:00 AM ICT,3.6
08-Feb-26 8:30:00 AM ICT,3.7
08-Feb-26 9:00:00 AM ICT,6.5
08-Feb-26 9:30:00 AM ICT,6.5
08-Feb-26 10:00:00 AM ICT,6.5
08-Feb-26 10:30:00 AM ICT,6.5
08-Feb-26 11:00:00 AM ICT,6.5
08-Feb-26 11:30:00 AM ICT,6.5
08-Feb-26 12:00:00 PM ICT,6.5
08-Feb-26 12:30:00 PM ICT,6.5
08-Feb-26 1:00:00 PM ICT,6.5
08-Feb-26 1:30:00 PM ICT,6.5
08-Feb-26 2:00:00 PM ICT,6.5
08-Feb-26 2:30:00 PM ICT,6.5
08-Feb-26 3:00:00 PM ICT,6.5
08-Feb-26 3:30:00 PM ICT,6.5
08-Feb-26 4:00:00 PM ICT,6.5
08-Feb-26 4:30:00 PM ICT,6.5
08-Feb-26 5:00:00 PM ICT,6.5
08-Feb-26 5:30:00 PM ICT,6.5
08-Feb-26 6:00:00 PM ICT,6.5
08-Feb-26 6:30:00 PM ICT,6.5
08-Feb-26 7:00:00 PM ICT,6.5
08-Feb-26 7:30:00 PM ICT,6.5
08-Feb-26 8:00:00 PM ICT,6.5
08-Feb-26 8:30:00 PM ICT,6.5
08-Feb-26 9:00:00 PM ICT,6.5
08-Feb-26 9:30:00 PM ICT,6.5
08-Feb-26 10:00:00 PM ICT,6.5
08-Feb-26 10:30:00 PM ICT,6.5
08-Feb-26 11:00:00 PM ICT,6.5
08-Feb-26 11:30:00 PM ICT,6.5
09-Feb-26 12:00:00 AM ICT,6.5
09-Feb-26 12:30:00 AM ICT,6.5
09-Feb-26 1:00:00 AM ICT,6.5
09-Feb-26 1:30:00 AM ICT,6.5
09-Feb-26 2:00:00 AM ICT,6.5
09-Feb-26 2:30:00 AM ICT,6.5
09-Feb-26 3:00:00 AM ICT,6.5
09-Feb-26 3:30:00 AM ICT,6.5
09-Feb-26 4:00:00 AM ICT,6.5
09-Feb-26 4:30:00 AM ICT,6.5
09-Feb-26 5:00:00 AM ICT,6.5
09-Feb-26 5:30:00 AM ICT,6.5
09-Feb-26 6:00:00 AM ICT,6.5
09-Feb-26 6:30:00 AM ICT,6.5
09-Feb-26 7:00:00 AM ICT,6.5
09-Feb-26 7:30:00 AM ICT,6.5
09-Feb-26 8:00:00 AM ICT,6.5
09-Feb-26 8:30:00 AM ICT,6.5
09-Feb-26 9:00:00 AM ICT,6.5
09-Feb-26 9:30:00 AM ICT,6.5
09-Feb-26 10:00:00 AM ICT,6.5
09-Feb-26 10:30:00 AM ICT,6.5
09-Feb-26 11:00:00 AM ICT,6.5
09-Feb-26 11:30:00 AM ICT,6.5
09-Feb-26 12:00:00 PM ICT,6.5
09-Feb-26 12:30:00 PM ICT,6.5
09-Feb-26 1:00:00 PM ICT,6.5
09-Feb-26 1:30:00 PM ICT,6.5
09-Feb-26 2:00:00 PM ICT,6.5
09-Feb-26 2:30:00 PM ICT,6.5
09-Feb-26 3:00:00 PM ICT,6.5
09-Feb-26 3:30:00 PM ICT,6.5
09-Feb-26 4:00:00 PM ICT,6.5
09-Feb-26 4:30:00 PM ICT,6.5
09-Feb-26 5:00:00 PM ICT,6.5
09-Feb-26 5:30:00 PM ICT,6.5
09-Feb-26 6:00:00 PM ICT,6.5
09-Feb-26 6:30:00 PM ICT,6.5
09-Feb-26 7:00:00 PM ICT,6.5
09-Feb-26 7:30:00 PM ICT,6.5
09-Feb-26 8:00:00 PM ICT,6.5
09-Feb-26 8:30:00 PM ICT,6.5
09-Feb-26 9:00:00 PM ICT,6.5
09-Feb-26 9:30:00 PM ICT,6.5
09-Feb-26 10:00:00 PM ICT,6.5
09-Feb-26 10:30:00 PM ICT,6.5
09-Feb-26 11:00:00 PM ICT,6.5
09-Feb-26 11:30:00 PM ICT,6.5
10-Feb-26 12:00:00 AM ICT,6.5
10-Feb-26 12:30:00 AM ICT,6.5
10-Feb-26 1:00:00 AM ICT,6.5
10-Feb-26 1:30:00 AM ICT,6.5
10-Feb-26 2:00:00 AM ICT,6.5
10-Feb-26 2:30:00 AM ICT,6.5
10-Feb-26 3:00:00 AM ICT,6.5
10-Feb-26 3:30:00 AM ICT,6.5
10-Feb-26 4:00:00 AM ICT,6.5
10-Feb-26 4:30:00 AM ICT,6.5
10-Feb-26 5:00:00 AM ICT,6.5
10-Feb-26 5:30:00 AM ICT,6.5
10-Feb-26 6:00:00 AM ICT,6.5
10-Feb-26 6:30:00 AM ICT,6.5
10-Feb-26 7:00:00 AM ICT,6.5
10-Feb-26 7:30:00 AM ICT,6.5
10-Feb-26 8:00:00 AM ICT,6.5
10-Feb-26 8:30:00 AM ICT,6.5
10-Feb-26 9:00:00 AM ICT,6.5
10-Feb-26 9:30:00 AM ICT,6.5
10-Feb-26 10:00:00 AM ICT,6.5
10-Feb-26 10:30:00 AM ICT,6.5
10-Feb-26 11:00:00 AM ICT,6.5
10-Feb-26 11:30:00 AM ICT,6.5
10-Feb-26 12:00:00 PM ICT,6.5
10-Feb-26 12:30:00 PM ICT,6.5
10-Feb-26 1:00:00 PM ICT,6.5
10-Feb-26 1:30:00 PM ICT,6.5
10-Feb-26 2:00:00 PM ICT,6.5
10-Feb-26 2:30:00 PM ICT,6.5
10-Feb-26 3:00:00 PM ICT,6.5
10-Feb-26 3:30:00 PM ICT,6.5
10-Feb-26 4:00:00 PM ICT,6.5
10-Feb-26 4:30:00 PM ICT,6.5
10-Feb-26 5:00:00 PM ICT,6.0
10-Feb-26 5:30:00 PM ICT,6.5
10-Feb-26 6:00:00 PM ICT,6.5
10-Feb-26 6:30:00 PM ICT,6.5
10-Feb-26 7:00:00 PM ICT,6.5
10-Feb-26 7:30:00 PM ICT,6.5
10-Feb-26 8:00:00 PM ICT,6.5
10-Feb-26 8:30:00 PM ICT,6.5
10-Feb-26 9:00:00 PM ICT,6.5
10-Feb-26 9:30:00 PM ICT,6.5
10-Feb-26 10:00:00 PM ICT,6.5
10-Feb-26 10:30:00 PM ICT,6.5
10-Feb-26 11:00:00 PM ICT,6.5
10-Feb-26 11:30:00 PM ICT,6.5
11-Feb-26 12:00:00 AM ICT,6.5
11-Feb-26 12:30:00 AM ICT,6.5
11-Feb-26 1:00:00 AM ICT,6.5
11-Feb-26 1:30:00 AM ICT,6.5
11-Feb-26 2:00:00 AM ICT,6.5
11-Feb-26 2:30:00 AM ICT,6.5
11-Feb-26 3:00:00 AM ICT,6.5
11-Feb-26 3:30:00 AM ICT,6.5
11-Feb-26 4:00:00 AM ICT,6.5
11-Feb-26 4:30:00 AM ICT,6.5
11-Feb-26 5:00:00 AM ICT,6.5
11-Feb-26 5:30:00 AM ICT,6.5
11-Feb-26 6:00:00 AM ICT,6.5
11-Feb-26 6:30:00 AM ICT,6.5
11-Feb-26 7:00:00 AM ICT,6.5
11-Feb-26 7:30:00 AM ICT,6.5
11-Feb-26 8:00:00 AM ICT,6.5
11-Feb-26 8:30:00 AM ICT,6.5
11-Feb-26 9:00:00 AM ICT,6.5
11-Feb-26 9:30:00 AM ICT,6.5
11-Feb-26 10:00:00 AM ICT,6.5
11-Feb-26 10:30:00 AM ICT,6.5
11-Feb-26 11:00:00 AM ICT,6.5
11-Feb-26 11:30:00 AM ICT,6.5
11-Feb-26 12:00:00 PM ICT,6.5
11-Feb-26 12:30:00 PM ICT,6.5
11-Feb-26 1:00:00 PM ICT,6.5
11-Feb-26 1:30:00 PM ICT,6.5
11-Feb-26 2:00:00 PM ICT,6.5
11-Feb-26 2:30:00 PM ICT,6.5
11-Feb-26 3:00:00 PM ICT,6.5
11-Feb-26 3:30:00 PM ICT,6.5
11-Feb-26 4:00:00 PM ICT,6.5
11-Feb-26 4:30:00 PM ICT,6.5
11-Feb-26 5:00:00 PM ICT,6.5
11-Feb-26 5:30:00 PM ICT,6.5
11-Feb-26 6:00:00 PM ICT,6.5
11-Feb-26 6:30:00 PM ICT,6.5
11-Feb-26 7:00:00 PM ICT,6.5
11-Feb-26 7:30:00 PM ICT,6.5
11-Feb-26 8:00:00 PM ICT,6.5
11-Feb-26 8:30:00 PM ICT,6.5
11-Feb-26 9:00:00 PM ICT,6.5
11-Feb-26 9:30:00 PM ICT,6.5
11-Feb-26 10:00:00 PM ICT,6.5
11-Feb-26 10:30:00 PM ICT,6.5
11-Feb-26 11:00:00 PM ICT,6.5
11-Feb-26 11:30:00 PM ICT,6.5
12-Feb-26 12:00:00 AM ICT,6.5
12-Feb-26 12:30:00 AM ICT,6.5
12-Feb-26 1:00:00 AM ICT,6.5
12-Feb-26 1:30:00 AM ICT,6.5
12-Feb-26 2:00:00 AM ICT,6.5
12-Feb-26 2:30:00 AM ICT,6.5
12-Feb-26 3:00:00 AM ICT,6.5
12-Feb-26 3:30:00 AM ICT,6.5
12-Feb-26 4:00:00 AM ICT,6.5
12-Feb-26 4:30:00 AM ICT,6.5
12-Feb-26 5:00:00 AM ICT,6.5
12-Feb-26 5:30:00 AM ICT,6.5
12-Feb-26 6:00:00 AM ICT,6.5
12-Feb-26 6:30:00 AM ICT,8.4
12-Feb-26 7:00:00 AM ICT,8.4
12-Feb-26 7:30:00 AM ICT,6.5
12-Feb-26 8:00:00 AM ICT,6.5
12-Feb-26 8:30:00 AM ICT,6.5
12-Feb-26 9:00:00 AM ICT,6.5
12-Feb-26 9:30:00 AM ICT,6.5
12-Feb-26 10:00:00 AM ICT,6.3
12-Feb-26 10:30:00 AM ICT,5.9
12-Feb-26 11:00:00 AM ICT,5.5
12-Feb-26 11:30:00 AM ICT,5.2
12-Feb-26 12:00:00 PM ICT,4.6
12-Feb-26 12:30:00 PM ICT,3.9
12-Feb-26 1:00:00 PM ICT,6.4
12-Feb-26 1:30:00 PM ICT,6.5
12-Feb-26 2:00:00 PM ICT,6.5
12-Feb-26 2:30:00 PM ICT,6.2
12-Feb-26 3:00:00 PM ICT,6.3
12-Feb-26 3:30:00 PM ICT,5.8
12-Feb-26 4:00:00 PM ICT,6.3
12-Feb-26 4:30:00 PM ICT,6.5
12-Feb-26 5:00:00 PM ICT,6.5
12-Feb-26 5:30:00 PM ICT,6.5
12-Feb-26 6:00:00 PM ICT,6.5
12-Feb-26 6:30:00 PM ICT,6.5
12-Feb-26 7:00:00 PM ICT,6.5
12-Feb-26 7:30:00 PM ICT,6.5
12-Feb-26 8:00:00 PM ICT,6.5
12-Feb-26 8:30:00 PM ICT,6.5
12-Feb-26 9:00:00 PM ICT,6.5
12-Feb-26 9:30:00 PM ICT,6.5
12-Feb-26 10:00:00 PM ICT,6.5
12-Feb-26 10:30:00 PM ICT,6.5
12-Feb-26 11:00:00 PM ICT,6.5
12-Feb-26 11:30:00 PM ICT,6.5
13-Feb-26 12:00:00 AM ICT,6.5
13-Feb-26 12:30:00 AM ICT,6.5
13-Feb-26 1:00:00 AM ICT,6.5
13-Feb-26 1:30:00 AM ICT,6.5
13-Feb-26 2:00:00 AM ICT,6.5
13-Feb-26 2:30:00 AM ICT,6.5
13-Feb-26 3:00:00 AM ICT,6.5
13-Feb-26 3:30:00 AM ICT,6.5
13-Feb-26 4:00:00 AM ICT,6.5
13-Feb-26 4:30:00 AM ICT,6.5
13-Feb-26 5:00:00 AM ICT,6.5
13-Feb-26 5:30:00 AM ICT,6.5
13-Feb-26 6:00:00 AM ICT,6.5
13-Feb-26 6:30:00 AM ICT,6.5
13-Feb-26 7:00:00 AM ICT,6.5
13-Feb-26 7:30:00 AM ICT,6.5
13-Feb-26 8:00:00 AM ICT,6.5
13-Feb-26 8:30:00 AM ICT,6.5
13-Feb-26 9:00:00 AM ICT,6.5
13-Feb-26 9:30:00 AM ICT,6.5
13-Feb-26 10:00:00 AM ICT,6.5
13-Feb-26 10:30:00 AM ICT,6.5
13-Feb-26 11:00:00 AM ICT,0.0
13-Feb-26 11:30:00 AM ICT,0.0
13-Feb-26 12:00:00 PM ICT,0.1
13-Feb-26 12:30:00 PM ICT,4.9
13-Feb-26 1:00:00 PM ICT,2.3
13-Feb-26 1:30:00 PM ICT,1.6
13-Feb-26 2:00:00 PM ICT,1.1
13-Feb-26 2:30:00 PM ICT,3.8
13-Feb-26 3:00:00 PM ICT,0.0
13-Feb-26 3:30:00 PM ICT,0.0
13-Feb-26 4:00:00 PM ICT,6.5
13-Feb-26 4:30:00 PM ICT,5.4
13-Feb-26 5:00:00 PM ICT,5.3
13-Feb-26 5:30:00 PM ICT,4.9
13-Feb-26 6:00:00 PM ICT,4.5
13-Feb-26 6:30:00 PM ICT,4.3
13-Feb-26 7:00:00 PM ICT,4.0
13-Feb-26 7:30:00 PM ICT,3.8
13-Feb-26 8:00:00 PM ICT,3.6
13-Feb-26 8:30:00 PM ICT,3.4
13-Feb-26 9:00:00 PM ICT,3.3
13-Feb-26 9:30:00 PM ICT,3.1
13-Feb-26 10:00:00 PM ICT,3.0
13-Feb-26 10:30:00 PM ICT,2.9
13-Feb-26 11:00:00 PM ICT,2.8
13-Feb-26 11:30:00 PM ICT,2.7
14-Feb-26 12:00:00 AM ICT,2.6
14-Feb-26 12:30:00 AM ICT,2.5
14-Feb-26 1:00:00 AM ICT,2.4
14-Feb-26 1:30:00 AM ICT,2.4
14-Feb-26 2:00:00 AM ICT,2.3
14-Feb-26 2:30:00 AM ICT,2.2
14-Feb-26 3:00:00 AM ICT,2.2
14-Feb-26 3:30:00 AM ICT,2.1
14-Feb-26 4:00:00 AM ICT,2.1
14-Feb-26 4:30:00 AM ICT,2.0
14-Feb-26 5:00:00 AM ICT,2.0
14-Feb-26 5:30:00 AM ICT,1.9
14-Feb-26 6:00:00 AM ICT,1.9
14-Feb-26 6:30:00 AM ICT,1.8
14-Feb-26 7:00:00 AM ICT,1.8
14-Feb-26 7:30:00 AM ICT,1.8
14-Feb-26 8:00:00 AM ICT,1.7
14-Feb-26 8:30:00 AM ICT,1.7
14-Feb-26 9:00:00 AM ICT,1.6
14-Feb-26 9:30:00 AM ICT,1.6
14-Feb-26 10:00:00 AM ICT,1.6
14-Feb-26 10:30:00 AM ICT,3.6
14-Feb-26 11:00:00 AM ICT,5.7
14-Feb-26 11:30:00 AM ICT,6.7
14-Feb-26 12:00:00 PM ICT,6.7
14-Feb-26 12:30:00 PM ICT,5.9
14-Feb-26 1:00:00 PM ICT,5.9
14-Feb-26 1:30:00 PM ICT,5.9
14-Feb-26 2:00:00 PM ICT,5.5
14-Feb-26 2:30:00 PM ICT,6.0
14-Feb-26 3:00:00 PM ICT,5.7
14-Feb-26 3:30:00 PM ICT,5.6
14-Feb-26 4:00:00 PM ICT,5.9
14-Feb-26 4:30:00 PM ICT,5.9
14-Feb-26 5:00:00 PM ICT,5.5
14-Feb-26 5:30:00 PM ICT,5.6
14-Feb-26 6:00:00 PM ICT,5.7
14-Feb-26 6:30:00 PM ICT,5.6
14-Feb-26 7:00:00 PM ICT,5.7
14-Feb-26 7:30:00 PM ICT,5.9
14-Feb-26 8:00:00 PM ICT,6.0
14-Feb-26 8:30:00 PM ICT,5.9
14-Feb-26 9:00:00 PM ICT,5.5
14-Feb-26 9:30:00 PM ICT,5.9
14-Feb-26 10:00:00 PM ICT,5.9
14-Feb-26 10:30:00 PM ICT,6.0
14-Feb-26 11:00:00 PM ICT,5.5
14-Feb-26 11:30:00 PM ICT,5.9
15-Feb-26 12:00:00 AM ICT,6.0
15-Feb-26 12:30:00 AM ICT,5.7
15-Feb-26 1:00:00 AM ICT,6.0
15-Feb-26 1:30:00 AM ICT,5.5
15-Feb-26 2:00:00 AM ICT,6.1
15-Feb-26 2:30:00 AM ICT,5.5
15-Feb-26 3:00:00 AM ICT,6.1
15-Feb-26 3:30:00 AM ICT,5.5
15-Feb-26 4:00:00 AM ICT,6.2
15-Feb-26 4:30:00 AM ICT,5.5
15-Feb-26 5:00:00 AM ICT,6.3
15-Feb-26 5:30:00 AM ICT,5.5
15-Feb-26 6:00:00 AM ICT,6.0
15-Feb-26 6:30:00 AM ICT,5.8
15-Feb-26 7:00:00 AM ICT,5.5
15-Feb-26 7:30:00 AM ICT,6.0
15-Feb-26 8:00:00 AM ICT,5.8
15-Feb-26 8:30:00 AM ICT,5.7
15-Feb-26 9:00:00 AM ICT,5.9
15-Feb-26 9:30:00 AM ICT,6.0
15-Feb-26 10:00:00 AM ICT,5.5
15-Feb-26 10:30:00 AM ICT,5.8
15-Feb-26 11:00:00 AM ICT,5.9
15-Feb-26 11:30:00 AM ICT,5.9
15-Feb-26 12:00:00 PM ICT,5.7
15-Feb-26 12:30:00 PM ICT,5.6
15-Feb-26 1:00:00 PM ICT,5.6
15-Feb-26 1:30:00 PM ICT,5.9
15-Feb-26 2:00:00 PM ICT,5.8
15-Feb-26 2:30:00 PM ICT,5.9
15-Feb-26 3:00:00 PM ICT,5.6
15-Feb-26 3:30:00 PM ICT,5.9
15-Feb-26 4:00:00 PM ICT,5.5
15-Feb-26 4:30:00 PM ICT,6.0
15-Feb-26 5:00:00 PM ICT,5.6
15-Feb-26 5:30:00 PM ICT,5.9
15-Feb-26 6:00:00 PM ICT,5.9
15-Feb-26 6:30:00 PM ICT,5.8
15-Feb-26 7:00:00 PM ICT,5.9
15-Feb-26 7:30:00 PM ICT,5.9
15-Feb-26 8:00:00 PM ICT,6.0
15-Feb-26 8:30:00 PM ICT,5.6
15-Feb-26 9:00:00 PM ICT,5.6
15-Feb-26 9:30:00 PM ICT,5.9
15-Feb-26 10:00:00 PM ICT,5.9
15-Feb-26 10:30:00 PM ICT,6.0
15-Feb-26 11:00:00 PM ICT,5.5
15-Feb-26 11:30:00 PM ICT,5.9
16-Feb-26 12:00:00 AM ICT,6.0
16-Feb-26 12:30:00 AM ICT,5.7
16-Feb-26 1:00:00 AM ICT,5.5
16-Feb-26 1:30:00 AM ICT,5.9
16-Feb-26 2:00:00 AM ICT,6.0
16-Feb-26 2:30:00 AM ICT,5.9
16-Feb-26 3:00:00 AM ICT,5.6
16-Feb-26 3:30:00 AM ICT,5.8
16-Feb-26 4:00:00 AM ICT,5.9
16-Feb-26 4:30:00 AM ICT,6.0
16-Feb-26 5:00:00 AM ICT,5.5
16-Feb-26 5:30:00 AM ICT,5.9
16-Feb-26 6:00:00 AM ICT,7.5
16-Feb-26 6:30:00 AM ICT,7.5
16-Feb-26 7:00:00 AM ICT,7.5
16-Feb-26 7:30:00 AM ICT,6.4
16-Feb-26 8:00:00 AM ICT,6.0
16-Feb-26 8:30:00 AM ICT,6.1
16-Feb-26 9:00:00 AM ICT,6.1
16-Feb-26 9:30:00 AM ICT,5.5
16-Feb-26 10:00:00 AM ICT,5.6
16-Feb-26 10:30:00 AM ICT,5.8
16-Feb-26 11:00:00 AM ICT,5.7
16-Feb-26 11:30:00 AM ICT,5.6
16-Feb-26 12:00:00 PM ICT,5.6
16-Feb-26 12:30:00 PM ICT,5.8
16-Feb-26 1:00:00 PM ICT,5.5
16-Feb-26 1:30:00 PM ICT,5.4
16-Feb-26 2:00:00 PM ICT,6.0
16-Feb-26 2:30:00 PM ICT,6.3
16-Feb-26 3:00:00 PM ICT,6.0
16-Feb-26 3:30:00 PM ICT,5.9
16-Feb-26 4:00:00 PM ICT,5.9
16-Feb-26 4:30:00 PM ICT,6.2
16-Feb-26 5:00:00 PM ICT,6.1
16-Feb-26 5:30:00 PM ICT,6.4
16-Feb-26 6:00:00 PM ICT,5.6
16-Feb-26 6:30:00 PM ICT,6.1
16-Feb-26 7:00:00 PM ICT,5.1
16-Feb-26 7:30:00 PM ICT,6.3
16-Feb-26 8:00:00 PM ICT,6.2
16-Feb-26 8:30:00 PM ICT,5.3
16-Feb-26 9:00:00 PM ICT,6.0
16-Feb-26 9:30:00 PM ICT,5.5
16-Feb-26 10:00:00 PM ICT,6.3
16-Feb-26 10:30:00 PM ICT,6.2
16-Feb-26 11:00:00 PM ICT,5.4
16-Feb-26 11:30:00 PM ICT,5.0
17-Feb-26 12:00:00 AM ICT,6.0
17-Feb-26 12:30:00 AM ICT,5.8
17-Feb-26 1:00:00 AM ICT,6.3
17-Feb-26 1:30:00 AM ICT,5.6
17-Feb-26 2:00:00 AM ICT,5.9
17-Feb-26 2:30:00 AM ICT,5.2
17-Feb-26 3:00:00 AM ICT,6.3
17-Feb-26 3:30:00 AM ICT,6.1
17-Feb-26 4:00:00 AM ICT,5.9
17-Feb-26 4:30:00 AM ICT,5.4
17-Feb-26 5:00:00 AM ICT,5.1
17-Feb-26 5:30:00 AM ICT,6.0
17-Feb-26 6:00:00 AM ICT,6.1
17-Feb-26 6:30:00 AM ICT,6.0
17-Feb-26 7:00:00 AM ICT,5.5
17-Feb-26 7:30:00 AM ICT,5.1
17-Feb-26 8:00:00 AM ICT,4.8
17-Feb-26 8:30:00 AM ICT,0.0
17-Feb-26 9:00:00 AM ICT,0.0
17-Feb-26 9:30:00 AM ICT,0.0
17-Feb-26 10:00:00 AM ICT,0.0
17-Feb-26 10:30:00 AM ICT,0.0
17-Feb-26 11:00:00 AM ICT,0.0
17-Feb-26 11:30:00 AM ICT,0.0
17-Feb-26 12:00:00 PM ICT,0.0
17-Feb-26 12:30:00 PM ICT,0.0
17-Feb-26 1:00:00 PM ICT,0.0
17-Feb-26 1:30:00 PM ICT,0.0
17-Feb-26 2:00:00 PM ICT,0.0
17-Feb-26 2:30:00 PM ICT,0.0
17-Feb-26 3:00:00 PM ICT,0.0
17-Feb-26 3:30:00 PM ICT,0.0
17-Feb-26 4:00:00 PM ICT,0.0
17-Feb-26 4:30:00 PM ICT,0.0
17-Feb-26 5:00:00 PM ICT,0.0
17-Feb-26 5:30:00 PM ICT,0.0
17-Feb-26 6:00:00 PM ICT,0.0
17-Feb-26 6:30:00 PM ICT,0.0
17-Feb-26 7:00:00 PM ICT,0.0
17-Feb-26 7:30:00 PM ICT,0.0
17-Feb-26 8:00:00 PM ICT,0.0
17-Feb-26 8:30:00 PM ICT,0.0
17-Feb-26 9:00:00 PM ICT,0.0
17-Feb-26 9:30:00 PM ICT,0.0
17-Feb-26 10:00:00 PM ICT,0.0
17-Feb-26 10:30:00 PM ICT,0.0
17-Feb-26 11:00:00 PM ICT,0.0
17-Feb-26 11:30:00 PM ICT,0.0
18-Feb-26 12:00:00 AM ICT,0.0
18-Feb-26 12:30:00 AM ICT,0.0
18-Feb-26 1:00:00 AM ICT,0.0
18-Feb-26 1:30:00 AM ICT,0.0
18-Feb-26 2:00:00 AM ICT,0.0
18-Feb-26 2:30:00 AM ICT,0.0
18-Feb-26 3:00:00 AM ICT,0.0
18-Feb-26 3:30:00 AM ICT,0.0
18-Feb-26 4:00:00 AM ICT,0.0
18-Feb-26 4:30:00 AM ICT,0.0
18-Feb-26 5:00:00 AM ICT,0.0
18-Feb-26 5:30:00 AM ICT,0.0
18-Feb-26 6:00:00 AM ICT,0.0
18-Feb-26 6:30:00 AM ICT,0.0
18-Feb-26 7:00:00 AM ICT,0.0
18-Feb-26 7:30:00 AM ICT,0.0
18-Feb-26 8:00:00 AM ICT,0.0
18-Feb-26 8:30:00 AM ICT,0.0
18-Feb-26 9:00:00 AM ICT,0.0
18-Feb-26 9:30:00 AM ICT,5.7
18-Feb-26 10:00:00 AM ICT,5.5
18-Feb-26 10:30:00 AM ICT,5.9
18-Feb-26 11:00:00 AM ICT,5.8
18-Feb-26 11:30:00 AM ICT,5.9
18-Feb-26 12:00:00 PM ICT,5.7
18-Feb-26 12:30:00 PM ICT,5.7
18-Feb-26 1:00:00 PM ICT,5.6
18-Feb-26 1:30:00 PM ICT,5.6
18-Feb-26 2:00:00 PM ICT,6.0
18-Feb-26 2:30:00 PM ICT,5.8
18-Feb-26 3:00:00 PM ICT,6.0
18-Feb-26 3:30:00 PM ICT,6.0
18-Feb-26 4:00:00 PM ICT,5.9
18-Feb-26 4:30:00 PM ICT,5.6
18-Feb-26 5:00:00 PM ICT,5.5
18-Feb-26 5:30:00 PM ICT,5.9
18-Feb-26 6:00:00 PM ICT,6.0
18-Feb-26 6:30:00 PM ICT,5.6
18-Feb-26 7:00:00 PM ICT,5.6
18-Feb-26 7:30:00 PM ICT,5.9
18-Feb-26 8:00:00 PM ICT,5.6
18-Feb-26 8:30:00 PM ICT,6.0
18-Feb-26 9:00:00 PM ICT,5.7
18-Feb-26 9:30:00 PM ICT,5.9
18-Feb-26 10:00:00 PM ICT,5.5
18-Feb-26 10:30:00 PM ICT,5.6
18-Feb-26 11:00:00 PM ICT,5.5
18-Feb-26 11:30:00 PM ICT,5.6
19-Feb-26 12:00:00 AM ICT,5.5
19-Feb-26 12:30:00 AM ICT,5.6
19-Feb-26 1:00:00 AM ICT,5.5
19-Feb-26 1:30:00 AM ICT,6.0
19-Feb-26 2:00:00 AM ICT,5.6
19-Feb-26 2:30:00 AM ICT,6.0
19-Feb-26 3:00:00 AM ICT,5.9
19-Feb-26 3:30:00 AM ICT,5.6
19-Feb-26 4:00:00 AM ICT,6.0
19-Feb-26 4:30:00 AM ICT,5.5
19-Feb-26 5:00:00 AM ICT,5.7
19-Feb-26 5:30:00 AM ICT,5.9
19-Feb-26 6:00:00 AM ICT,5.6
19-Feb-26 6:30:00 AM ICT,5.7
19-Feb-26 7:00:00 AM ICT,5.5
19-Feb-26 7:30:00 AM ICT,5.9
19-Feb-26 8:00:00 AM ICT,5.6
19-Feb-26 8:30:00 AM ICT,5.6
19-Feb-26 9:00:00 AM ICT,6.0
19-Feb-26 9:30:00 AM ICT,5.5
19-Feb-26 10:00:00 AM ICT,5.7
19-Feb-26 10:30:00 AM ICT,5.5
19-Feb-26 11:00:00 AM ICT,5.7
19-Feb-26 11:30:00 AM ICT,5.5
19-Feb-26 12:00:00 PM ICT,5.7
19-Feb-26 12:30:00 PM ICT,5.5
19-Feb-26 1:00:00 PM ICT,5.7
19-Feb-26 1:30:00 PM ICT,5.5
19-Feb-26 2:00:00 PM ICT,5.7
19-Feb-26 2:30:00 PM ICT,5.5
19-Feb-26 3:00:00 PM ICT,5.7
19-Feb-26 3:30:00 PM ICT,5.5
19-Feb-26 4:00:00 PM ICT,5.7
19-Feb-26 4:30:00 PM ICT,5.5
19-Feb-26 5:00:00 PM ICT,6.0
19-Feb-26 5:30:00 PM ICT,5.5
19-Feb-26 6:00:00 PM ICT,5.8
19-Feb-26 6:30:00 PM ICT,5.5
19-Feb-26 7:00:00 PM ICT,5.7
19-Feb-26 7:30:00 PM ICT,5.9
19-Feb-26 8:00:00 PM ICT,5.5
19-Feb-26 8:30:00 PM ICT,6.0
19-Feb-26 9:00:00 PM ICT,6.1
19-Feb-26 9:30:00 PM ICT,5.5
19-Feb-26 10:00:00 PM ICT,5.7
19-Feb-26 10:30:00 PM ICT,5.8
19-Feb-26 11:00:00 PM ICT,5.5
19-Feb-26 11:30:00 PM ICT,6.0
20-Feb-26 12:00:00 AM ICT,6.1
20-Feb-26 12:30:00 AM ICT,5.5
20-Feb-26 1:00:00 AM ICT,5.6
20-Feb-26 1:30:00 AM ICT,6.0
20-Feb-26 2:00:00 AM ICT,5.9
20-Feb-26 2:30:00 AM ICT,5.5
20-Feb-26 3:00:00 AM ICT,5.6
20-Feb-26 3:30:00 AM ICT,6.1
20-Feb-26 4:00:00 AM ICT,5.8
20-Feb-26 4:30:00 AM ICT,5.9
20-Feb-26 5:00:00 AM ICT,5.5
20-Feb-26 5:30:00 AM ICT,5.6
20-Feb-26 6:00:00 AM ICT,5.6
20-Feb-26 6:30:00 AM ICT,6.0
20-Feb-26 7:00:00 AM ICT,6.1
20-Feb-26 7:30:00 AM ICT,5.5
20-Feb-26 8:00:00 AM ICT,5.6
20-Feb-26 8:30:00 AM ICT,6.1
20-Feb-26 9:00:00 AM ICT,6.1
20-Feb-26 9:30:00 AM ICT,5.5
20-Feb-26 10:00:00 AM ICT,5.5
20-Feb-26 10:30:00 AM ICT,5.8
20-Feb-26 11:00:00 AM ICT,5.7
20-Feb-26 11:30:00 AM ICT,6.2
20-Feb-26 12:00:00 PM ICT,5.9
20-Feb-26 12:30:00 PM ICT,5.5
20-Feb-26 1:00:00 PM ICT,5.6
20-Feb-26 1:30:00 PM ICT,6.0
20-Feb-26 2:00:00 PM ICT,5.9
20-Feb-26 2:30:00 PM ICT,5.5
20-Feb-26 3:00:00 PM ICT,6.0
20-Feb-26 3:30:00 PM ICT,6.1
20-Feb-26 4:00:00 PM ICT,6.3
20-Feb-26 4:30:00 PM ICT,6.0
20-Feb-26 5:00:00 PM ICT,5.4
20-Feb-26 5:30:00 PM ICT,6.0
20-Feb-26 6:00:00 PM ICT,5.7
20-Feb-26 6:30:00 PM ICT,5.5
20-Feb-26 7:00:00 PM ICT,5.9
20-Feb-26 7:30:00 PM ICT,6.0
20-Feb-26 8:00:00 PM ICT,5.6
20-Feb-26 8:30:00 PM ICT,5.9
20-Feb-26 9:00:00 PM ICT,5.7
20-Feb-26 9:30:00 PM ICT,5.8
20-Feb-26 10:00:00 PM ICT,5.8
20-Feb-26 10:30:00 PM ICT,5.8
20-Feb-26 11:00:00 PM ICT,5.6
20-Feb-26 11:30:00 PM ICT,6.3
21-Feb-26 12:00:00 AM ICT,5.7
21-Feb-26 12:30:00 AM ICT,5.6
21-Feb-26 1:00:00 AM ICT,6.1
21-Feb-26 1:30:00 AM ICT,5.7
21-Feb-26 2:00:00 AM ICT,5.5
21-Feb-26 2:30:00 AM ICT,5.9
21-Feb-26 3:00:00 AM ICT,6.3
21-Feb-26 3:30:00 AM ICT,5.9
21-Feb-26 4:00:00 AM ICT,5.4
21-Feb-26 4:30:00 AM ICT,5.5
21-Feb-26 5:00:00 AM ICT,5.6
21-Feb-26 5:30:00 AM ICT,5.7
21-Feb-26 6:00:00 AM ICT,6.0
21-Feb-26 6:30:00 AM ICT,6.4
21-Feb-26 7:00:00 AM ICT,6.4
21-Feb-26 7:30:00 AM ICT,6.4
21-Feb-26 8:00:00 AM ICT,6.4
21-Feb-26 8:30:00 AM ICT,6.4
21-Feb-26 9:00:00 AM ICT,6.2
21-Feb-26 9:30:00 AM ICT,6.4
21-Feb-26 10:00:00 AM ICT,6.3
21-Feb-26 10:30:00 AM ICT,6.4
21-Feb-26 11:00:00 AM ICT,6.4
21-Feb-26 11:30:00 AM ICT,6.3
21-Feb-26 12:00:00 PM ICT,6.1
21-Feb-26 12:30:00 PM ICT,5.9
21-Feb-26 1:00:00 PM ICT,5.4
21-Feb-26 1:30:00 PM ICT,5.5
21-Feb-26 2:00:00 PM ICT,5.7
21-Feb-26 2:30:00 PM ICT,6.2
21-Feb-26 3:00:00 PM ICT,6.2
21-Feb-26 3:30:00 PM ICT,5.4
21-Feb-26 4:00:00 PM ICT,5.5
21-Feb-26 4:30:00 PM ICT,5.8
21-Feb-26 5:00:00 PM ICT,6.2
21-Feb-26 5:30:00 PM ICT,6.0
21-Feb-26 6:00:00 PM ICT,5.5
21-Feb-26 6:30:00 PM ICT,5.5
21-Feb-26 7:00:00 PM ICT,5.6
21-Feb-26 7:30:00 PM ICT,5.7
21-Feb-26 8:00:00 PM ICT,5.8
21-Feb-26 8:30:00 PM ICT,6.4
21-Feb-26 9:00:00 PM ICT,6.4
21-Feb-26 9:30:00 PM ICT,6.4
21-Feb-26 10:00:00 PM ICT,6.4
21-Feb-26 10:30:00 PM ICT,6.4
21-Feb-26 11:00:00 PM ICT,6.4
21-Feb-26 11:30:00 PM ICT,6.4
22-Feb-26 12:00:00 AM ICT,5.9
22-Feb-26 12:30:00 AM ICT,5.8
22-Feb-26 1:00:00 AM ICT,5.6
22-Feb-26 1:30:00 AM ICT,5.6
22-Feb-26 2:00:00 AM ICT,5.5
22-Feb-26 2:30:00 AM ICT,5.4
22-Feb-26 3:00:00 AM ICT,6.3
22-Feb-26 3:30:00 AM ICT,6.2
22-Feb-26 4:00:00 AM ICT,5.6
22-Feb-26 4:30:00 AM ICT,5.5
22-Feb-26 5:00:00 AM ICT,6.2
22-Feb-26 5:30:00 AM ICT,6.1
22-Feb-26 6:00:00 AM ICT,5.5
22-Feb-26 6:30:00 AM ICT,5.7
22-Feb-26 7:00:00 AM ICT,6.1
22-Feb-26 7:30:00 AM ICT,5.6
22-Feb-26 8:00:00 AM ICT,5.8
22-Feb-26 8:30:00 AM ICT,6.2
22-Feb-26 9:00:00 AM ICT,5.5
22-Feb-26 9:30:00 AM ICT,5.4
22-Feb-26 11:00:00 AM ICT,5.8
22-Feb-26 11:30:00 AM ICT,6.1
22-Feb-26 12:00:00 PM ICT,5.6
22-Feb-26 12:30:00 PM ICT,5.4
22-Feb-26 1:00:00 PM ICT,6.2
22-Feb-26 1:30:00 PM ICT,6.2
22-Feb-26 2:00:00 PM ICT,5.7
22-Feb-26 2:30:00 PM ICT,5.6
22-Feb-26 3:00:00 PM ICT,5.4
22-Feb-26 3:30:00 PM ICT,5.4
22-Feb-26 4:00:00 PM ICT,6.3
22-Feb-26 4:30:00 PM ICT,6.3
22-Feb-26 5:00:00 PM ICT,6.4
22-Feb-26 5:30:00 PM ICT,6.4
22-Feb-26 6:00:00 PM ICT,5.8
22-Feb-26 6:30:00 PM ICT,5.7
22-Feb-26 7:00:00 PM ICT,5.5
22-Feb-26 7:30:00 PM ICT,5.5
22-Feb-26 8:00:00 PM ICT,5.7
22-Feb-26 8:30:00 PM ICT,6.0
22-Feb-26 9:00:00 PM ICT,6.2
22-Feb-26 9:30:00 PM ICT,5.8
22-Feb-26 10:00:00 PM ICT,5.5
22-Feb-26 10:30:00 PM ICT,5.6
22-Feb-26 11:00:00 PM ICT,6.3
22-Feb-26 11:30:00 PM ICT,5.6
23-Feb-26 12:00:00 AM ICT,5.4
23-Feb-26 12:30:00 AM ICT,6.4
23-Feb-26 1:00:00 AM ICT,5.6
23-Feb-26 1:30:00 AM ICT,5.5
23-Feb-26 2:00:00 AM ICT,6.0
23-Feb-26 2:30:00 AM ICT,5.7
23-Feb-26 3:00:00 AM ICT,5.9
23-Feb-26 3:30:00 AM ICT,5.2
23-Feb-26 4:00:00 AM ICT,5.1
23-Feb-26 4:30:00 AM ICT,5.4
23-Feb-26 5:00:00 AM ICT,5.8
23-Feb-26 5:30:00 AM ICT,5.7
23-Feb-26 6:00:00 AM ICT,5.1
23-Feb-26 6:30:00 AM ICT,5.5
23-Feb-26 7:00:00 AM ICT,6.1
23-Feb-26 7:30:00 AM ICT,5.6
23-Feb-26 8:00:00 AM ICT,5.1
23-Feb-26 8:30:00 AM ICT,5.4
23-Feb-26 9:00:00 AM ICT,5.6
23-Feb-26 9:30:00 AM ICT,6.0
23-Feb-26 10:00:00 AM ICT,2.9
23-Feb-26 10:30:00 AM ICT,5.6
23-Feb-26 11:00:00 AM ICT,5.9
23-Feb-26 11:30:00 AM ICT,6.0
23-Feb-26 12:00:00 PM ICT,5.5
23-Feb-26 12:30:00 PM ICT,5.9
23-Feb-26 1:00:00 PM ICT,6.0
23-Feb-26 1:30:00 PM ICT,5.5
23-Feb-26 2:00:00 PM ICT,6.0
23-Feb-26 2:30:00 PM ICT,5.6
23-Feb-26 3:00:00 PM ICT,6.0
23-Feb-26 3:30:00 PM ICT,5.6
23-Feb-26 4:00:00 PM ICT,5.9
23-Feb-26 4:30:00 PM ICT,5.7
23-Feb-26 5:00:00 PM ICT,6.1
23-Feb-26 5:30:00 PM ICT,5.5
23-Feb-26 6:00:00 PM ICT,6.1
23-Feb-26 6:30:00 PM ICT,5.8
23-Feb-26 7:00:00 PM ICT,5.5
23-Feb-26 7:30:00 PM ICT,5.7
23-Feb-26 8:00:00 PM ICT,5.8
23-Feb-26 8:30:00 PM ICT,6.4
23-Feb-26 9:00:00 PM ICT,5.8
23-Feb-26 9:30:00 PM ICT,5.6
23-Feb-26 10:00:00 PM ICT,5.4
23-Feb-26 10:30:00 PM ICT,6.3
23-Feb-26 11:00:00 PM ICT,5.5
23-Feb-26 11:30:00 PM ICT,6.2
24-Feb-26 12:00:00 AM ICT,5.9
24-Feb-26 12:30:00 AM ICT,5.7
24-Feb-26 1:00:00 AM ICT,5.6
24-Feb-26 1:30:00 AM ICT,5.9
24-Feb-26 2:00:00 AM ICT,5.9
24-Feb-26 2:30:00 AM ICT,5.9
24-Feb-26 3:00:00 AM ICT,5.9
24-Feb-26 3:30:00 AM ICT,5.9
24-Feb-26 4:00:00 AM ICT,5.9
24-Feb-26 4:30:00 AM ICT,5.5
24-Feb-26 5:00:00 AM ICT,5.9
24-Feb-26 5:30:00 AM ICT,6.0
24-Feb-26 6:00:00 AM ICT,5.7
24-Feb-26 6:30:00 AM ICT,6.0
24-Feb-26 7:00:00 AM ICT,5.7
24-Feb-26 7:30:00 AM ICT,6.0
24-Feb-26 8:00:00 AM ICT,5.7
24-Feb-26 8:30:00 AM ICT,6.0
24-Feb-26 9:00:00 AM ICT,6.2
24-Feb-26 9:30:00 AM ICT,5.9
24-Feb-26 10:00:00 AM ICT,5.4
24-Feb-26 10:30:00 AM ICT,6.3
24-Feb-26 11:00:00 AM ICT,5.8
24-Feb-26 11:30:00 AM ICT,6.4
24-Feb-26 12:00:00 PM ICT,5.6
24-Feb-26 12:30:00 PM ICT,5.6
24-Feb-26 1:00:00 PM ICT,6.0
24-Feb-26 1:30:00 PM ICT,5.5
24-Feb-26 2:00:00 PM ICT,5.9
24-Feb-26 2:30:00 PM ICT,5.4
24-Feb-26 3:00:00 PM ICT,5.6
24-Feb-26 3:30:00 PM ICT,5.7
24-Feb-26 4:00:00 PM ICT,5.6
24-Feb-26 4:30:00 PM ICT,5.2
24-Feb-26 5:00:00 PM ICT,5.5
24-Feb-26 5:30:00 PM ICT,5.5
24-Feb-26 6:00:00 PM ICT,5.5
24-Feb-26 6:30:00 PM ICT,5.5
24-Feb-26 7:00:00 PM ICT,5.5
24-Feb-26 7:30:00 PM ICT,5.5
24-Feb-26 8:00:00 PM ICT,5.5
24-Feb-26 8:30:00 PM ICT,5.5
24-Feb-26 9:00:00 PM ICT,5.5
24-Feb-26 9:30:00 PM ICT,5.5
24-Feb-26 10:00:00 PM ICT,5.4
24-Feb-26 10:30:00 PM ICT,5.4
24-Feb-26 11:00:00 PM ICT,5.6
24-Feb-26 11:30:00 PM ICT,5.8
25-Feb-26 12:00:00 AM ICT,6.2
25-Feb-26 12:30:00 AM ICT,6.4
25-Feb-26 1:00:00 AM ICT,5.7
25-Feb-26 1:30:00 AM ICT,5.7
25-Feb-26 2:00:00 AM ICT,5.5
25-Feb-26 2:30:00 AM ICT,5.5
25-Feb-26 3:00:00 AM ICT,5.7
25-Feb-26 3:30:00 AM ICT,6.3
25-Feb-26 4:00:00 AM ICT,5.7
25-Feb-26 4:30:00 AM ICT,5.5
25-Feb-26 5:00:00 AM ICT,5.5
25-Feb-26 5:30:00 AM ICT,6.4
25-Feb-26 6:00:00 AM ICT,5.6
25-Feb-26 6:30:00 AM ICT,5.5
25-Feb-26 7:00:00 AM ICT,5.8
25-Feb-26 7:30:00 AM ICT,6.1
25-Feb-26 8:00:00 AM ICT,5.5
25-Feb-26 8:30:00 AM ICT,5.9
25-Feb-26 9:00:00 AM ICT,5.7
25-Feb-26 9:30:00 AM ICT,5.5
25-Feb-26 10:00:00 AM ICT,5.7
25-Feb-26 10:30:00 AM ICT,6.4
25-Feb-26 11:00:00 AM ICT,5.5
25-Feb-26 11:30:00 AM ICT,5.8
25-Feb-26 12:00:00 PM ICT,6.3
25-Feb-26 12:30:00 PM ICT,5.9
25-Feb-26 1:00:00 PM ICT,5.5
25-Feb-26 1:30:00 PM ICT,5.5
25-Feb-26 2:00:00 PM ICT,5.6
25-Feb-26 2:30:00 PM ICT,6.3
25-Feb-26 3:00:00 PM ICT,5.7
25-Feb-26 3:30:00 PM ICT,5.6
25-Feb-26 4:00:00 PM ICT,5.5
25-Feb-26 4:30:00 PM ICT,5.5
25-Feb-26 5:00:00 PM ICT,5.5
25-Feb-26 5:30:00 PM ICT,5.6
25-Feb-26 6:00:00 PM ICT,5.5
25-Feb-26 6:30:00 PM ICT,5.8
25-Feb-26 7:00:00 PM ICT,5.9
25-Feb-26 7:30:00 PM ICT,5.6
25-Feb-26 8:00:00 PM ICT,5.5
25-Feb-26 8:30:00 PM ICT,6.2
25-Feb-26 9:00:00 PM ICT,5.5
25-Feb-26 9:30:00 PM ICT,5.8
25-Feb-26 10:00:00 PM ICT,6.0
25-Feb-26 10:30:00 PM ICT,5.6
25-Feb-26 11:00:00 PM ICT,5.8
25-Feb-26 11:30:00 PM ICT,6.1
26-Feb-26 12:00:00 AM ICT,5.5
26-Feb-26 12:30:00 AM ICT,6.2
26-Feb-26 1:00:00 AM ICT,5.6
26-Feb-26 1:30:00 AM ICT,5.8
26-Feb-26 2:00:00 AM ICT,5.8
26-Feb-26 2:30:00 AM ICT,5.5
26-Feb-26 3:00:00 AM ICT,6.1
26-Feb-26 3:30:00 AM ICT,5.6
26-Feb-26 4:00:00 AM ICT,5.8
26-Feb-26 4:30:00 AM ICT,5.9
26-Feb-26 5:00:00 AM ICT,5.6
26-Feb-26 5:30:00 AM ICT,6.0
26-Feb-26 6:00:00 AM ICT,5.7
26-Feb-26 6:30:00 AM ICT,6.0
26-Feb-26 7:00:00 AM ICT,5.8
26-Feb-26 7:30:00 AM ICT,5.7
26-Feb-26 8:00:00 AM ICT,5.9
26-Feb-26 8:30:00 AM ICT,5.7
26-Feb-26 9:00:00 AM ICT,5.9
26-Feb-26 9:30:00 AM ICT,5.7
26-Feb-26 10:00:00 AM ICT,5.8
26-Feb-26 10:30:00 AM ICT,6.1
26-Feb-26 11:00:00 AM ICT,5.5
26-Feb-26 11:30:00 AM ICT,6.1
26-Feb-26 12:00:00 PM ICT,5.5
26-Feb-26 12:30:00 PM ICT,6.1
26-Feb-26 1:00:00 PM ICT,5.6
26-Feb-26 1:30:00 PM ICT,5.5
26-Feb-26 2:00:00 PM ICT,6.0
26-Feb-26 2:30:00 PM ICT,6.1
26-Feb-26 3:00:00 PM ICT,5.5
26-Feb-26 3:30:00 PM ICT,5.7
26-Feb-26 4:00:00 PM ICT,6.0
26-Feb-26 4:30:00 PM ICT,5.6
26-Feb-26 5:00:00 PM ICT,5.5
26-Feb-26 5:30:00 PM ICT,6.2
26-Feb-26 6:00:00 PM ICT,5.5
26-Feb-26 6:30:00 PM ICT,6.3
26-Feb-26 7:00:00 PM ICT,5.5
26-Feb-26 7:30:00 PM ICT,6.0
26-Feb-26 8:00:00 PM ICT,5.5
26-Feb-26 8:30:00 PM ICT,5.9
26-Feb-26 9:00:00 PM ICT,5.6
26-Feb-26 9:30:00 PM ICT,5.8
26-Feb-26 10:00:00 PM ICT,5.7
26-Feb-26 10:30:00 PM ICT,5.5
26-Feb-26 11:00:00 PM ICT,5.8
26-Feb-26 11:30:00 PM ICT,5.8
27-Feb-26 12:00:00 AM ICT,5.7
27-Feb-26 12:30:00 AM ICT,5.8
27-Feb-26 1:00:00 AM ICT,5.6
27-Feb-26 1:30:00 AM ICT,5.9
27-Feb-26 2:30:00 AM ICT,5.5
27-Feb-26 3:00:00 AM ICT,5.8
27-Feb-26 3:30:00 AM ICT,5.7
27-Feb-26 4:00:00 AM ICT,5.7
27-Feb-26 4:30:00 AM ICT,5.9
27-Feb-26 5:00:00 AM ICT,5.6
27-Feb-26 5:30:00 AM ICT,5.8
27-Feb-26 6:00:00 AM ICT,5.6
27-Feb-26 6:30:00 AM ICT,5.6
27-Feb-26 7:00:00 AM ICT,5.7
27-Feb-26 7:30:00 AM ICT,5.6
27-Feb-26 8:00:00 AM ICT,6.0
27-Feb-26 8:30:00 AM ICT,5.9
27-Feb-26 9:00:00 AM ICT,5.5
27-Feb-26 9:30:00 AM ICT,6.0
27-Feb-26 10:00:00 AM ICT,5.9
27-Feb-26 10:30:00 AM ICT,6.6
27-Feb-26 11:00:00 AM ICT,7.6
27-Feb-26 11:30:00 AM ICT,7.5
27-Feb-26 12:00:00 PM ICT,7.5
27-Feb-26 12:30:00 PM ICT,7.5
27-Feb-26 1:00:00 PM ICT,7.5
27-Feb-26 1:30:00 PM ICT,7.5
27-Feb-26 2:00:00 PM ICT,7.5
27-Feb-26 2:30:00 PM ICT,7.4
27-Feb-26 3:00:00 PM ICT,7.4
27-Feb-26 3:30:00 PM ICT,7.4
27-Feb-26 4:00:00 PM ICT,7.3
27-Feb-26 4:30:00 PM ICT,7.4
27-Feb-26 5:00:00 PM ICT,7.4
27-Feb-26 5:30:00 PM ICT,7.4
27-Feb-26 6:00:00 PM ICT,7.4
27-Feb-26 6:30:00 PM ICT,7.4
27-Feb-26 7:00:00 PM ICT,7.5
27-Feb-26 7:30:00 PM ICT,7.2
27-Feb-26 8:00:00 PM ICT,7.4
27-Feb-26 8:30:00 PM ICT,0.5
27-Feb-26 9:00:00 PM ICT,0.4
27-Feb-26 9:30:00 PM ICT,0.3
27-Feb-26 10:00:00 PM ICT,0.3
27-Feb-26 10:30:00 PM ICT,0.2
27-Feb-26 11:00:00 PM ICT,0.2
27-Feb-26 11:30:00 PM ICT,0.1
28-Feb-26 12:00:00 AM ICT,0.1
28-Feb-26 12:30:00 AM ICT,0.1
28-Feb-26 1:00:00 AM ICT,0.0
28-Feb-26 1:30:00 AM ICT,0.0
28-Feb-26 2:00:00 AM ICT,0.0
28-Feb-26 2:30:00 AM ICT,0.0
28-Feb-26 3:00:00 AM ICT,0.0
28-Feb-26 3:30:00 AM ICT,0.0
28-Feb-26 4:00:00 AM ICT,0.0
28-Feb-26 4:30:00 AM ICT,0.0
28-Feb-26 5:00:00 AM ICT,0.0
28-Feb-26 5:30:00 AM ICT,0.0
28-Feb-26 6:00:00 AM ICT,0.0
28-Feb-26 6:30:00 AM ICT,0.0
28-Feb-26 7:00:00 AM ICT,0.0
28-Feb-26 7:30:00 AM ICT,0.0
28-Feb-26 8:00:00 AM ICT,0.0
28-Feb-26 8:30:00 AM ICT,0.0
28-Feb-26 9:00:00 AM ICT,0.0
28-Feb-26 9:30:00 AM ICT,0.0
28-Feb-26 10:00:00 AM ICT,0.0
28-Feb-26 10:30:00 AM ICT,0.0
28-Feb-26 11:00:00 AM ICT,0.0
28-Feb-26 11:30:00 AM ICT,0.0
28-Feb-26 12:00:00 PM ICT,0.0
28-Feb-26 12:30:00 PM ICT,0.0
28-Feb-26 1:00:00 PM ICT,0.0
28-Feb-26 1:30:00 PM ICT,0.0
28-Feb-26 2:00:00 PM ICT,0.0
28-Feb-26 2:30:00 PM ICT,0.0
28-Feb-26 3:00:00 PM ICT,0.0
28-Feb-26 3:30:00 PM ICT,0.0
28-Feb-26 4:00:00 PM ICT,0.0
28-Feb-26 4:30:00 PM ICT,0.0
28-Feb-26 5:00:00 PM ICT,0.0
28-Feb-26 5:30:00 PM ICT,0.0
28-Feb-26 6:00:00 PM ICT,0.0
28-Feb-26 6:30:00 PM ICT,0.0
28-Feb-26 7:00:00 PM ICT,0.0
28-Feb-26 7:30:00 PM ICT,0.0
28-Feb-26 8:00:00 PM ICT,0.0
28-Feb-26 8:30:00 PM ICT,0.0
28-Feb-26 9:00:00 PM ICT,0.0
28-Feb-26 9:30:00 PM ICT,0.0
28-Feb-26 10:00:00 PM ICT,0.0
28-Feb-26 10:30:00 PM ICT,0.0
28-Feb-26 11:00:00 PM ICT,0.0
28-Feb-26 11:30:00 PM ICT,0.0
01-Mar-26 12:00:00 AM ICT,0.0
01-Mar-26 12:30:00 AM ICT,0.0
01-Mar-26 1:00:00 AM ICT,0.0
01-Mar-26 1:30:00 AM ICT,0.0
01-Mar-26 2:00:00 AM ICT,0.0
01-Mar-26 2:30:00 AM ICT,0.0
01-Mar-26 3:00:00 AM ICT,0.0
01-Mar-26 3:30:00 AM ICT,0.0
01-Mar-26 4:00:00 AM ICT,0.0
01-Mar-26 4:30:00 AM ICT,0.0
01-Mar-26 5:00:00 AM ICT,0.0
01-Mar-26 5:30:00 AM ICT,0.0
01-Mar-26 6:00:00 AM ICT,0.0
01-Mar-26 6:30:00 AM ICT,0.0
01-Mar-26 7:00:00 AM ICT,0.0
01-Mar-26 7:30:00 AM ICT,0.0
01-Mar-26 8:00:00 AM ICT,0.0
01-Mar-26 8:30:00 AM ICT,0.0
01-Mar-26 9:00:00 AM ICT,0.0
01-Mar-26 9:30:00 AM ICT,0.0
01-Mar-26 10:00:00 AM ICT,0.0
01-Mar-26 10:30:00 AM ICT,0.0
01-Mar-26 11:00:00 AM ICT,6.2
01-Mar-26 11:30:00 AM ICT,5.6
01-Mar-26 12:00:00 PM ICT,4.1
01-Mar-26 12:30:00 PM ICT,3.5
01-Mar-26 1:00:00 PM ICT,3.0
01-Mar-26 1:30:00 PM ICT,2.7
01-Mar-26 2:00:00 PM ICT,2.4
01-Mar-26 2:30:00 PM ICT,4.0
01-Mar-26 3:00:00 PM ICT,6.0
01-Mar-26 3:30:00 PM ICT,5.6
01-Mar-26 4:00:00 PM ICT,5.6
01-Mar-26 4:30:00 PM ICT,5.6
01-Mar-26 5:00:00 PM ICT,6.0
01-Mar-26 5:30:00 PM ICT,6.0
01-Mar-26 6:00:00 PM ICT,5.7
01-Mar-26 6:30:00 PM ICT,5.8
01-Mar-26 7:00:00 PM ICT,5.6
01-Mar-26 7:30:00 PM ICT,5.8
01-Mar-26 8:00:00 PM ICT,6.0
01-Mar-26 8:30:00 PM ICT,5.6
01-Mar-26 9:00:00 PM ICT,5.8
01-Mar-26 9:30:00 PM ICT,5.6
01-Mar-26 10:00:00 PM ICT,5.6
01-Mar-26 10:30:00 PM ICT,6.0
01-Mar-26 11:00:00 PM ICT,5.6
01-Mar-26 11:30:00 PM ICT,6.0
02-Mar-26 12:00:00 AM ICT,5.6
02-Mar-26 12:30:00 AM ICT,5.9
02-Mar-26 1:00:00 AM ICT,5.6
02-Mar-26 1:30:00 AM ICT,6.0
02-Mar-26 2:00:00 AM ICT,5.5
02-Mar-26 2:30:00 AM ICT,6.0
02-Mar-26 3:00:00 AM ICT,5.8
02-Mar-26 3:30:00 AM ICT,5.8
02-Mar-26 4:00:00 AM ICT,5.5
02-Mar-26 4:30:00 AM ICT,6.0
02-Mar-26 5:00:00 AM ICT,6.0
02-Mar-26 5:30:00 AM ICT,5.6
02-Mar-26 6:00:00 AM ICT,5.5
02-Mar-26 6:30:00 AM ICT,5.8
02-Mar-26 7:00:00 AM ICT,5.7
02-Mar-26 7:30:00 AM ICT,5.5
02-Mar-26 8:00:00 AM ICT,6.0
02-Mar-26 8:30:00 AM ICT,5.7
02-Mar-26 9:00:00 AM ICT,5.6
02-Mar-26 9:30:00 AM ICT,5.8
02-Mar-26 10:00:00 AM ICT,5.7
02-Mar-26 10:30:00 AM ICT,5.8
02-Mar-26 11:00:00 AM ICT,5.6
02-Mar-26 11:30:00 AM ICT,5.7
02-Mar-26 12:00:00 PM ICT,6.0
02-Mar-26 12:30:00 PM ICT,5.8
02-Mar-26 1:00:00 PM ICT,5.6
02-Mar-26 1:30:00 PM ICT,5.6
02-Mar-26 2:00:00 PM ICT,5.9
02-Mar-26 2:30:00 PM ICT,5.8
02-Mar-26 3:00:00 PM ICT,5.7
02-Mar-26 3:30:00 PM ICT,5.7
02-Mar-26 4:00:00 PM ICT,5.6
02-Mar-26 4:30:00 PM ICT,5.6
02-Mar-26 5:00:00 PM ICT,5.5
02-Mar-26 5:30:00 PM ICT,5.6
02-Mar-26 6:00:00 PM ICT,5.5
02-Mar-26 6:30:00 PM ICT,5.8
02-Mar-26 7:00:00 PM ICT,6.0
02-Mar-26 7:30:00 PM ICT,6.0
02-Mar-26 8:00:00 PM ICT,5.7
02-Mar-26 8:30:00 PM ICT,5.6
02-Mar-26 9:00:00 PM ICT,6.0
02-Mar-26 9:30:00 PM ICT,5.6
02-Mar-26 10:00:00 PM ICT,5.5
02-Mar-26 10:30:00 PM ICT,5.8
02-Mar-26 11:00:00 PM ICT,6.0
02-Mar-26 11:30:00 PM ICT,6.0
03-Mar-26 12:00:00 AM ICT,5.7
03-Mar-26 12:30:00 AM ICT,5.6
03-Mar-26 1:00:00 AM ICT,5.7
03-Mar-26 1:30:00 AM ICT,5.6
03-Mar-26 2:00:00 AM ICT,5.5
03-Mar-26 2:30:00 AM ICT,5.9
03-Mar-26 3:00:00 AM ICT,5.7
03-Mar-26 3:30:00 AM ICT,5.9
03-Mar-26 4:00:00 AM ICT,5.6
03-Mar-26 4:30:00 AM ICT,5.5
03-Mar-26 5:00:00 AM ICT,5.8
03-Mar-26 5:30:00 AM ICT,5.6
03-Mar-26 6:00:00 AM ICT,5.6
03-Mar-26 6:30:00 AM ICT,5.5
03-Mar-26 7:00:00 AM ICT,6.0
03-Mar-26 7:30:00 AM ICT,5.8
03-Mar-26 8:00:00 AM ICT,5.6
03-Mar-26 8:30:00 AM ICT,5.5
03-Mar-26 9:00:00 AM ICT,6.0
03-Mar-26 9:30:00 AM ICT,5.6
03-Mar-26 10:00:00 AM ICT,5.6
03-Mar-26 10:30:00 AM ICT,5.5
03-Mar-26 11:00:00 AM ICT,5.9
03-Mar-26 11:30:00 AM ICT,5.7
03-Mar-26 12:00:00 PM ICT,5.9
03-Mar-26 12:30:00 PM ICT,6.0
03-Mar-26 1:00:00 PM ICT,5.5
03-Mar-26 1:30:00 PM ICT,5.9
03-Mar-26 2:00:00 PM ICT,6.0
03-Mar-26 2:30:00 PM ICT,5.6
03-Mar-26 3:00:00 PM ICT,5.7
03-Mar-26 3:30:00 PM ICT,5.6
03-Mar-26 4:00:00 PM ICT,5.8
03-Mar-26 4:30:00 PM ICT,6.0
03-Mar-26 5:00:00 PM ICT,5.8
03-Mar-26 5:30:00 PM ICT,5.8
03-Mar-26 6:00:00 PM ICT,5.6
03-Mar-26 6:30:00 PM ICT,5.7
03-Mar-26 7:00:00 PM ICT,6.0
03-Mar-26 7:30:00 PM ICT,5.6
03-Mar-26 8:00:00 PM ICT,6.0
03-Mar-26 8:30:00 PM ICT,5.6
03-Mar-26 9:00:00 PM ICT,5.5
03-Mar-26 9:30:00 PM ICT,6.0
03-Mar-26 10:00:00 PM ICT,5.6
03-Mar-26 10:30:00 PM ICT,6.0
03-Mar-26 11:00:00 PM ICT,5.5
03-Mar-26 11:30:00 PM ICT,6.0
04-Mar-26 12:00:00 AM ICT,5.6
04-Mar-26 12:30:00 AM ICT,6.0
04-Mar-26 1:00:00 AM ICT,5.5
04-Mar-26 1:30:00 AM ICT,6.0
04-Mar-26 2:00:00 AM ICT,5.6
04-Mar-26 2:30:00 AM ICT,6.0
04-Mar-26 3:00:00 AM ICT,5.5
04-Mar-26 3:30:00 AM ICT,6.0
04-Mar-26 4:00:00 AM ICT,5.7
04-Mar-26 4:30:00 AM ICT,5.9
04-Mar-26 5:00:00 AM ICT,5.5
04-Mar-26 5:30:00 AM ICT,6.0
04-Mar-26 6:00:00 AM ICT,5.8
04-Mar-26 6:30:00 AM ICT,5.6
04-Mar-26 7:00:00 AM ICT,5.9
04-Mar-26 7:30:00 AM ICT,6.0
04-Mar-26 8:00:00 AM ICT,5.5
04-Mar-26 8:30:00 AM ICT,6.0
04-Mar-26 9:00:00 AM ICT,5.9
04-Mar-26 9:30:00 AM ICT,5.7
04-Mar-26 10:00:00 AM ICT,5.5
04-Mar-26 10:30:00 AM ICT,6.0
04-Mar-26 11:00:00 AM ICT,5.8
04-Mar-26 11:30:00 AM ICT,6.2
04-Mar-26 12:00:00 PM ICT,5.9
04-Mar-26 12:30:00 PM ICT,6.0
04-Mar-26 1:00:00 PM ICT,5.5
04-Mar-26 1:30:00 PM ICT,6.0
04-Mar-26 2:00:00 PM ICT,5.7
04-Mar-26 2:30:00 PM ICT,6.0
04-Mar-26 3:00:00 PM ICT,5.9
04-Mar-26 3:30:00 PM ICT,5.6
04-Mar-26 4:00:00 PM ICT,5.8
04-Mar-26 4:30:00 PM ICT,5.6
04-Mar-26 5:00:00 PM ICT,4.8
04-Mar-26 5:30:00 PM ICT,7.0
04-Mar-26 6:00:00 PM ICT,6.2
04-Mar-26 6:30:00 PM ICT,5.5
04-Mar-26 7:00:00 PM ICT,5.5
04-Mar-26 7:30:00 PM ICT,5.6
04-Mar-26 8:00:00 PM ICT,5.8
04-Mar-26 8:30:00 PM ICT,6.4
04-Mar-26 9:00:00 PM ICT,5.7
04-Mar-26 9:30:00 PM ICT,5.5
04-Mar-26 10:00:00 PM ICT,5.5
04-Mar-26 10:30:00 PM ICT,5.5
04-Mar-26 11:00:00 PM ICT,5.5
04-Mar-26 11:30:00 PM ICT,5.5
05-Mar-26 12:00:00 AM ICT,5.5
05-Mar-26 12:30:00 AM ICT,5.6
05-Mar-26 1:00:00 AM ICT,5.5
05-Mar-26 1:30:00 AM ICT,5.6
05-Mar-26 2:00:00 AM ICT,5.3
05-Mar-26 2:30:00 AM ICT,6.4
05-Mar-26 3:00:00 AM ICT,6.4
05-Mar-26 3:30:00 AM ICT,6.4
05-Mar-26 4:00:00 AM ICT,6.4
05-Mar-26 4:30:00 AM ICT,6.4
05-Mar-26 5:00:00 AM ICT,6.4
05-Mar-26 5:30:00 AM ICT,6.4
05-Mar-26 6:00:00 AM ICT,6.1
05-Mar-26 6:30:00 AM ICT,5.0
05-Mar-26 7:00:00 AM ICT,6.0
05-Mar-26 7:30:00 AM ICT,6.3
05-Mar-26 8:00:00 AM ICT,6.0
05-Mar-26 8:30:00 AM ICT,5.7
05-Mar-26 9:00:00 AM ICT,6.3
05-Mar-26 9:30:00 AM ICT,5.5
05-Mar-26 10:00:00 AM ICT,5.5
05-Mar-26 10:30:00 AM ICT,5.5
05-Mar-26 11:00:00 AM ICT,5.6
05-Mar-26 11:30:00 AM ICT,6.1
05-Mar-26 12:00:00 PM ICT,6.4
05-Mar-26 12:30:00 PM ICT,6.4
05-Mar-26 1:00:00 PM ICT,6.2
05-Mar-26 1:30:00 PM ICT,5.7
05-Mar-26 2:00:00 PM ICT,5.4
05-Mar-26 2:30:00 PM ICT,5.5
05-Mar-26 3:00:00 PM ICT,5.5
05-Mar-26 3:30:00 PM ICT,5.5
05-Mar-26 4:00:00 PM ICT,5.5
05-Mar-26 4:30:00 PM ICT,5.6
05-Mar-26 5:00:00 PM ICT,5.6
05-Mar-26 5:30:00 PM ICT,5.6
05-Mar-26 6:00:00 PM ICT,5.6
05-Mar-26 6:30:00 PM ICT,5.6
05-Mar-26 7:00:00 PM ICT,5.6
05-Mar-26 7:30:00 PM ICT,5.5
05-Mar-26 8:00:00 PM ICT,5.5
05-Mar-26 8:30:00 PM ICT,5.5
05-Mar-26 9:00:00 PM ICT,5.4
05-Mar-26 9:30:00 PM ICT,5.4
05-Mar-26 10:00:00 PM ICT,5.4
05-Mar-26 10:30:00 PM ICT,5.7
05-Mar-26 11:00:00 PM ICT,6.1
05-Mar-26 11:30:00 PM ICT,6.4
06-Mar-26 12:00:00 AM ICT,6.0
06-Mar-26 12:30:00 AM ICT,5.6
06-Mar-26 1:00:00 AM ICT,5.5
06-Mar-26 1:30:00 AM ICT,5.4
06-Mar-26 2:00:00 AM ICT,6.1
06-Mar-26 2:30:00 AM ICT,6.4
06-Mar-26 3:00:00 AM ICT,5.6
06-Mar-26 3:30:00 AM ICT,5.5
06-Mar-26 4:00:00 AM ICT,5.8
06-Mar-26 4:30:00 AM ICT,6.3
06-Mar-26 5:00:00 AM ICT,5.6
06-Mar-26 5:30:00 AM ICT,5.5
06-Mar-26 6:00:00 AM ICT,6.2
06-Mar-26 6:30:00 AM ICT,6.2
06-Mar-26 7:00:00 AM ICT,6.4
06-Mar-26 7:30:00 AM ICT,6.1
06-Mar-26 8:00:00 AM ICT,5.9
06-Mar-26 8:30:00 AM ICT,5.5
06-Mar-26 9:00:00 AM ICT,5.3
06-Mar-26 9:30:00 AM ICT,5.6
06-Mar-26 10:00:00 AM ICT,5.6
06-Mar-26 10:30:00 AM ICT,4.9
06-Mar-26 11:00:00 AM ICT,5.8
06-Mar-26 11:30:00 AM ICT,6.4
06-Mar-26 12:00:00 PM ICT,6.4
06-Mar-26 12:30:00 PM ICT,6.4
06-Mar-26 1:00:00 PM ICT,6.4
06-Mar-26 1:30:00 PM ICT,6.3
06-Mar-26 2:00:00 PM ICT,6.3
06-Mar-26 2:30:00 PM ICT,5.8
06-Mar-26 3:00:00 PM ICT,6.4
06-Mar-26 3:30:00 PM ICT,6.4
06-Mar-26 4:00:00 PM ICT,6.4
06-Mar-26 4:30:00 PM ICT,6.4
06-Mar-26 5:00:00 PM ICT,6.4
06-Mar-26 5:30:00 PM ICT,6.4
06-Mar-26 6:00:00 PM ICT,6.4
06-Mar-26 6:30:00 PM ICT,6.4
06-Mar-26 7:00:00 PM ICT,6.4
06-Mar-26 7:30:00 PM ICT,6.4
06-Mar-26 8:00:00 PM ICT,6.4
06-Mar-26 8:30:00 PM ICT,6.4
06-Mar-26 9:00:00 PM ICT,6.4
06-Mar-26 9:30:00 PM ICT,6.4
06-Mar-26 10:00:00 PM ICT,6.4
06-Mar-26 10:30:00 PM ICT,6.4
06-Mar-26 11:00:00 PM ICT,6.4
06-Mar-26 11:30:00 PM ICT,6.4
07-Mar-26 12:00:00 AM ICT,6.4
07-Mar-26 12:30:00 AM ICT,6.4
07-Mar-26 1:00:00 AM ICT,6.4
07-Mar-26 1:30:00 AM ICT,6.4
07-Mar-26 2:00:00 AM ICT,6.4
07-Mar-26 2:30:00 AM ICT,6.4
07-Mar-26 3:00:00 AM ICT,6.4
07-Mar-26 3:30:00 AM ICT,6.4
07-Mar-26 4:00:00 AM ICT,6.4
07-Mar-26 4:30:00 AM ICT,6.4
07-Mar-26 5:00:00 AM ICT,6.4
07-Mar-26 5:30:00 AM ICT,6.4
07-Mar-26 6:00:00 AM ICT,6.4
07-Mar-26 6:30:00 AM ICT,6.4
07-Mar-26 7:00:00 AM ICT,6.4
07-Mar-26 7:30:00 AM ICT,6.4
07-Mar-26 8:00:00 AM ICT,6.4
07-Mar-26 8:30:00 AM ICT,6.4
07-Mar-26 9:00:00 AM ICT,6.4
07-Mar-26 9:30:00 AM ICT,6.4
07-Mar-26 10:00:00 AM ICT,6.4
07-Mar-26 10:30:00 AM ICT,6.4
07-Mar-26 11:00:00 AM ICT,6.4
07-Mar-26 11:30:00 AM ICT,6.4
07-Mar-26 12:00:00 PM ICT,6.4
07-Mar-26 12:30:00 PM ICT,6.4
07-Mar-26 1:00:00 PM ICT,6.4
07-Mar-26 1:30:00 PM ICT,6.4
07-Mar-26 2:00:00 PM ICT,6.4
07-Mar-26 2:30:00 PM ICT,6.4
07-Mar-26 3:00:00 PM ICT,6.4
07-Mar-26 3:30:00 PM ICT,6.4
07-Mar-26 4:00:00 PM ICT,6.4
07-Mar-26 4:30:00 PM ICT,6.4
07-Mar-26 5:00:00 PM ICT,6.4
07-Mar-26 5:30:00 PM ICT,6.4
07-Mar-26 6:00:00 PM ICT,6.4
07-Mar-26 6:30:00 PM ICT,6.4
07-Mar-26 7:00:00 PM ICT,6.4
07-Mar-26 7:30:00 PM ICT,6.4
07-Mar-26 8:00:00 PM ICT,6.4
07-Mar-26 8:30:00 PM ICT,6.4
07-Mar-26 9:00:00 PM ICT,6.4
07-Mar-26 9:30:00 PM ICT,6.4
07-Mar-26 10:00:00 PM ICT,6.4
07-Mar-26 10:30:00 PM ICT,6.4
07-Mar-26 11:00:00 PM ICT,6.4
07-Mar-26 11:30:00 PM ICT,6.4
08-Mar-26 12:00:00 AM ICT,6.4
08-Mar-26 12:30:00 AM ICT,6.4
08-Mar-26 1:00:00 AM ICT,6.4
08-Mar-26 1:30:00 AM ICT,6.4
08-Mar-26 2:00:00 AM ICT,6.4
08-Mar-26 2:30:00 AM ICT,6.4
08-Mar-26 3:00:00 AM ICT,6.4
08-Mar-26 3:30:00 AM ICT,6.4
08-Mar-26 4:00:00 AM ICT,6.4
08-Mar-26 4:30:00 AM ICT,6.4
08-Mar-26 5:00:00 AM ICT,6.4
08-Mar-26 5:30:00 AM ICT,6.4
08-Mar-26 6:00:00 AM ICT,6.4
08-Mar-26 6:30:00 AM ICT,6.4
08-Mar-26 7:00:00 AM ICT,6.4
08-Mar-26 7:30:00 AM ICT,6.4
08-Mar-26 8:00:00 AM ICT,6.4
08-Mar-26 8:30:00 AM ICT,6.4
08-Mar-26 9:00:00 AM ICT,6.4
08-Mar-26 9:30:00 AM ICT,6.4
08-Mar-26 10:00:00 AM ICT,6.4
08-Mar-26 10:30:00 AM ICT,6.4
08-Mar-26 11:00:00 AM ICT,6.4
08-Mar-26 11:30:00 AM ICT,6.4
08-Mar-26 12:00:00 PM ICT,6.4
08-Mar-26 12:30:00 PM ICT,6.4
08-Mar-26 1:00:00 PM ICT,6.4
08-Mar-26 1:30:00 PM ICT,6.4
08-Mar-26 2:00:00 PM ICT,6.4
08-Mar-26 2:30:00 PM ICT,6.4
08-Mar-26 3:00:00 PM ICT,6.4
08-Mar-26 3:30:00 PM ICT,6.4
08-Mar-26 4:00:00 PM ICT,6.4
08-Mar-26 4:30:00 PM ICT,6.4
08-Mar-26 5:00:00 PM ICT,6.4
08-Mar-26 5:30:00 PM ICT,6.4
08-Mar-26 6:00:00 PM ICT,6.4
08-Mar-26 6:30:00 PM ICT,6.4
08-Mar-26 7:00:00 PM ICT,6.4
08-Mar-26 7:30:00 PM ICT,6.4
08-Mar-26 8:00:00 PM ICT,6.4
08-Mar-26 8:30:00 PM ICT,6.4
08-Mar-26 9:00:00 PM ICT,6.4
08-Mar-26 9:30:00 PM ICT,6.4
08-Mar-26 10:00:00 PM ICT,6.4
08-Mar-26 10:30:00 PM ICT,6.4
08-Mar-26 11:00:00 PM ICT,6.4
08-Mar-26 11:30:00 PM ICT,6.4
09-Mar-26 12:00:00 AM ICT,6.4
09-Mar-26 12:30:00 AM ICT,6.4
09-Mar-26 1:00:00 AM ICT,6.4
09-Mar-26 1:30:00 AM ICT,6.4
09-Mar-26 2:00:00 AM ICT,6.4
09-Mar-26 2:30:00 AM ICT,6.4
09-Mar-26 3:00:00 AM ICT,6.4
09-Mar-26 3:30:00 AM ICT,6.4
09-Mar-26 4:00:00 AM ICT,6.4
09-Mar-26 4:30:00 AM ICT,6.4
09-Mar-26 5:00:00 AM ICT,6.4
09-Mar-26 5:30:00 AM ICT,6.4
09-Mar-26 6:00:00 AM ICT,6.4
09-Mar-26 6:30:00 AM ICT,6.4
09-Mar-26 7:00:00 AM ICT,6.4
09-Mar-26 7:30:00 AM ICT,6.4
09-Mar-26 8:00:00 AM ICT,6.4
09-Mar-26 8:30:00 AM ICT,6.4
09-Mar-26 9:00:00 AM ICT,6.4
09-Mar-26 9:30:00 AM ICT,6.4
09-Mar-26 10:00:00 AM ICT,6.4
09-Mar-26 10:30:00 AM ICT,6.4
09-Mar-26 11:00:00 AM ICT,6.4
09-Mar-26 11:30:00 AM ICT,6.4
09-Mar-26 12:00:00 PM ICT,6.4
09-Mar-26 12:30:00 PM ICT,6.4
09-Mar-26 1:00:00 PM ICT,6.4
09-Mar-26 1:30:00 PM ICT,6.4
09-Mar-26 2:00:00 PM ICT,6.4
09-Mar-26 2:30:00 PM ICT,6.4
09-Mar-26 3:00:00 PM ICT,6.4
09-Mar-26 3:30:00 PM ICT,6.4
09-Mar-26 4:00:00 PM ICT,6.4
09-Mar-26 4:30:00 PM ICT,6.4
09-Mar-26 5:00:00 PM ICT,6.4
09-Mar-26 5:30:00 PM ICT,6.4
09-Mar-26 6:00:00 PM ICT,6.4
09-Mar-26 6:30:00 PM ICT,6.4
09-Mar-26 7:00:00 PM ICT,6.4
09-Mar-26 7:30:00 PM ICT,6.4
09-Mar-26 8:00:00 PM ICT,6.4
09-Mar-26 8:30:00 PM ICT,6.4
09-Mar-26 9:00:00 PM ICT,6.4
09-Mar-26 9:30:00 PM ICT,6.4
09-Mar-26 10:00:00 PM ICT,6.4
09-Mar-26 10:30:00 PM ICT,6.4
09-Mar-26 11:00:00 PM ICT,6.4
09-Mar-26 11:30:00 PM ICT,6.4
10-Mar-26 12:00:00 AM ICT,6.4
10-Mar-26 12:30:00 AM ICT,6.4
10-Mar-26 1:00:00 AM ICT,6.4
10-Mar-26 1:30:00 AM ICT,6.4
10-Mar-26 2:00:00 AM ICT,6.4
10-Mar-26 2:30:00 AM ICT,6.4
10-Mar-26 3:00:00 AM ICT,6.4
10-Mar-26 3:30:00 AM ICT,6.4
10-Mar-26 4:00:00 AM ICT,6.4
10-Mar-26 4:30:00 AM ICT,6.4
10-Mar-26 5:00:00 AM ICT,6.4
10-Mar-26 5:30:00 AM ICT,6.4
10-Mar-26 6:00:00 AM ICT,6.4
10-Mar-26 6:30:00 AM ICT,6.4
10-Mar-26 7:00:00 AM ICT,6.4
10-Mar-26 7:30:00 AM ICT,6.4
10-Mar-26 8:00:00 AM ICT,6.4
10-Mar-26 8:30:00 AM ICT,6.4
10-Mar-26 9:00:00 AM ICT,6.4
10-Mar-26 9:30:00 AM ICT,6.4
10-Mar-26 10:00:00 AM ICT,6.4
10-Mar-26 10:30:00 AM ICT,6.3
10-Mar-26 11:00:00 AM ICT,6.4
10-Mar-26 11:30:00 AM ICT,6.4
10-Mar-26 12:00:00 PM ICT,6.4
10-Mar-26 12:30:00 PM ICT,6.4
10-Mar-26 1:00:00 PM ICT,6.4
10-Mar-26 1:30:00 PM ICT,6.4
10-Mar-26 2:00:00 PM ICT,6.4
10-Mar-26 2:30:00 PM ICT,6.4
10-Mar-26 3:00:00 PM ICT,6.4
10-Mar-26 3:30:00 PM ICT,6.4
10-Mar-26 4:00:00 PM ICT,6.4
10-Mar-26 4:30:00 PM ICT,6.4
10-Mar-26 5:00:00 PM ICT,6.4
10-Mar-26 5:30:00 PM ICT,6.4
10-Mar-26 6:00:00 PM ICT,6.4
10-Mar-26 6:30:00 PM ICT,6.4
10-Mar-26 7:00:00 PM ICT,6.4
10-Mar-26 7:30:00 PM ICT,6.4
10-Mar-26 8:00:00 PM ICT,6.4
10-Mar-26 8:30:00 PM ICT,6.4
10-Mar-26 9:00:00 PM ICT,6.4
10-Mar-26 9:30:00 PM ICT,6.4
10-Mar-26 10:00:00 PM ICT,6.4
10-Mar-26 10:30:00 PM ICT,6.4
10-Mar-26 11:00:00 PM ICT,6.4
10-Mar-26 11:30:00 PM ICT,6.4
11-Mar-26 12:00:00 AM ICT,6.4
11-Mar-26 12:30:00 AM ICT,6.4
11-Mar-26 1:00:00 AM ICT,6.4
11-Mar-26 1:30:00 AM ICT,6.4
11-Mar-26 2:00:00 AM ICT,6.4
11-Mar-26 2:30:00 AM ICT,6.4
11-Mar-26 3:00:00 AM ICT,6.4
11-Mar-26 3:30:00 AM ICT,6.4
11-Mar-26 4:00:00 AM ICT,6.4
11-Mar-26 4:30:00 AM ICT,6.4
11-Mar-26 5:00:00 AM ICT,6.4
11-Mar-26 5:30:00 AM ICT,6.4
11-Mar-26 6:00:00 AM ICT,6.4
11-Mar-26 6:30:00 AM ICT,6.4
11-Mar-26 7:00:00 AM ICT,6.4
11-Mar-26 7:30:00 AM ICT,6.4
11-Mar-26 8:00:00 AM ICT,6.4
11-Mar-26 8:30:00 AM ICT,6.4
11-Mar-26 9:00:00 AM ICT,6.4
11-Mar-26 9:30:00 AM ICT,6.4
11-Mar-26 10:00:00 AM ICT,6.4
11-Mar-26 10:30:00 AM ICT,6.4
11-Mar-26 11:00:00 AM ICT,6.4
11-Mar-26 11:30:00 AM ICT,6.4
11-Mar-26 12:00:00 PM ICT,6.4
11-Mar-26 12:30:00 PM ICT,6.4
11-Mar-26 1:00:00 PM ICT,6.3
11-Mar-26 1:30:00 PM ICT,6.4
11-Mar-26 2:00:00 PM ICT,6.4
11-Mar-26 2:30:00 PM ICT,6.4
11-Mar-26 3:00:00 PM ICT,6.4
11-Mar-26 3:30:00 PM ICT,6.4
11-Mar-26 4:00:00 PM ICT,6.4
11-Mar-26 4:30:00 PM ICT,6.4
11-Mar-26 5:00:00 PM ICT,6.4
11-Mar-26 5:30:00 PM ICT,6.4
11-Mar-26 6:00:00 PM ICT,6.4
11-Mar-26 6:30:00 PM ICT,6.4
11-Mar-26 7:00:00 PM ICT,6.4
11-Mar-26 7:30:00 PM ICT,6.4
11-Mar-26 8:00:00 PM ICT,6.4
11-Mar-26 8:30:00 PM ICT,6.4
11-Mar-26 9:00:00 PM ICT,6.4
11-Mar-26 9:30:00 PM ICT,6.4
11-Mar-26 10:00:00 PM ICT,6.4
11-Mar-26 10:30:00 PM ICT,6.4
11-Mar-26 11:00:00 PM ICT,6.4
11-Mar-26 11:30:00 PM ICT,6.4
12-Mar-26 12:00:00 AM ICT,6.4
12-Mar-26 12:30:00 AM ICT,6.4
12-Mar-26 1:00:00 AM ICT,6.3
12-Mar-26 1:30:00 AM ICT,6.4
12-Mar-26 2:00:00 AM ICT,6.4
12-Mar-26 2:30:00 AM ICT,6.4
12-Mar-26 3:00:00 AM ICT,6.4
12-Mar-26 3:30:00 AM ICT,6.4
12-Mar-26 4:00:00 AM ICT,6.4
12-Mar-26 4:30:00 AM ICT,6.4
12-Mar-26 5:00:00 AM ICT,6.4
12-Mar-26 5:30:00 AM ICT,6.4
12-Mar-26 6:00:00 AM ICT,6.4
12-Mar-26 6:30:00 AM ICT,6.4
12-Mar-26 7:00:00 AM ICT,6.4
12-Mar-26 7:30:00 AM ICT,6.4
12-Mar-26 8:00:00 AM ICT,6.4
12-Mar-26 8:30:00 AM ICT,6.4
12-Mar-26 9:00:00 AM ICT,6.4
12-Mar-26 9:30:00 AM ICT,6.4
12-Mar-26 10:00:00 AM ICT,6.4
12-Mar-26 10:30:00 AM ICT,6.4
12-Mar-26 11:00:00 AM ICT,6.4
12-Mar-26 11:30:00 AM ICT,6.4
12-Mar-26 12:00:00 PM ICT,6.4
12-Mar-26 12:30:00 PM ICT,6.4
12-Mar-26 1:00:00 PM ICT,6.3
12-Mar-26 1:30:00 PM ICT,6.4
12-Mar-26 2:00:00 PM ICT,6.3
12-Mar-26 2:30:00 PM ICT,6.4
12-Mar-26 3:00:00 PM ICT,6.4
12-Mar-26 3:30:00 PM ICT,6.3
12-Mar-26 4:00:00 PM ICT,6.4
12-Mar-26 4:30:00 PM ICT,6.4
12-Mar-26 5:00:00 PM ICT,6.4
12-Mar-26 5:30:00 PM ICT,6.4
12-Mar-26 6:00:00 PM ICT,6.4
12-Mar-26 6:30:00 PM ICT,6.4
12-Mar-26 7:00:00 PM ICT,6.4
12-Mar-26 7:30:00 PM ICT,6.4
12-Mar-26 8:00:00 PM ICT,6.4
12-Mar-26 8:30:00 PM ICT,6.4
12-Mar-26 9:00:00 PM ICT,6.4
12-Mar-26 9:30:00 PM ICT,6.4
12-Mar-26 10:00:00 PM ICT,6.4
12-Mar-26 10:30:00 PM ICT,6.4
12-Mar-26 11:00:00 PM ICT,6.4
12-Mar-26 11:30:00 PM ICT,6.4
13-Mar-26 12:00:00 AM ICT,6.4
13-Mar-26 12:30:00 AM ICT,6.4
13-Mar-26 1:00:00 AM ICT,6.3
13-Mar-26 1:30:00 AM ICT,6.4
13-Mar-26 2:00:00 AM ICT,6.4
13-Mar-26 2:30:00 AM ICT,6.4
13-Mar-26 3:00:00 AM ICT,6.4
13-Mar-26 3:30:00 AM ICT,6.4
13-Mar-26 4:00:00 AM ICT,6.4
13-Mar-26 4:30:00 AM ICT,6.4
13-Mar-26 5:00:00 AM ICT,6.4
13-Mar-26 5:30:00 AM ICT,6.4
13-Mar-26 6:00:00 AM ICT,6.4
13-Mar-26 6:30:00 AM ICT,6.4
13-Mar-26 7:00:00 AM ICT,6.4
13-Mar-26 7:30:00 AM ICT,6.4
13-Mar-26 8:00:00 AM ICT,6.4
13-Mar-26 8:30:00 AM ICT,6.4
13-Mar-26 9:00:00 AM ICT,6.3
13-Mar-26 9:30:00 AM ICT,6.4
13-Mar-26 10:00:00 AM ICT,6.4
13-Mar-26 10:30:00 AM ICT,6.4
13-Mar-26 11:00:00 AM ICT,6.4
13-Mar-26 11:30:00 AM ICT,6.4
13-Mar-26 12:00:00 PM ICT,6.4
13-Mar-26 12:30:00 PM ICT,6.3
13-Mar-26 1:00:00 PM ICT,6.3
13-Mar-26 1:30:00 PM ICT,6.4
13-Mar-26 2:00:00 PM ICT,6.4
13-Mar-26 2:30:00 PM ICT,6.4
13-Mar-26 3:00:00 PM ICT,6.4
13-Mar-26 3:30:00 PM ICT,6.4
13-Mar-26 4:00:00 PM ICT,6.4
13-Mar-26 4:30:00 PM ICT,6.4
13-Mar-26 5:00:00 PM ICT,6.4
13-Mar-26 5:30:00 PM ICT,6.4
13-Mar-26 6:00:00 PM ICT,6.4
13-Mar-26 6:30:00 PM ICT,6.4
13-Mar-26 7:00:00 PM ICT,6.4
13-Mar-26 7:30:00 PM ICT,6.4
13-Mar-26 8:00:00 PM ICT,6.4
13-Mar-26 8:30:00 PM ICT,6.4
13-Mar-26 9:00:00 PM ICT,6.4
13-Mar-26 9:30:00 PM ICT,6.4
13-Mar-26 10:00:00 PM ICT,6.4
13-Mar-26 10:30:00 PM ICT,6.4
13-Mar-26 11:00:00 PM ICT,6.4
13-Mar-26 11:30:00 PM ICT,6.4
14-Mar-26 12:00:00 AM ICT,6.4
14-Mar-26 12:30:00 AM ICT,6.4
14-Mar-26 1:00:00 AM ICT,6.3
14-Mar-26 1:30:00 AM ICT,6.4
14-Mar-26 2:00:00 AM ICT,6.4
14-Mar-26 2:30:00 AM ICT,6.4
14-Mar-26 3:00:00 AM ICT,6.4
14-Mar-26 3:30:00 AM ICT,6.4
14-Mar-26 4:00:00 AM ICT,6.4
14-Mar-26 4:30:00 AM ICT,6.4
14-Mar-26 5:00:00 AM ICT,6.4
14-Mar-26 5:30:00 AM ICT,6.4
14-Mar-26 6:00:00 AM ICT,6.4
14-Mar-26 6:30:00 AM ICT,6.4
14-Mar-26 7:00:00 AM ICT,6.4
14-Mar-26 7:30:00 AM ICT,6.4
14-Mar-26 8:00:00 AM ICT,6.4
14-Mar-26 8:30:00 AM ICT,6.4
14-Mar-26 9:00:00 AM ICT,6.4
14-Mar-26 9:30:00 AM ICT,5.8
14-Mar-26 10:00:00 AM ICT,1.1
14-Mar-26 10:30:00 AM ICT,0.1
14-Mar-26 11:00:00 AM ICT,0.1
14-Mar-26 11:30:00 AM ICT,0.1
14-Mar-26 12:00:00 PM ICT,0.1
14-Mar-26 12:30:00 PM ICT,0.0
14-Mar-26 1:00:00 PM ICT,0.0
14-Mar-26 1:30:00 PM ICT,6.4
14-Mar-26 2:00:00 PM ICT,5.8
14-Mar-26 2:30:00 PM ICT,5.1
14-Mar-26 3:00:00 PM ICT,5.0
14-Mar-26 3:30:00 PM ICT,4.8
14-Mar-26 4:00:00 PM ICT,6.4
14-Mar-26 4:30:00 PM ICT,6.4
14-Mar-26 5:00:00 PM ICT,6.4
14-Mar-26 5:30:00 PM ICT,6.4
14-Mar-26 6:00:00 PM ICT,6.4
14-Mar-26 6:30:00 PM ICT,6.4
14-Mar-26 7:00:00 PM ICT,6.4
14-Mar-26 7:30:00 PM ICT,6.4
14-Mar-26 8:00:00 PM ICT,6.4
14-Mar-26 8:30:00 PM ICT,6.4
14-Mar-26 9:00:00 PM ICT,6.4
14-Mar-26 9:30:00 PM ICT,6.4
14-Mar-26 10:00:00 PM ICT,6.4
14-Mar-26 10:30:00 PM ICT,6.4
14-Mar-26 11:00:00 PM ICT,6.4
14-Mar-26 11:30:00 PM ICT,6.4
15-Mar-26 12:00:00 AM ICT,6.4
15-Mar-26 12:30:00 AM ICT,6.4
15-Mar-26 1:00:00 AM ICT,6.4
15-Mar-26 1:30:00 AM ICT,6.4
15-Mar-26 2:00:00 AM ICT,6.4
15-Mar-26 2:30:00 AM ICT,6.4
15-Mar-26 3:00:00 AM ICT,6.4
15-Mar-26 3:30:00 AM ICT,6.4
15-Mar-26 4:00:00 AM ICT,6.4
15-Mar-26 4:30:00 AM ICT,6.4
15-Mar-26 5:00:00 AM ICT,6.4
15-Mar-26 5:30:00 AM ICT,6.4
15-Mar-26 6:00:00 AM ICT,6.4
15-Mar-26 6:30:00 AM ICT,6.4
15-Mar-26 7:00:00 AM ICT,6.4
15-Mar-26 7:30:00 AM ICT,6.4
15-Mar-26 8:00:00 AM ICT,6.4
15-Mar-26 8:30:00 AM ICT,6.4
15-Mar-26 9:00:00 AM ICT,6.4
15-Mar-26 9:30:00 AM ICT,6.4
15-Mar-26 10:00:00 AM ICT,6.4
15-Mar-26 10:30:00 AM ICT,6.4
15-Mar-26 11:00:00 AM ICT,6.4
15-Mar-26 11:30:00 AM ICT,6.4
15-Mar-26 12:00:00 PM ICT,6.4
15-Mar-26 12:30:00 PM ICT,6.4
15-Mar-26 1:00:00 PM ICT,6.4
15-Mar-26 1:30:00 PM ICT,6.4
15-Mar-26 2:00:00 PM ICT,6.4
15-Mar-26 2:30:00 PM ICT,6.4
15-Mar-26 3:00:00 PM ICT,6.4
15-Mar-26 3:30:00 PM ICT,6.4
15-Mar-26 4:00:00 PM ICT,6.4
15-Mar-26 4:30:00 PM ICT,6.4
15-Mar-26 5:00:00 PM ICT,6.4
15-Mar-26 5:30:00 PM ICT,6.4
15-Mar-26 6:00:00 PM ICT,6.4
15-Mar-26 6:30:00 PM ICT,6.4
15-Mar-26 7:00:00 PM ICT,6.4
15-Mar-26 7:30:00 PM ICT,6.4
15-Mar-26 8:00:00 PM ICT,6.4
15-Mar-26 8:30:00 PM ICT,6.4
15-Mar-26 9:00:00 PM ICT,6.4
15-Mar-26 9:30:00 PM ICT,6.4
15-Mar-26 10:00:00 PM ICT,6.4
15-Mar-26 10:30:00 PM ICT,6.4
15-Mar-26 11:00:00 PM ICT,6.4
15-Mar-26 11:30:00 PM ICT,6.4
16-Mar-26 12:00:00 AM ICT,6.4
16-Mar-26 12:30:00 AM ICT,6.4
16-Mar-26 1:00:00 AM ICT,6.4
16-Mar-26 1:30:00 AM ICT,6.4
16-Mar-26 2:00:00 AM ICT,6.4
16-Mar-26 2:30:00 AM ICT,6.4
16-Mar-26 3:00:00 AM ICT,6.4
16-Mar-26 3:30:00 AM ICT,6.4
16-Mar-26 4:00:00 AM ICT,6.4
16-Mar-26 4:30:00 AM ICT,6.4
16-Mar-26 5:00:00 AM ICT,6.4
16-Mar-26 5:30:00 AM ICT,6.4
16-Mar-26 6:00:00 AM ICT,6.4
16-Mar-26 6:30:00 AM ICT,6.4
16-Mar-26 7:00:00 AM ICT,6.4
16-Mar-26 7:30:00 AM ICT,6.4
16-Mar-26 8:00:00 AM ICT,6.4
16-Mar-26 8:30:00 AM ICT,6.4
16-Mar-26 9:00:00 AM ICT,6.4
16-Mar-26 9:30:00 AM ICT,6.4
16-Mar-26 10:00:00 AM ICT,6.4
16-Mar-26 10:30:00 AM ICT,6.4
16-Mar-26 11:00:00 AM ICT,6.4
16-Mar-26 11:30:00 AM ICT,6.4
16-Mar-26 12:00:00 PM ICT,6.4
16-Mar-26 12:30:00 PM ICT,6.4
16-Mar-26 1:00:00 PM ICT,6.4
16-Mar-26 1:30:00 PM ICT,6.4
16-Mar-26 2:00:00 PM ICT,6.3
16-Mar-26 2:30:00 PM ICT,6.3
16-Mar-26 3:00:00 PM ICT,6.3
16-Mar-26 3:30:00 PM ICT,6.4
16-Mar-26 4:00:00 PM ICT,6.4
16-Mar-26 4:30:00 PM ICT,6.4
16-Mar-26 5:00:00 PM ICT,6.4
16-Mar-26 5:30:00 PM ICT,6.4
16-Mar-26 6:00:00 PM ICT,6.4
16-Mar-26 6:30:00 PM ICT,6.4
16-Mar-26 7:00:00 PM ICT,6.4
16-Mar-26 7:30:00 PM ICT,6.4
16-Mar-26 8:00:00 PM ICT,6.4
16-Mar-26 8:30:00 PM ICT,6.4
16-Mar-26 9:00:00 PM ICT,6.4
16-Mar-26 9:30:00 PM ICT,6.4
16-Mar-26 10:00:00 PM ICT,6.4
16-Mar-26 10:30:00 PM ICT,6.4
16-Mar-26 11:00:00 PM ICT,6.4
16-Mar-26 11:30:00 PM ICT,6.4
17-Mar-26 12:00:00 AM ICT,6.4
17-Mar-26 12:30:00 AM ICT,6.4
17-Mar-26 1:00:00 AM ICT,6.4
17-Mar-26 1:30:00 AM ICT,6.4
17-Mar-26 2:00:00 AM ICT,6.4
17-Mar-26 2:30:00 AM ICT,6.4
17-Mar-26 3:00:00 AM ICT,6.4
17-Mar-26 3:30:00 AM ICT,6.4
17-Mar-26 4:00:00 AM ICT,6.4
17-Mar-26 4:30:00 AM ICT,6.4
17-Mar-26 5:00:00 AM ICT,6.4
17-Mar-26 5:30:00 AM ICT,6.4
17-Mar-26 6:00:00 AM ICT,6.4
17-Mar-26 6:30:00 AM ICT,6.4
17-Mar-26 7:00:00 AM ICT,6.4
17-Mar-26 7:30:00 AM ICT,6.4
17-Mar-26 8:00:00 AM ICT,6.4
17-Mar-26 8:30:00 AM ICT,6.4
17-Mar-26 9:00:00 AM ICT,6.4
17-Mar-26 9:30:00 AM ICT,6.4
17-Mar-26 10:00:00 AM ICT,6.4
17-Mar-26 10:30:00 AM ICT,6.4
17-Mar-26 11:00:00 AM ICT,6.4
17-Mar-26 11:30:00 AM ICT,6.4
17-Mar-26 12:00:00 PM ICT,6.4
17-Mar-26 12:30:00 PM ICT,6.4
17-Mar-26 1:00:00 PM ICT,6.4
17-Mar-26 1:30:00 PM ICT,6.4
17-Mar-26 2:00:00 PM ICT,6.4
17-Mar-26 2:30:00 PM ICT,6.4
17-Mar-26 3:00:00 PM ICT,6.4
17-Mar-26 3:30:00 PM ICT,6.4
17-Mar-26 4:00:00 PM ICT,6.4
17-Mar-26 4:30:00 PM ICT,6.4
17-Mar-26 5:00:00 PM ICT,6.4
17-Mar-26 5:30:00 PM ICT,6.4
17-Mar-26 6:00:00 PM ICT,6.4
17-Mar-26 6:30:00 PM ICT,6.4
17-Mar-26 7:00:00 PM ICT,6.4
17-Mar-26 7:30:00 PM ICT,6.4
17-Mar-26 8:00:00 PM ICT,6.4
17-Mar-26 8:30:00 PM ICT,6.4
17-Mar-26 9:00:00 PM ICT,6.4
17-Mar-26 9:30:00 PM ICT,6.4
17-Mar-26 10:00:00 PM ICT,6.4
17-Mar-26 10:30:00 PM ICT,6.4
17-Mar-26 11:00:00 PM ICT,6.4
17-Mar-26 11:30:00 PM ICT,6.4
18-Mar-26 12:00:00 AM ICT,6.4
18-Mar-26 12:30:00 AM ICT,6.4
18-Mar-26 1:00:00 AM ICT,6.4
18-Mar-26 1:30:00 AM ICT,6.4
18-Mar-26 2:00:00 AM ICT,6.4
18-Mar-26 2:30:00 AM ICT,6.4
18-Mar-26 3:00:00 AM ICT,6.4
18-Mar-26 3:30:00 AM ICT,6.4
18-Mar-26 4:00:00 AM ICT,6.4
18-Mar-26 4:30:00 AM ICT,6.4
18-Mar-26 5:00:00 AM ICT,6.4
18-Mar-26 5:30:00 AM ICT,6.4
18-Mar-26 6:00:00 AM ICT,6.4
18-Mar-26 6:30:00 AM ICT,6.4
18-Mar-26 7:00:00 AM ICT,6.4
18-Mar-26 7:30:00 AM ICT,6.4
18-Mar-26 8:00:00 AM ICT,6.4
18-Mar-26 8:30:00 AM ICT,6.4
18-Mar-26 9:00:00 AM ICT,6.4
18-Mar-26 9:30:00 AM ICT,6.4
18-Mar-26 10:00:00 AM ICT,6.4
18-Mar-26 10:30:00 AM ICT,6.4
18-Mar-26 11:00:00 AM ICT,6.4
18-Mar-26 11:30:00 AM ICT,6.4
18-Mar-26 12:00:00 PM ICT,6.4
18-Mar-26 12:30:00 PM ICT,6.4
18-Mar-26 1:00:00 PM ICT,6.4
18-Mar-26 1:30:00 PM ICT,6.4