Timestamp,RES102ROWaterSupply_ResCl2(mg)
30-Jan-26 10:30:00 PM ICT,0.3
30-Jan-26 11:00:00 PM ICT,0.3
30-Jan-26 11:30:00 PM ICT,0.3
31-Jan-26 12:00:00 AM ICT,0.3
31-Jan-26 12:30:00 AM ICT,0.3
31-Jan-26 1:00:00 AM ICT,0.3
31-Jan-26 1:30:00 AM ICT,0.3
31-Jan-26 2:00:00 AM ICT,0.3
31-Jan-26 2:30:00 AM ICT,0.2
31-Jan-26 3:00:00 AM ICT,0.2
31-Jan-26 3:30:00 AM ICT,0.2
31-Jan-26 4:00:00 AM ICT,0.2
31-Jan-26 4:30:00 AM ICT,0.2
31-Jan-26 5:00:00 AM ICT,0.2
31-Jan-26 5:30:00 AM ICT,0.2
31-Jan-26 6:00:00 AM ICT,0.2
31-Jan-26 6:30:00 AM ICT,0.2
31-Jan-26 7:00:00 AM ICT,0.9
31-Jan-26 7:30:00 AM ICT,1.3
31-Jan-26 8:00:00 AM ICT,1.2
31-Jan-26 8:30:00 AM ICT,0.7
31-Jan-26 9:00:00 AM ICT,0.9
31-Jan-26 9:30:00 AM ICT,0.5
31-Jan-26 10:00:00 AM ICT,0.7
31-Jan-26 10:30:00 AM ICT,0.4
31-Jan-26 11:00:00 AM ICT,0.4
31-Jan-26 11:30:00 AM ICT,0.4
31-Jan-26 12:00:00 PM ICT,0.4
31-Jan-26 12:30:00 PM ICT,0.3
31-Jan-26 1:00:00 PM ICT,0.3
31-Jan-26 1:30:00 PM ICT,0.3
31-Jan-26 2:00:00 PM ICT,0.3
31-Jan-26 2:30:00 PM ICT,0.3
31-Jan-26 3:00:00 PM ICT,0.2
31-Jan-26 3:30:00 PM ICT,0.2
31-Jan-26 4:00:00 PM ICT,0.2
31-Jan-26 4:30:00 PM ICT,0.2
31-Jan-26 5:00:00 PM ICT,0.2
31-Jan-26 5:30:00 PM ICT,0.2
31-Jan-26 6:00:00 PM ICT,0.2
31-Jan-26 6:30:00 PM ICT,0.2
31-Jan-26 7:00:00 PM ICT,0.2
31-Jan-26 7:30:00 PM ICT,0.3
31-Jan-26 8:00:00 PM ICT,0.3
31-Jan-26 8:30:00 PM ICT,0.3
31-Jan-26 9:00:00 PM ICT,0.3
31-Jan-26 9:30:00 PM ICT,0.3
31-Jan-26 10:00:00 PM ICT,0.3
31-Jan-26 10:30:00 PM ICT,0.3
31-Jan-26 11:00:00 PM ICT,0.3
31-Jan-26 11:30:00 PM ICT,0.3
01-Feb-26 12:00:00 AM ICT,0.3
01-Feb-26 12:30:00 AM ICT,0.3
01-Feb-26 1:00:00 AM ICT,0.2
01-Feb-26 1:30:00 AM ICT,0.2
01-Feb-26 2:00:00 AM ICT,0.2
01-Feb-26 2:30:00 AM ICT,0.2
01-Feb-26 3:00:00 AM ICT,0.2
01-Feb-26 3:30:00 AM ICT,0.2
01-Feb-26 4:00:00 AM ICT,0.2
01-Feb-26 4:30:00 AM ICT,0.2
01-Feb-26 5:00:00 AM ICT,0.2
01-Feb-26 5:30:00 AM ICT,0.2
01-Feb-26 6:00:00 AM ICT,0.2
01-Feb-26 6:30:00 AM ICT,0.2
01-Feb-26 7:00:00 AM ICT,0.2
01-Feb-26 7:30:00 AM ICT,0.2
01-Feb-26 8:00:00 AM ICT,0.2
01-Feb-26 8:30:00 AM ICT,0.2
01-Feb-26 9:00:00 AM ICT,0.2
01-Feb-26 9:30:00 AM ICT,0.2
01-Feb-26 10:00:00 AM ICT,0.2
01-Feb-26 10:30:00 AM ICT,0.2
01-Feb-26 11:00:00 AM ICT,0.2
01-Feb-26 11:30:00 AM ICT,0.2
01-Feb-26 12:00:00 PM ICT,0.2
01-Feb-26 12:30:00 PM ICT,0.2
01-Feb-26 1:00:00 PM ICT,0.2
01-Feb-26 1:30:00 PM ICT,0.2
01-Feb-26 2:00:00 PM ICT,0.1
01-Feb-26 2:30:00 PM ICT,0.1
01-Feb-26 3:00:00 PM ICT,0.1
01-Feb-26 3:30:00 PM ICT,0.1
01-Feb-26 4:00:00 PM ICT,0.1
01-Feb-26 4:30:00 PM ICT,0.1
01-Feb-26 5:00:00 PM ICT,0.1
01-Feb-26 5:30:00 PM ICT,0.1
01-Feb-26 6:00:00 PM ICT,0.1
01-Feb-26 6:30:00 PM ICT,0.1
01-Feb-26 7:00:00 PM ICT,0.1
01-Feb-26 7:30:00 PM ICT,0.1
01-Feb-26 8:00:00 PM ICT,0.1
01-Feb-26 8:30:00 PM ICT,0.1
01-Feb-26 9:00:00 PM ICT,0.1
01-Feb-26 9:30:00 PM ICT,0.1
01-Feb-26 10:00:00 PM ICT,0.1
01-Feb-26 10:30:00 PM ICT,0.1
01-Feb-26 11:00:00 PM ICT,0.1
01-Feb-26 11:30:00 PM ICT,0.1
02-Feb-26 12:00:00 AM ICT,0.1
02-Feb-26 12:30:00 AM ICT,0.1
02-Feb-26 1:00:00 AM ICT,0.1
02-Feb-26 1:30:00 AM ICT,0.1
02-Feb-26 2:00:00 AM ICT,0.0
02-Feb-26 2:30:00 AM ICT,0.0
02-Feb-26 3:00:00 AM ICT,0.0
02-Feb-26 3:30:00 AM ICT,0.0
02-Feb-26 4:00:00 AM ICT,0.0
02-Feb-26 4:30:00 AM ICT,0.0
02-Feb-26 5:00:00 AM ICT,0.0
02-Feb-26 5:30:00 AM ICT,0.0
02-Feb-26 6:00:00 AM ICT,0.0
02-Feb-26 6:30:00 AM ICT,0.0
02-Feb-26 7:00:00 AM ICT,0.1
02-Feb-26 7:30:00 AM ICT,0.1
02-Feb-26 8:00:00 AM ICT,0.1
02-Feb-26 8:30:00 AM ICT,0.6
02-Feb-26 9:00:00 AM ICT,2.8
02-Feb-26 9:30:00 AM ICT,0.9
02-Feb-26 10:00:00 AM ICT,1.3
02-Feb-26 10:30:00 AM ICT,1.1
02-Feb-26 11:00:00 AM ICT,0.9
02-Feb-26 11:30:00 AM ICT,5.7
02-Feb-26 12:00:00 PM ICT,0.9
02-Feb-26 12:30:00 PM ICT,6.6
02-Feb-26 1:00:00 PM ICT,1.3
02-Feb-26 1:30:00 PM ICT,1.6
02-Feb-26 2:00:00 PM ICT,1.4
02-Feb-26 2:30:00 PM ICT,0.8
02-Feb-26 3:00:00 PM ICT,2.4
02-Feb-26 3:30:00 PM ICT,1.1
02-Feb-26 4:00:00 PM ICT,0.8
02-Feb-26 4:30:00 PM ICT,1.5
02-Feb-26 5:00:00 PM ICT,2.1
02-Feb-26 5:30:00 PM ICT,2.1
02-Feb-26 6:00:00 PM ICT,2.1
02-Feb-26 6:30:00 PM ICT,2.1
02-Feb-26 7:00:00 PM ICT,1.9
02-Feb-26 7:30:00 PM ICT,1.8
02-Feb-26 8:00:00 PM ICT,2.0
02-Feb-26 8:30:00 PM ICT,2.0
02-Feb-26 9:00:00 PM ICT,2.0
02-Feb-26 9:30:00 PM ICT,2.0
02-Feb-26 10:00:00 PM ICT,2.1
02-Feb-26 10:30:00 PM ICT,2.1
02-Feb-26 11:00:00 PM ICT,2.0
02-Feb-26 11:30:00 PM ICT,2.0
03-Feb-26 12:00:00 AM ICT,2.0
03-Feb-26 12:30:00 AM ICT,2.1
03-Feb-26 1:00:00 AM ICT,2.1
03-Feb-26 1:30:00 AM ICT,2.1
03-Feb-26 2:00:00 AM ICT,2.2
03-Feb-26 2:30:00 AM ICT,2.1
03-Feb-26 3:00:00 AM ICT,2.1
03-Feb-26 3:30:00 AM ICT,2.2
03-Feb-26 4:00:00 AM ICT,2.2
03-Feb-26 4:30:00 AM ICT,2.3
03-Feb-26 5:00:00 AM ICT,2.2
03-Feb-26 5:30:00 AM ICT,2.3
03-Feb-26 6:00:00 AM ICT,2.3
03-Feb-26 6:30:00 AM ICT,0.7
03-Feb-26 7:00:00 AM ICT,0.7
03-Feb-26 7:30:00 AM ICT,0.7
03-Feb-26 8:00:00 AM ICT,0.8
03-Feb-26 8:30:00 AM ICT,0.7
03-Feb-26 9:00:00 AM ICT,0.8
03-Feb-26 9:30:00 AM ICT,0.8
03-Feb-26 10:00:00 AM ICT,0.7
03-Feb-26 10:30:00 AM ICT,0.8
03-Feb-26 11:00:00 AM ICT,0.7
03-Feb-26 11:30:00 AM ICT,0.7
03-Feb-26 12:00:00 PM ICT,0.6
03-Feb-26 12:30:00 PM ICT,0.6
03-Feb-26 1:00:00 PM ICT,0.6
03-Feb-26 1:30:00 PM ICT,0.7
03-Feb-26 2:00:00 PM ICT,0.6
03-Feb-26 2:30:00 PM ICT,0.6
03-Feb-26 3:00:00 PM ICT,0.7
03-Feb-26 3:30:00 PM ICT,0.5
03-Feb-26 4:00:00 PM ICT,1.1
03-Feb-26 4:30:00 PM ICT,0.6
03-Feb-26 5:00:00 PM ICT,0.4
03-Feb-26 5:30:00 PM ICT,0.4
03-Feb-26 6:00:00 PM ICT,0.4
03-Feb-26 6:30:00 PM ICT,0.4
03-Feb-26 7:00:00 PM ICT,5.2
03-Feb-26 7:30:00 PM ICT,3.8
03-Feb-26 8:00:00 PM ICT,2.6
03-Feb-26 8:30:00 PM ICT,2.4
03-Feb-26 9:00:00 PM ICT,1.7
03-Feb-26 9:30:00 PM ICT,1.4
03-Feb-26 10:00:00 PM ICT,1.5
03-Feb-26 10:30:00 PM ICT,1.3
03-Feb-26 11:00:00 PM ICT,1.0
03-Feb-26 11:30:00 PM ICT,0.8
04-Feb-26 12:00:00 AM ICT,0.8
04-Feb-26 12:30:00 AM ICT,1.0
04-Feb-26 1:00:00 AM ICT,0.8
04-Feb-26 1:30:00 AM ICT,0.7
04-Feb-26 2:00:00 AM ICT,0.8
04-Feb-26 2:30:00 AM ICT,0.7
04-Feb-26 3:00:00 AM ICT,0.7
04-Feb-26 3:30:00 AM ICT,0.5
04-Feb-26 4:00:00 AM ICT,0.6
04-Feb-26 4:30:00 AM ICT,0.7
04-Feb-26 5:00:00 AM ICT,1.9
04-Feb-26 5:30:00 AM ICT,2.3
04-Feb-26 6:00:00 AM ICT,1.6
04-Feb-26 6:30:00 AM ICT,1.9
04-Feb-26 7:00:00 AM ICT,0.6
04-Feb-26 7:30:00 AM ICT,0.5
04-Feb-26 8:00:00 AM ICT,0.6
04-Feb-26 8:30:00 AM ICT,0.5
04-Feb-26 9:00:00 AM ICT,0.5
04-Feb-26 9:30:00 AM ICT,0.6
04-Feb-26 10:00:00 AM ICT,0.6
04-Feb-26 10:30:00 AM ICT,0.5
04-Feb-26 11:00:00 AM ICT,0.4
04-Feb-26 11:30:00 AM ICT,0.4
04-Feb-26 12:00:00 PM ICT,0.4
04-Feb-26 12:30:00 PM ICT,0.4
04-Feb-26 1:00:00 PM ICT,0.4
04-Feb-26 1:30:00 PM ICT,0.4
04-Feb-26 2:00:00 PM ICT,0.5
04-Feb-26 2:30:00 PM ICT,0.4
04-Feb-26 3:00:00 PM ICT,0.4
04-Feb-26 3:30:00 PM ICT,0.4
04-Feb-26 4:00:00 PM ICT,0.4
04-Feb-26 4:30:00 PM ICT,0.4
04-Feb-26 5:00:00 PM ICT,0.4
04-Feb-26 5:30:00 PM ICT,0.4
04-Feb-26 6:00:00 PM ICT,0.4
04-Feb-26 6:30:00 PM ICT,0.3
04-Feb-26 7:00:00 PM ICT,4.5
04-Feb-26 7:30:00 PM ICT,2.8
04-Feb-26 8:00:00 PM ICT,1.2
04-Feb-26 8:30:00 PM ICT,1.1
04-Feb-26 9:00:00 PM ICT,0.8
04-Feb-26 9:30:00 PM ICT,0.6
04-Feb-26 10:00:00 PM ICT,0.8
04-Feb-26 10:30:00 PM ICT,0.7
04-Feb-26 11:00:00 PM ICT,0.6
04-Feb-26 11:30:00 PM ICT,0.7
05-Feb-26 12:00:00 AM ICT,0.6
05-Feb-26 12:30:00 AM ICT,0.5
05-Feb-26 1:00:00 AM ICT,0.5
05-Feb-26 1:30:00 AM ICT,0.5
05-Feb-26 2:00:00 AM ICT,0.4
05-Feb-26 2:30:00 AM ICT,0.5
05-Feb-26 3:00:00 AM ICT,0.4
05-Feb-26 3:30:00 AM ICT,0.4
05-Feb-26 4:00:00 AM ICT,0.4
05-Feb-26 4:30:00 AM ICT,0.4
05-Feb-26 5:00:00 AM ICT,0.9
05-Feb-26 5:30:00 AM ICT,0.9
05-Feb-26 6:00:00 AM ICT,0.9
05-Feb-26 6:30:00 AM ICT,0.6
05-Feb-26 7:00:00 AM ICT,0.7
05-Feb-26 7:30:00 AM ICT,0.6
05-Feb-26 8:00:00 AM ICT,5.3
05-Feb-26 8:30:00 AM ICT,1.4
05-Feb-26 9:00:00 AM ICT,0.5
05-Feb-26 9:30:00 AM ICT,0.6
05-Feb-26 10:00:00 AM ICT,0.7
05-Feb-26 10:30:00 AM ICT,0.5
05-Feb-26 11:00:00 AM ICT,0.6
05-Feb-26 11:30:00 AM ICT,0.5
05-Feb-26 12:00:00 PM ICT,0.5
05-Feb-26 12:30:00 PM ICT,0.6
05-Feb-26 1:00:00 PM ICT,0.5
05-Feb-26 1:30:00 PM ICT,0.5
05-Feb-26 2:00:00 PM ICT,0.5
05-Feb-26 2:30:00 PM ICT,0.5
05-Feb-26 3:00:00 PM ICT,0.4
05-Feb-26 3:30:00 PM ICT,0.4
05-Feb-26 4:00:00 PM ICT,0.4
05-Feb-26 4:30:00 PM ICT,0.5
05-Feb-26 5:00:00 PM ICT,0.4
05-Feb-26 5:30:00 PM ICT,0.4
05-Feb-26 6:00:00 PM ICT,0.4
05-Feb-26 6:30:00 PM ICT,0.4
05-Feb-26 7:00:00 PM ICT,0.4
05-Feb-26 7:30:00 PM ICT,0.4
05-Feb-26 8:00:00 PM ICT,0.4
05-Feb-26 8:30:00 PM ICT,0.4
05-Feb-26 9:00:00 PM ICT,0.4
05-Feb-26 9:30:00 PM ICT,0.4
05-Feb-26 10:00:00 PM ICT,0.4
05-Feb-26 10:30:00 PM ICT,0.3
05-Feb-26 11:00:00 PM ICT,0.3
05-Feb-26 11:30:00 PM ICT,0.3
06-Feb-26 12:00:00 AM ICT,0.3
06-Feb-26 12:30:00 AM ICT,0.3
06-Feb-26 1:00:00 AM ICT,0.3
06-Feb-26 1:30:00 AM ICT,0.3
06-Feb-26 2:00:00 AM ICT,0.3
06-Feb-26 2:30:00 AM ICT,0.3
06-Feb-26 3:00:00 AM ICT,0.3
06-Feb-26 3:30:00 AM ICT,0.3
06-Feb-26 4:00:00 AM ICT,0.3
06-Feb-26 4:30:00 AM ICT,0.3
06-Feb-26 5:00:00 AM ICT,0.2
06-Feb-26 5:30:00 AM ICT,1.1
06-Feb-26 6:00:00 AM ICT,0.9
06-Feb-26 6:30:00 AM ICT,0.6
06-Feb-26 7:00:00 AM ICT,4.6
06-Feb-26 7:30:00 AM ICT,3.1
06-Feb-26 8:00:00 AM ICT,2.8
06-Feb-26 8:30:00 AM ICT,2.2
06-Feb-26 9:00:00 AM ICT,1.8
06-Feb-26 9:30:00 AM ICT,1.0
06-Feb-26 10:00:00 AM ICT,0.6
06-Feb-26 10:30:00 AM ICT,0.7
06-Feb-26 11:00:00 AM ICT,0.7
06-Feb-26 11:30:00 AM ICT,0.6
06-Feb-26 12:00:00 PM ICT,1.1
06-Feb-26 12:30:00 PM ICT,0.6
06-Feb-26 1:00:00 PM ICT,0.7
06-Feb-26 1:30:00 PM ICT,0.5
06-Feb-26 2:00:00 PM ICT,0.4
06-Feb-26 2:30:00 PM ICT,0.4
06-Feb-26 3:00:00 PM ICT,0.4
06-Feb-26 3:30:00 PM ICT,0.4
06-Feb-26 4:00:00 PM ICT,0.4
06-Feb-26 4:30:00 PM ICT,0.4
06-Feb-26 5:00:00 PM ICT,0.3
06-Feb-26 5:30:00 PM ICT,0.3
06-Feb-26 6:00:00 PM ICT,0.3
06-Feb-26 6:30:00 PM ICT,0.3
06-Feb-26 7:00:00 PM ICT,0.3
06-Feb-26 7:30:00 PM ICT,0.3
06-Feb-26 8:00:00 PM ICT,0.3
06-Feb-26 8:30:00 PM ICT,0.3
06-Feb-26 9:00:00 PM ICT,0.3
06-Feb-26 9:30:00 PM ICT,3.0
06-Feb-26 10:00:00 PM ICT,3.7
06-Feb-26 10:30:00 PM ICT,2.8
06-Feb-26 11:00:00 PM ICT,1.9
06-Feb-26 11:30:00 PM ICT,1.8
07-Feb-26 12:00:00 AM ICT,1.2
07-Feb-26 12:30:00 AM ICT,1.2
07-Feb-26 1:00:00 AM ICT,1.1
07-Feb-26 1:30:00 AM ICT,1.0
07-Feb-26 2:00:00 AM ICT,0.8
07-Feb-26 2:30:00 AM ICT,0.7
07-Feb-26 3:00:00 AM ICT,0.8
07-Feb-26 3:30:00 AM ICT,0.7
07-Feb-26 4:00:00 AM ICT,0.7
07-Feb-26 4:30:00 AM ICT,0.5
07-Feb-26 5:00:00 AM ICT,0.6
07-Feb-26 5:30:00 AM ICT,0.6
07-Feb-26 6:00:00 AM ICT,0.5
07-Feb-26 6:30:00 AM ICT,0.7
07-Feb-26 7:00:00 AM ICT,0.6
07-Feb-26 7:30:00 AM ICT,0.5
07-Feb-26 8:00:00 AM ICT,0.5
07-Feb-26 8:30:00 AM ICT,0.5
07-Feb-26 9:00:00 AM ICT,0.8
07-Feb-26 9:30:00 AM ICT,0.8
07-Feb-26 10:00:00 AM ICT,0.8
07-Feb-26 10:30:00 AM ICT,0.8
07-Feb-26 11:00:00 AM ICT,0.8
07-Feb-26 11:30:00 AM ICT,0.7
07-Feb-26 12:00:00 PM ICT,0.7
07-Feb-26 12:30:00 PM ICT,0.7
07-Feb-26 1:00:00 PM ICT,0.7
07-Feb-26 1:30:00 PM ICT,0.7
07-Feb-26 2:00:00 PM ICT,0.7
07-Feb-26 2:30:00 PM ICT,0.7
07-Feb-26 3:00:00 PM ICT,0.7
07-Feb-26 3:30:00 PM ICT,0.7
07-Feb-26 4:00:00 PM ICT,0.7
07-Feb-26 4:30:00 PM ICT,0.7
07-Feb-26 5:00:00 PM ICT,0.7
07-Feb-26 5:30:00 PM ICT,0.7
07-Feb-26 6:00:00 PM ICT,0.7
07-Feb-26 6:30:00 PM ICT,0.7
07-Feb-26 7:00:00 PM ICT,0.7
07-Feb-26 7:30:00 PM ICT,0.7
07-Feb-26 8:00:00 PM ICT,0.7
07-Feb-26 8:30:00 PM ICT,0.7
07-Feb-26 9:00:00 PM ICT,0.7
07-Feb-26 9:30:00 PM ICT,0.7
07-Feb-26 10:00:00 PM ICT,0.7
07-Feb-26 10:30:00 PM ICT,0.7
07-Feb-26 11:00:00 PM ICT,0.7
07-Feb-26 11:30:00 PM ICT,0.8
08-Feb-26 12:00:00 AM ICT,0.7
08-Feb-26 12:30:00 AM ICT,0.7
08-Feb-26 1:00:00 AM ICT,0.7
08-Feb-26 1:30:00 AM ICT,0.7
08-Feb-26 2:00:00 AM ICT,0.7
08-Feb-26 2:30:00 AM ICT,0.7
08-Feb-26 3:00:00 AM ICT,0.8
08-Feb-26 3:30:00 AM ICT,0.7
08-Feb-26 4:00:00 AM ICT,0.7
08-Feb-26 4:30:00 AM ICT,0.7
08-Feb-26 5:00:00 AM ICT,0.7
08-Feb-26 5:30:00 AM ICT,0.7
08-Feb-26 6:00:00 AM ICT,0.7
08-Feb-26 6:30:00 AM ICT,0.7
08-Feb-26 7:00:00 AM ICT,0.7
08-Feb-26 7:30:00 AM ICT,0.7
08-Feb-26 8:00:00 AM ICT,0.7
08-Feb-26 8:30:00 AM ICT,0.6
08-Feb-26 9:00:00 AM ICT,0.5
08-Feb-26 9:30:00 AM ICT,0.5
08-Feb-26 10:00:00 AM ICT,0.4
08-Feb-26 10:30:00 AM ICT,0.3
08-Feb-26 11:00:00 AM ICT,0.3
08-Feb-26 11:30:00 AM ICT,0.3
08-Feb-26 12:00:00 PM ICT,0.3
08-Feb-26 12:30:00 PM ICT,0.3
08-Feb-26 1:00:00 PM ICT,0.3
08-Feb-26 1:30:00 PM ICT,0.3
08-Feb-26 2:00:00 PM ICT,0.3
08-Feb-26 2:30:00 PM ICT,0.3
08-Feb-26 3:00:00 PM ICT,0.3
08-Feb-26 3:30:00 PM ICT,0.3
08-Feb-26 4:00:00 PM ICT,0.3
08-Feb-26 4:30:00 PM ICT,0.3
08-Feb-26 5:00:00 PM ICT,0.2
08-Feb-26 5:30:00 PM ICT,0.2
08-Feb-26 6:00:00 PM ICT,0.2
08-Feb-26 6:30:00 PM ICT,0.2
08-Feb-26 7:00:00 PM ICT,0.2
08-Feb-26 7:30:00 PM ICT,0.2
08-Feb-26 8:00:00 PM ICT,0.2
08-Feb-26 8:30:00 PM ICT,0.2
08-Feb-26 9:00:00 PM ICT,0.2
08-Feb-26 9:30:00 PM ICT,0.2
08-Feb-26 10:00:00 PM ICT,0.2
08-Feb-26 10:30:00 PM ICT,0.2
08-Feb-26 11:00:00 PM ICT,0.2
08-Feb-26 11:30:00 PM ICT,0.2
09-Feb-26 12:00:00 AM ICT,0.2
09-Feb-26 12:30:00 AM ICT,0.2
09-Feb-26 1:00:00 AM ICT,0.2
09-Feb-26 1:30:00 AM ICT,0.2
09-Feb-26 2:00:00 AM ICT,0.2
09-Feb-26 2:30:00 AM ICT,0.1
09-Feb-26 3:00:00 AM ICT,0.1
09-Feb-26 3:30:00 AM ICT,0.1
09-Feb-26 4:00:00 AM ICT,0.1
09-Feb-26 4:30:00 AM ICT,0.1
09-Feb-26 5:00:00 AM ICT,0.1
09-Feb-26 5:30:00 AM ICT,0.1
09-Feb-26 6:00:00 AM ICT,0.1
09-Feb-26 6:30:00 AM ICT,0.1
09-Feb-26 7:00:00 AM ICT,0.1
09-Feb-26 7:30:00 AM ICT,0.1
09-Feb-26 8:00:00 AM ICT,0.1
09-Feb-26 8:30:00 AM ICT,0.1
09-Feb-26 9:00:00 AM ICT,0.1
09-Feb-26 9:30:00 AM ICT,0.1
09-Feb-26 10:00:00 AM ICT,0.1
09-Feb-26 10:30:00 AM ICT,0.1
09-Feb-26 11:00:00 AM ICT,0.1
09-Feb-26 11:30:00 AM ICT,0.1
09-Feb-26 12:00:00 PM ICT,0.1
09-Feb-26 12:30:00 PM ICT,0.1
09-Feb-26 1:00:00 PM ICT,0.1
09-Feb-26 1:30:00 PM ICT,0.1
09-Feb-26 2:00:00 PM ICT,0.1
09-Feb-26 2:30:00 PM ICT,0.1
09-Feb-26 3:00:00 PM ICT,0.1
09-Feb-26 3:30:00 PM ICT,0.1
09-Feb-26 4:00:00 PM ICT,0.0
09-Feb-26 4:30:00 PM ICT,0.0
09-Feb-26 5:00:00 PM ICT,0.0
09-Feb-26 5:30:00 PM ICT,0.0
09-Feb-26 6:00:00 PM ICT,0.0
09-Feb-26 6:30:00 PM ICT,0.0
09-Feb-26 7:00:00 PM ICT,0.0
09-Feb-26 7:30:00 PM ICT,0.0
09-Feb-26 8:00:00 PM ICT,0.0
09-Feb-26 8:30:00 PM ICT,0.0
09-Feb-26 9:00:00 PM ICT,0.0
09-Feb-26 9:30:00 PM ICT,0.0
09-Feb-26 10:00:00 PM ICT,0.0
09-Feb-26 10:30:00 PM ICT,0.0
09-Feb-26 11:00:00 PM ICT,0.0
09-Feb-26 11:30:00 PM ICT,0.0
10-Feb-26 12:00:00 AM ICT,0.0
10-Feb-26 12:30:00 AM ICT,0.0
10-Feb-26 1:00:00 AM ICT,0.0
10-Feb-26 1:30:00 AM ICT,0.0
10-Feb-26 2:00:00 AM ICT,0.0
10-Feb-26 2:30:00 AM ICT,0.0
10-Feb-26 3:00:00 AM ICT,0.0
10-Feb-26 3:30:00 AM ICT,0.0
10-Feb-26 4:00:00 AM ICT,0.0
10-Feb-26 4:30:00 AM ICT,0.0
10-Feb-26 5:00:00 AM ICT,0.0
10-Feb-26 5:30:00 AM ICT,0.0
10-Feb-26 6:00:00 AM ICT,0.0
10-Feb-26 6:30:00 AM ICT,0.0
10-Feb-26 7:00:00 AM ICT,0.0
10-Feb-26 7:30:00 AM ICT,0.0
10-Feb-26 8:00:00 AM ICT,0.0
10-Feb-26 8:30:00 AM ICT,0.0
10-Feb-26 9:00:00 AM ICT,0.0
10-Feb-26 9:30:00 AM ICT,0.0
10-Feb-26 10:00:00 AM ICT,0.0
10-Feb-26 10:30:00 AM ICT,0.0
10-Feb-26 11:00:00 AM ICT,0.0
10-Feb-26 11:30:00 AM ICT,0.0
10-Feb-26 12:00:00 PM ICT,0.0
10-Feb-26 12:30:00 PM ICT,0.0
10-Feb-26 1:00:00 PM ICT,0.0
10-Feb-26 1:30:00 PM ICT,0.0
10-Feb-26 2:00:00 PM ICT,0.0
10-Feb-26 2:30:00 PM ICT,0.0
10-Feb-26 3:00:00 PM ICT,0.0
10-Feb-26 3:30:00 PM ICT,0.0
10-Feb-26 4:00:00 PM ICT,0.0
10-Feb-26 4:30:00 PM ICT,0.0
10-Feb-26 5:00:00 PM ICT,0.0
10-Feb-26 5:30:00 PM ICT,0.0
10-Feb-26 6:00:00 PM ICT,0.0
10-Feb-26 6:30:00 PM ICT,0.0
10-Feb-26 7:00:00 PM ICT,0.0
10-Feb-26 7:30:00 PM ICT,0.0
10-Feb-26 8:00:00 PM ICT,0.0
10-Feb-26 8:30:00 PM ICT,0.0
10-Feb-26 9:00:00 PM ICT,0.0
10-Feb-26 9:30:00 PM ICT,0.0
10-Feb-26 10:00:00 PM ICT,0.0
10-Feb-26 10:30:00 PM ICT,0.0
10-Feb-26 11:00:00 PM ICT,0.0
10-Feb-26 11:30:00 PM ICT,0.0
11-Feb-26 12:00:00 AM ICT,0.0
11-Feb-26 12:30:00 AM ICT,0.0
11-Feb-26 1:00:00 AM ICT,0.0
11-Feb-26 1:30:00 AM ICT,0.0
11-Feb-26 2:00:00 AM ICT,0.0
11-Feb-26 2:30:00 AM ICT,0.0
11-Feb-26 3:00:00 AM ICT,0.0
11-Feb-26 3:30:00 AM ICT,0.0
11-Feb-26 4:00:00 AM ICT,0.0
11-Feb-26 4:30:00 AM ICT,0.0
11-Feb-26 5:00:00 AM ICT,0.0
11-Feb-26 5:30:00 AM ICT,0.0
11-Feb-26 6:00:00 AM ICT,0.0
11-Feb-26 6:30:00 AM ICT,0.0
11-Feb-26 7:00:00 AM ICT,0.0
11-Feb-26 7:30:00 AM ICT,0.0
11-Feb-26 8:00:00 AM ICT,0.0
11-Feb-26 8:30:00 AM ICT,0.0
11-Feb-26 9:00:00 AM ICT,0.0
11-Feb-26 9:30:00 AM ICT,0.0
11-Feb-26 10:00:00 AM ICT,0.0
11-Feb-26 10:30:00 AM ICT,0.0
11-Feb-26 11:00:00 AM ICT,0.0
11-Feb-26 11:30:00 AM ICT,0.0
11-Feb-26 12:00:00 PM ICT,0.0
11-Feb-26 12:30:00 PM ICT,0.0
11-Feb-26 1:00:00 PM ICT,0.0
11-Feb-26 1:30:00 PM ICT,0.0
11-Feb-26 2:00:00 PM ICT,0.0
11-Feb-26 2:30:00 PM ICT,0.0
11-Feb-26 3:00:00 PM ICT,0.0
11-Feb-26 3:30:00 PM ICT,0.0
11-Feb-26 4:00:00 PM ICT,0.0
11-Feb-26 4:30:00 PM ICT,0.0
11-Feb-26 5:00:00 PM ICT,0.0
11-Feb-26 5:30:00 PM ICT,0.0
11-Feb-26 6:00:00 PM ICT,0.0
11-Feb-26 6:30:00 PM ICT,0.0
11-Feb-26 7:00:00 PM ICT,0.0
11-Feb-26 7:30:00 PM ICT,0.0
11-Feb-26 8:00:00 PM ICT,0.0
11-Feb-26 8:30:00 PM ICT,0.0
11-Feb-26 9:00:00 PM ICT,0.0
11-Feb-26 9:30:00 PM ICT,0.0
11-Feb-26 10:00:00 PM ICT,0.0
11-Feb-26 10:30:00 PM ICT,0.0
11-Feb-26 11:00:00 PM ICT,0.0
11-Feb-26 11:30:00 PM ICT,0.0
12-Feb-26 12:00:00 AM ICT,0.0
12-Feb-26 12:30:00 AM ICT,0.0
12-Feb-26 1:00:00 AM ICT,0.0
12-Feb-26 1:30:00 AM ICT,0.0
12-Feb-26 2:00:00 AM ICT,0.0
12-Feb-26 2:30:00 AM ICT,0.0
12-Feb-26 3:00:00 AM ICT,0.0
12-Feb-26 3:30:00 AM ICT,0.0
12-Feb-26 4:00:00 AM ICT,0.0
12-Feb-26 4:30:00 AM ICT,0.0
12-Feb-26 5:00:00 AM ICT,0.0
12-Feb-26 5:30:00 AM ICT,0.0
12-Feb-26 6:00:00 AM ICT,0.0
12-Feb-26 6:30:00 AM ICT,0.0
12-Feb-26 7:00:00 AM ICT,0.6
12-Feb-26 7:30:00 AM ICT,0.4
12-Feb-26 8:00:00 AM ICT,0.0
12-Feb-26 8:30:00 AM ICT,0.0
12-Feb-26 9:00:00 AM ICT,0.0
12-Feb-26 9:30:00 AM ICT,0.0
12-Feb-26 10:00:00 AM ICT,0.0
12-Feb-26 10:30:00 AM ICT,0.0
12-Feb-26 11:00:00 AM ICT,0.0
12-Feb-26 11:30:00 AM ICT,0.0
12-Feb-26 12:00:00 PM ICT,0.0
12-Feb-26 12:30:00 PM ICT,0.0
12-Feb-26 1:00:00 PM ICT,0.0
12-Feb-26 1:30:00 PM ICT,0.0
12-Feb-26 2:00:00 PM ICT,0.0
12-Feb-26 2:30:00 PM ICT,0.0
12-Feb-26 3:00:00 PM ICT,0.0
12-Feb-26 3:30:00 PM ICT,2.5
12-Feb-26 4:00:00 PM ICT,1.9
12-Feb-26 4:30:00 PM ICT,0.8
12-Feb-26 5:00:00 PM ICT,0.6
12-Feb-26 5:30:00 PM ICT,0.3
12-Feb-26 6:00:00 PM ICT,0.1
12-Feb-26 6:30:00 PM ICT,0.0
12-Feb-26 7:00:00 PM ICT,0.0
12-Feb-26 7:30:00 PM ICT,0.0
12-Feb-26 8:00:00 PM ICT,0.0
12-Feb-26 8:30:00 PM ICT,0.0
12-Feb-26 9:00:00 PM ICT,0.0
12-Feb-26 9:30:00 PM ICT,0.0
12-Feb-26 10:00:00 PM ICT,0.0
12-Feb-26 10:30:00 PM ICT,0.0
12-Feb-26 11:00:00 PM ICT,0.0
12-Feb-26 11:30:00 PM ICT,0.0
13-Feb-26 12:00:00 AM ICT,0.0
13-Feb-26 12:30:00 AM ICT,0.0
13-Feb-26 1:00:00 AM ICT,0.0
13-Feb-26 1:30:00 AM ICT,0.0
13-Feb-26 2:00:00 AM ICT,0.0
13-Feb-26 2:30:00 AM ICT,0.0
13-Feb-26 3:00:00 AM ICT,0.0
13-Feb-26 3:30:00 AM ICT,0.0
13-Feb-26 4:00:00 AM ICT,0.0
13-Feb-26 4:30:00 AM ICT,0.0
13-Feb-26 5:00:00 AM ICT,0.0
13-Feb-26 5:30:00 AM ICT,0.0
13-Feb-26 6:00:00 AM ICT,0.0
13-Feb-26 6:30:00 AM ICT,0.0
13-Feb-26 7:00:00 AM ICT,0.0
13-Feb-26 7:30:00 AM ICT,0.0
13-Feb-26 8:00:00 AM ICT,0.0
13-Feb-26 8:30:00 AM ICT,0.0
13-Feb-26 9:00:00 AM ICT,0.0
13-Feb-26 9:30:00 AM ICT,0.0
13-Feb-26 10:00:00 AM ICT,0.0
13-Feb-26 10:30:00 AM ICT,0.0
13-Feb-26 11:00:00 AM ICT,0.0
13-Feb-26 11:30:00 AM ICT,0.0
13-Feb-26 12:00:00 PM ICT,0.0
13-Feb-26 12:30:00 PM ICT,0.0
13-Feb-26 1:00:00 PM ICT,2.1
13-Feb-26 1:30:00 PM ICT,3.5
13-Feb-26 2:00:00 PM ICT,8.1
13-Feb-26 2:30:00 PM ICT,0.2
13-Feb-26 3:00:00 PM ICT,0.0
13-Feb-26 3:30:00 PM ICT,0.0
13-Feb-26 4:00:00 PM ICT,0.0
13-Feb-26 4:30:00 PM ICT,0.1
13-Feb-26 5:00:00 PM ICT,0.1
13-Feb-26 5:30:00 PM ICT,0.1
13-Feb-26 6:00:00 PM ICT,0.1
13-Feb-26 6:30:00 PM ICT,0.1
13-Feb-26 7:00:00 PM ICT,0.1
13-Feb-26 7:30:00 PM ICT,0.1
13-Feb-26 8:00:00 PM ICT,0.1
13-Feb-26 8:30:00 PM ICT,0.1
13-Feb-26 9:00:00 PM ICT,0.0
13-Feb-26 9:30:00 PM ICT,0.0
13-Feb-26 10:00:00 PM ICT,0.0
13-Feb-26 10:30:00 PM ICT,0.0
13-Feb-26 11:00:00 PM ICT,0.0
13-Feb-26 11:30:00 PM ICT,0.0
14-Feb-26 12:00:00 AM ICT,0.0
14-Feb-26 12:30:00 AM ICT,0.0
14-Feb-26 1:00:00 AM ICT,0.0
14-Feb-26 1:30:00 AM ICT,0.0
14-Feb-26 2:00:00 AM ICT,0.0
14-Feb-26 2:30:00 AM ICT,0.0
14-Feb-26 3:00:00 AM ICT,0.0
14-Feb-26 3:30:00 AM ICT,0.0
14-Feb-26 4:00:00 AM ICT,0.0
14-Feb-26 4:30:00 AM ICT,0.0
14-Feb-26 5:00:00 AM ICT,0.0
14-Feb-26 5:30:00 AM ICT,0.0
14-Feb-26 6:00:00 AM ICT,0.0
14-Feb-26 6:30:00 AM ICT,0.0
14-Feb-26 7:00:00 AM ICT,0.0
14-Feb-26 7:30:00 AM ICT,0.0
14-Feb-26 8:00:00 AM ICT,0.0
14-Feb-26 8:30:00 AM ICT,0.0
14-Feb-26 9:00:00 AM ICT,0.0
14-Feb-26 9:30:00 AM ICT,0.0
14-Feb-26 10:00:00 AM ICT,0.0
14-Feb-26 10:30:00 AM ICT,0.1
14-Feb-26 11:00:00 AM ICT,0.0
14-Feb-26 11:30:00 AM ICT,0.4
14-Feb-26 12:00:00 PM ICT,4.0
14-Feb-26 12:30:00 PM ICT,0.2
14-Feb-26 1:00:00 PM ICT,0.3
14-Feb-26 1:30:00 PM ICT,0.2
14-Feb-26 2:00:00 PM ICT,0.1
14-Feb-26 2:30:00 PM ICT,0.1
14-Feb-26 3:00:00 PM ICT,0.1
14-Feb-26 3:30:00 PM ICT,0.1
14-Feb-26 4:00:00 PM ICT,0.1
14-Feb-26 4:30:00 PM ICT,0.1
14-Feb-26 5:00:00 PM ICT,0.1
14-Feb-26 5:30:00 PM ICT,0.1
14-Feb-26 6:00:00 PM ICT,0.1
14-Feb-26 6:30:00 PM ICT,0.1
14-Feb-26 7:00:00 PM ICT,0.1
14-Feb-26 7:30:00 PM ICT,0.1
14-Feb-26 8:00:00 PM ICT,0.1
14-Feb-26 8:30:00 PM ICT,0.1
14-Feb-26 9:00:00 PM ICT,0.1
14-Feb-26 9:30:00 PM ICT,0.1
14-Feb-26 10:00:00 PM ICT,0.1
14-Feb-26 10:30:00 PM ICT,0.1
14-Feb-26 11:00:00 PM ICT,0.1
14-Feb-26 11:30:00 PM ICT,0.1
15-Feb-26 12:00:00 AM ICT,0.1
15-Feb-26 12:30:00 AM ICT,0.1
15-Feb-26 1:00:00 AM ICT,0.1
15-Feb-26 1:30:00 AM ICT,0.1
15-Feb-26 2:00:00 AM ICT,0.1
15-Feb-26 2:30:00 AM ICT,0.1
15-Feb-26 3:00:00 AM ICT,0.1
15-Feb-26 3:30:00 AM ICT,0.1
15-Feb-26 4:00:00 AM ICT,0.1
15-Feb-26 4:30:00 AM ICT,0.1
15-Feb-26 5:00:00 AM ICT,0.1
15-Feb-26 5:30:00 AM ICT,0.1
15-Feb-26 6:00:00 AM ICT,0.1
15-Feb-26 6:30:00 AM ICT,0.1
15-Feb-26 7:00:00 AM ICT,0.1
15-Feb-26 7:30:00 AM ICT,0.1
15-Feb-26 8:00:00 AM ICT,0.1
15-Feb-26 8:30:00 AM ICT,0.1
15-Feb-26 9:00:00 AM ICT,0.1
15-Feb-26 9:30:00 AM ICT,0.0
15-Feb-26 10:00:00 AM ICT,0.0
15-Feb-26 10:30:00 AM ICT,0.0
15-Feb-26 11:00:00 AM ICT,0.0
15-Feb-26 11:30:00 AM ICT,0.0
15-Feb-26 12:00:00 PM ICT,0.0
15-Feb-26 12:30:00 PM ICT,0.0
15-Feb-26 1:00:00 PM ICT,0.0
15-Feb-26 1:30:00 PM ICT,0.0
15-Feb-26 2:00:00 PM ICT,0.0
15-Feb-26 2:30:00 PM ICT,0.0
15-Feb-26 3:00:00 PM ICT,0.3
15-Feb-26 3:30:00 PM ICT,0.1
15-Feb-26 4:00:00 PM ICT,0.0
15-Feb-26 4:30:00 PM ICT,0.0
15-Feb-26 5:00:00 PM ICT,0.0
15-Feb-26 5:30:00 PM ICT,0.0
15-Feb-26 6:00:00 PM ICT,0.0
15-Feb-26 6:30:00 PM ICT,0.0
15-Feb-26 7:00:00 PM ICT,0.0
15-Feb-26 7:30:00 PM ICT,0.0
15-Feb-26 8:00:00 PM ICT,0.0
15-Feb-26 8:30:00 PM ICT,0.0
15-Feb-26 9:00:00 PM ICT,0.0
15-Feb-26 9:30:00 PM ICT,0.0
15-Feb-26 10:00:00 PM ICT,0.0
15-Feb-26 10:30:00 PM ICT,0.0
15-Feb-26 11:00:00 PM ICT,0.0
15-Feb-26 11:30:00 PM ICT,0.0
16-Feb-26 12:00:00 AM ICT,0.0
16-Feb-26 12:30:00 AM ICT,0.0
16-Feb-26 1:00:00 AM ICT,0.0
16-Feb-26 1:30:00 AM ICT,0.0
16-Feb-26 2:00:00 AM ICT,0.0
16-Feb-26 2:30:00 AM ICT,0.0
16-Feb-26 3:00:00 AM ICT,0.0
16-Feb-26 3:30:00 AM ICT,0.0
16-Feb-26 4:00:00 AM ICT,0.0
16-Feb-26 4:30:00 AM ICT,0.0
16-Feb-26 5:00:00 AM ICT,0.0
16-Feb-26 5:30:00 AM ICT,0.0
16-Feb-26 6:00:00 AM ICT,0.2
16-Feb-26 6:30:00 AM ICT,0.4
16-Feb-26 7:00:00 AM ICT,0.5
16-Feb-26 7:30:00 AM ICT,0.9
16-Feb-26 8:00:00 AM ICT,2.2
16-Feb-26 8:30:00 AM ICT,4.6
16-Feb-26 9:00:00 AM ICT,1.0
16-Feb-26 9:30:00 AM ICT,5.5
16-Feb-26 10:00:00 AM ICT,0.4
16-Feb-26 10:30:00 AM ICT,4.0
16-Feb-26 11:00:00 AM ICT,3.7
16-Feb-26 11:30:00 AM ICT,0.1
16-Feb-26 12:00:00 PM ICT,5.3
16-Feb-26 12:30:00 PM ICT,1.1
16-Feb-26 1:00:00 PM ICT,2.6
16-Feb-26 1:30:00 PM ICT,4.3
16-Feb-26 2:00:00 PM ICT,3.2
16-Feb-26 2:30:00 PM ICT,1.2
16-Feb-26 3:00:00 PM ICT,4.5
16-Feb-26 3:30:00 PM ICT,3.1
16-Feb-26 4:00:00 PM ICT,0.7
16-Feb-26 4:30:00 PM ICT,4.4
16-Feb-26 5:00:00 PM ICT,2.3
16-Feb-26 5:30:00 PM ICT,0.5
16-Feb-26 6:00:00 PM ICT,0.4
16-Feb-26 6:30:00 PM ICT,0.4
16-Feb-26 7:00:00 PM ICT,0.4
16-Feb-26 7:30:00 PM ICT,0.4
16-Feb-26 8:00:00 PM ICT,0.4
16-Feb-26 8:30:00 PM ICT,0.3
16-Feb-26 9:00:00 PM ICT,0.3
16-Feb-26 9:30:00 PM ICT,0.3
16-Feb-26 10:00:00 PM ICT,0.3
16-Feb-26 10:30:00 PM ICT,0.3
16-Feb-26 11:00:00 PM ICT,1.3
16-Feb-26 11:30:00 PM ICT,0.3
17-Feb-26 12:00:00 AM ICT,0.9
17-Feb-26 12:30:00 AM ICT,0.6
17-Feb-26 1:00:00 AM ICT,0.9
17-Feb-26 1:30:00 AM ICT,0.3
17-Feb-26 2:00:00 AM ICT,0.8
17-Feb-26 2:30:00 AM ICT,0.5
17-Feb-26 3:00:00 AM ICT,0.5
17-Feb-26 3:30:00 AM ICT,0.4
17-Feb-26 4:00:00 AM ICT,0.4
17-Feb-26 4:30:00 AM ICT,0.2
17-Feb-26 5:00:00 AM ICT,1.4
17-Feb-26 5:30:00 AM ICT,0.3
17-Feb-26 6:00:00 AM ICT,1.0
17-Feb-26 6:30:00 AM ICT,0.5
17-Feb-26 7:00:00 AM ICT,1.9
17-Feb-26 7:30:00 AM ICT,2.3
17-Feb-26 8:00:00 AM ICT,1.3
17-Feb-26 8:30:00 AM ICT,10.0
17-Feb-26 9:00:00 AM ICT,9.6
17-Feb-26 9:30:00 AM ICT,6.1
17-Feb-26 10:00:00 AM ICT,2.6
17-Feb-26 10:30:00 AM ICT,1.5
17-Feb-26 11:00:00 AM ICT,1.8
17-Feb-26 11:30:00 AM ICT,2.0
17-Feb-26 12:00:00 PM ICT,2.0
17-Feb-26 12:30:00 PM ICT,2.0
17-Feb-26 1:00:00 PM ICT,2.1
17-Feb-26 1:30:00 PM ICT,2.1
17-Feb-26 2:00:00 PM ICT,2.1
17-Feb-26 2:30:00 PM ICT,2.1
17-Feb-26 3:00:00 PM ICT,2.1
17-Feb-26 3:30:00 PM ICT,2.2
17-Feb-26 4:00:00 PM ICT,2.2
17-Feb-26 4:30:00 PM ICT,2.2
17-Feb-26 5:00:00 PM ICT,2.1
17-Feb-26 5:30:00 PM ICT,2.1
17-Feb-26 6:00:00 PM ICT,2.1
17-Feb-26 6:30:00 PM ICT,2.1
17-Feb-26 7:00:00 PM ICT,2.1
17-Feb-26 7:30:00 PM ICT,2.2
17-Feb-26 8:00:00 PM ICT,1.1
17-Feb-26 8:30:00 PM ICT,1.0
17-Feb-26 9:00:00 PM ICT,1.0
17-Feb-26 9:30:00 PM ICT,0.9
17-Feb-26 10:00:00 PM ICT,0.8
17-Feb-26 10:30:00 PM ICT,0.9
17-Feb-26 11:00:00 PM ICT,0.7
17-Feb-26 11:30:00 PM ICT,0.8
18-Feb-26 12:00:00 AM ICT,0.9
18-Feb-26 12:30:00 AM ICT,0.6
18-Feb-26 1:00:00 AM ICT,0.8
18-Feb-26 1:30:00 AM ICT,0.9
18-Feb-26 2:00:00 AM ICT,0.9
18-Feb-26 2:30:00 AM ICT,0.6
18-Feb-26 3:00:00 AM ICT,0.4
18-Feb-26 3:30:00 AM ICT,0.6
18-Feb-26 4:00:00 AM ICT,0.7
18-Feb-26 4:30:00 AM ICT,0.7
18-Feb-26 5:00:00 AM ICT,0.8
18-Feb-26 5:30:00 AM ICT,0.8
18-Feb-26 6:00:00 AM ICT,0.8
18-Feb-26 6:30:00 AM ICT,0.8
18-Feb-26 7:00:00 AM ICT,0.8
18-Feb-26 7:30:00 AM ICT,0.8
18-Feb-26 8:00:00 AM ICT,0.8
18-Feb-26 8:30:00 AM ICT,0.8
18-Feb-26 9:00:00 AM ICT,0.5
18-Feb-26 9:30:00 AM ICT,0.1
18-Feb-26 10:00:00 AM ICT,5.4
18-Feb-26 10:30:00 AM ICT,3.0
18-Feb-26 11:00:00 AM ICT,1.3
18-Feb-26 11:30:00 AM ICT,6.5
18-Feb-26 12:00:00 PM ICT,0.3
18-Feb-26 12:30:00 PM ICT,6.0
18-Feb-26 1:00:00 PM ICT,2.7
18-Feb-26 1:30:00 PM ICT,1.8
18-Feb-26 2:00:00 PM ICT,6.5
18-Feb-26 2:30:00 PM ICT,0.4
18-Feb-26 3:00:00 PM ICT,6.6
18-Feb-26 3:30:00 PM ICT,1.9
18-Feb-26 4:00:00 PM ICT,2.7
18-Feb-26 4:30:00 PM ICT,6.1
18-Feb-26 5:00:00 PM ICT,0.3
18-Feb-26 5:30:00 PM ICT,2.5
18-Feb-26 6:00:00 PM ICT,3.4
18-Feb-26 6:30:00 PM ICT,0.2
18-Feb-26 7:00:00 PM ICT,7.1
18-Feb-26 7:30:00 PM ICT,4.4
18-Feb-26 8:00:00 PM ICT,0.4
18-Feb-26 8:30:00 PM ICT,3.7
18-Feb-26 9:00:00 PM ICT,7.2
18-Feb-26 9:30:00 PM ICT,0.8
18-Feb-26 10:00:00 PM ICT,1.3
18-Feb-26 10:30:00 PM ICT,9.5
18-Feb-26 11:00:00 PM ICT,1.8
18-Feb-26 11:30:00 PM ICT,0.1
19-Feb-26 12:00:00 AM ICT,8.3
19-Feb-26 12:30:00 AM ICT,3.3
19-Feb-26 1:00:00 AM ICT,0.3
19-Feb-26 1:30:00 AM ICT,6.3
19-Feb-26 2:00:00 AM ICT,6.0
19-Feb-26 2:30:00 AM ICT,0.4
19-Feb-26 3:00:00 AM ICT,3.4
19-Feb-26 3:30:00 AM ICT,7.1
19-Feb-26 4:00:00 AM ICT,0.7
19-Feb-26 4:30:00 AM ICT,1.1
19-Feb-26 5:00:00 AM ICT,9.2
19-Feb-26 5:30:00 AM ICT,2.6
19-Feb-26 6:00:00 AM ICT,0.2
19-Feb-26 6:30:00 AM ICT,7.0
19-Feb-26 7:00:00 AM ICT,5.6
19-Feb-26 7:30:00 AM ICT,0.4
19-Feb-26 8:00:00 AM ICT,2.7
19-Feb-26 8:30:00 AM ICT,6.6
19-Feb-26 9:00:00 AM ICT,1.9
19-Feb-26 9:30:00 AM ICT,0.5
19-Feb-26 10:00:00 AM ICT,3.2
19-Feb-26 10:30:00 AM ICT,8.4
19-Feb-26 11:00:00 AM ICT,1.1
19-Feb-26 11:30:00 AM ICT,0.2
19-Feb-26 12:00:00 PM ICT,8.7
19-Feb-26 12:30:00 PM ICT,4.3
19-Feb-26 1:00:00 PM ICT,0.3
19-Feb-26 1:30:00 PM ICT,3.6
19-Feb-26 2:00:00 PM ICT,7.2
19-Feb-26 2:30:00 PM ICT,1.2
19-Feb-26 3:00:00 PM ICT,0.1
19-Feb-26 3:30:00 PM ICT,7.4
19-Feb-26 4:00:00 PM ICT,4.2
19-Feb-26 4:30:00 PM ICT,0.5
19-Feb-26 5:00:00 PM ICT,1.6
19-Feb-26 5:30:00 PM ICT,9.0
19-Feb-26 6:00:00 PM ICT,1.7
19-Feb-26 6:30:00 PM ICT,0.2
19-Feb-26 7:00:00 PM ICT,6.7
19-Feb-26 7:30:00 PM ICT,5.5
19-Feb-26 8:00:00 PM ICT,0.5
19-Feb-26 8:30:00 PM ICT,1.3
19-Feb-26 9:00:00 PM ICT,9.4
19-Feb-26 9:30:00 PM ICT,1.8
19-Feb-26 10:00:00 PM ICT,0.2
19-Feb-26 10:30:00 PM ICT,6.8
19-Feb-26 11:00:00 PM ICT,4.1
19-Feb-26 11:30:00 PM ICT,0.4
20-Feb-26 12:00:00 AM ICT,3.2
20-Feb-26 12:30:00 AM ICT,7.4
20-Feb-26 1:00:00 AM ICT,0.8
20-Feb-26 1:30:00 AM ICT,0.3
20-Feb-26 2:00:00 AM ICT,8.8
20-Feb-26 2:30:00 AM ICT,1.8
20-Feb-26 3:00:00 AM ICT,0.2
20-Feb-26 3:30:00 AM ICT,8.3
20-Feb-26 4:00:00 AM ICT,3.0
20-Feb-26 4:30:00 AM ICT,0.4
20-Feb-26 5:00:00 AM ICT,4.8
20-Feb-26 5:30:00 AM ICT,6.1
20-Feb-26 6:00:00 AM ICT,0.5
20-Feb-26 6:30:00 AM ICT,1.2
20-Feb-26 7:00:00 AM ICT,8.5
20-Feb-26 7:30:00 AM ICT,1.4
20-Feb-26 8:00:00 AM ICT,0.4
20-Feb-26 8:30:00 AM ICT,9.2
20-Feb-26 9:00:00 AM ICT,2.3
20-Feb-26 9:30:00 AM ICT,0.4
20-Feb-26 10:00:00 AM ICT,1.5
20-Feb-26 10:30:00 AM ICT,0.6
20-Feb-26 11:00:00 AM ICT,0.2
20-Feb-26 11:30:00 AM ICT,5.3
20-Feb-26 12:00:00 PM ICT,6.1
20-Feb-26 12:30:00 PM ICT,0.6
20-Feb-26 1:00:00 PM ICT,1.9
20-Feb-26 1:30:00 PM ICT,9.0
20-Feb-26 2:00:00 PM ICT,1.9
20-Feb-26 2:30:00 PM ICT,0.2
20-Feb-26 3:00:00 PM ICT,6.4
20-Feb-26 3:30:00 PM ICT,1.4
20-Feb-26 4:00:00 PM ICT,2.1
20-Feb-26 4:30:00 PM ICT,6.0
20-Feb-26 5:00:00 PM ICT,1.0
20-Feb-26 5:30:00 PM ICT,0.3
20-Feb-26 6:00:00 PM ICT,6.3
20-Feb-26 6:30:00 PM ICT,1.1
20-Feb-26 7:00:00 PM ICT,4.9
20-Feb-26 7:30:00 PM ICT,2.5
20-Feb-26 8:00:00 PM ICT,2.3
20-Feb-26 8:30:00 PM ICT,5.9
20-Feb-26 9:00:00 PM ICT,0.3
20-Feb-26 9:30:00 PM ICT,6.9
20-Feb-26 10:00:00 PM ICT,0.4
20-Feb-26 10:30:00 PM ICT,6.0
20-Feb-26 11:00:00 PM ICT,0.6
20-Feb-26 11:30:00 PM ICT,5.3
21-Feb-26 12:00:00 AM ICT,1.5
21-Feb-26 12:30:00 AM ICT,5.0
21-Feb-26 1:00:00 AM ICT,2.8
21-Feb-26 1:30:00 AM ICT,1.2
21-Feb-26 2:00:00 AM ICT,5.1
21-Feb-26 2:30:00 AM ICT,0.3
21-Feb-26 3:00:00 AM ICT,7.0
21-Feb-26 3:30:00 AM ICT,0.5
21-Feb-26 4:00:00 AM ICT,6.3
21-Feb-26 4:30:00 AM ICT,0.7
21-Feb-26 5:00:00 AM ICT,5.2
21-Feb-26 5:30:00 AM ICT,1.4
21-Feb-26 6:00:00 AM ICT,3.6
21-Feb-26 6:30:00 AM ICT,3.2
21-Feb-26 7:00:00 AM ICT,0.3
21-Feb-26 7:30:00 AM ICT,6.4
21-Feb-26 8:00:00 AM ICT,0.3
21-Feb-26 8:30:00 AM ICT,7.3
21-Feb-26 9:00:00 AM ICT,0.5
21-Feb-26 9:30:00 AM ICT,5.9
21-Feb-26 10:00:00 AM ICT,1.0
21-Feb-26 10:30:00 AM ICT,5.1
21-Feb-26 11:00:00 AM ICT,2.3
21-Feb-26 11:30:00 AM ICT,1.5
21-Feb-26 12:00:00 PM ICT,4.7
21-Feb-26 12:30:00 PM ICT,0.3
21-Feb-26 1:00:00 PM ICT,6.5
21-Feb-26 1:30:00 PM ICT,0.4
21-Feb-26 2:00:00 PM ICT,5.9
21-Feb-26 2:30:00 PM ICT,0.6
21-Feb-26 3:00:00 PM ICT,4.6
21-Feb-26 3:30:00 PM ICT,1.7
21-Feb-26 4:00:00 PM ICT,1.2
21-Feb-26 4:30:00 PM ICT,4.7
21-Feb-26 5:00:00 PM ICT,0.3
21-Feb-26 5:30:00 PM ICT,5.8
21-Feb-26 6:00:00 PM ICT,0.4
21-Feb-26 6:30:00 PM ICT,5.4
21-Feb-26 7:00:00 PM ICT,1.0
21-Feb-26 7:30:00 PM ICT,3.6
21-Feb-26 8:00:00 PM ICT,3.5
21-Feb-26 8:30:00 PM ICT,0.3
21-Feb-26 9:00:00 PM ICT,6.6
21-Feb-26 9:30:00 PM ICT,0.4
21-Feb-26 10:00:00 PM ICT,5.5
21-Feb-26 10:30:00 PM ICT,1.0
21-Feb-26 11:00:00 PM ICT,3.8
21-Feb-26 11:30:00 PM ICT,3.3
22-Feb-26 12:00:00 AM ICT,0.4
22-Feb-26 12:30:00 AM ICT,6.0
22-Feb-26 1:00:00 AM ICT,0.3
22-Feb-26 1:30:00 AM ICT,5.7
22-Feb-26 2:00:00 AM ICT,0.7
22-Feb-26 2:30:00 AM ICT,5.1
22-Feb-26 3:00:00 AM ICT,1.5
22-Feb-26 3:30:00 AM ICT,1.6
22-Feb-26 4:00:00 AM ICT,1.0
22-Feb-26 4:30:00 AM ICT,0.3
22-Feb-26 5:00:00 AM ICT,0.3
22-Feb-26 5:30:00 AM ICT,0.3
22-Feb-26 6:00:00 AM ICT,0.3
22-Feb-26 6:30:00 AM ICT,0.3
22-Feb-26 7:00:00 AM ICT,0.4
22-Feb-26 7:30:00 AM ICT,0.3
22-Feb-26 8:00:00 AM ICT,0.4
22-Feb-26 8:30:00 AM ICT,0.3
22-Feb-26 9:00:00 AM ICT,0.3
22-Feb-26 9:30:00 AM ICT,0.3
22-Feb-26 11:00:00 AM ICT,0.4
22-Feb-26 11:30:00 AM ICT,0.3
22-Feb-26 12:00:00 PM ICT,0.4
22-Feb-26 12:30:00 PM ICT,0.3
22-Feb-26 1:00:00 PM ICT,0.3
22-Feb-26 1:30:00 PM ICT,0.3
22-Feb-26 2:00:00 PM ICT,0.4
22-Feb-26 2:30:00 PM ICT,0.3
22-Feb-26 3:00:00 PM ICT,0.2
22-Feb-26 3:30:00 PM ICT,0.3
22-Feb-26 4:00:00 PM ICT,0.3
22-Feb-26 4:30:00 PM ICT,0.2
22-Feb-26 5:00:00 PM ICT,0.3
22-Feb-26 5:30:00 PM ICT,0.2
22-Feb-26 6:00:00 PM ICT,0.3
22-Feb-26 6:30:00 PM ICT,0.2
22-Feb-26 7:00:00 PM ICT,0.3
22-Feb-26 7:30:00 PM ICT,0.2
22-Feb-26 8:00:00 PM ICT,0.2
22-Feb-26 8:30:00 PM ICT,0.3
22-Feb-26 9:00:00 PM ICT,0.2
22-Feb-26 9:30:00 PM ICT,0.3
22-Feb-26 10:00:00 PM ICT,0.2
22-Feb-26 10:30:00 PM ICT,0.3
22-Feb-26 11:00:00 PM ICT,0.3
22-Feb-26 11:30:00 PM ICT,0.2
23-Feb-26 12:00:00 AM ICT,0.3
23-Feb-26 12:30:00 AM ICT,0.3
23-Feb-26 1:00:00 AM ICT,0.3
23-Feb-26 1:30:00 AM ICT,0.2
23-Feb-26 2:00:00 AM ICT,0.3
23-Feb-26 2:30:00 AM ICT,0.3
23-Feb-26 3:00:00 AM ICT,0.1
23-Feb-26 3:30:00 AM ICT,0.1
23-Feb-26 4:00:00 AM ICT,0.1
23-Feb-26 4:30:00 AM ICT,0.0
23-Feb-26 5:00:00 AM ICT,0.0
23-Feb-26 5:30:00 AM ICT,0.0
23-Feb-26 6:00:00 AM ICT,0.0
23-Feb-26 6:30:00 AM ICT,0.0
23-Feb-26 7:00:00 AM ICT,0.1
23-Feb-26 7:30:00 AM ICT,0.0
23-Feb-26 8:00:00 AM ICT,0.1
23-Feb-26 8:30:00 AM ICT,0.0
23-Feb-26 9:00:00 AM ICT,0.1
23-Feb-26 9:30:00 AM ICT,4.0
23-Feb-26 10:00:00 AM ICT,2.4
23-Feb-26 10:30:00 AM ICT,0.5
23-Feb-26 11:00:00 AM ICT,0.2
23-Feb-26 11:30:00 AM ICT,0.3
23-Feb-26 12:00:00 PM ICT,0.3
23-Feb-26 12:30:00 PM ICT,0.3
23-Feb-26 1:00:00 PM ICT,0.3
23-Feb-26 1:30:00 PM ICT,0.3
23-Feb-26 2:00:00 PM ICT,0.3
23-Feb-26 2:30:00 PM ICT,0.3
23-Feb-26 3:00:00 PM ICT,0.3
23-Feb-26 3:30:00 PM ICT,0.3
23-Feb-26 4:00:00 PM ICT,0.3
23-Feb-26 4:30:00 PM ICT,0.3
23-Feb-26 5:00:00 PM ICT,0.3
23-Feb-26 5:30:00 PM ICT,0.3
23-Feb-26 6:00:00 PM ICT,0.3
23-Feb-26 6:30:00 PM ICT,0.3
23-Feb-26 7:00:00 PM ICT,0.3
23-Feb-26 7:30:00 PM ICT,0.3
23-Feb-26 8:00:00 PM ICT,0.3
23-Feb-26 8:30:00 PM ICT,0.4
23-Feb-26 9:00:00 PM ICT,0.4
23-Feb-26 9:30:00 PM ICT,0.4
23-Feb-26 10:00:00 PM ICT,0.4
23-Feb-26 10:30:00 PM ICT,0.4
23-Feb-26 11:00:00 PM ICT,0.4
23-Feb-26 11:30:00 PM ICT,0.4
24-Feb-26 12:00:00 AM ICT,0.4
24-Feb-26 12:30:00 AM ICT,0.4
24-Feb-26 1:00:00 AM ICT,0.4
24-Feb-26 1:30:00 AM ICT,0.4
24-Feb-26 2:00:00 AM ICT,0.4
24-Feb-26 2:30:00 AM ICT,0.4
24-Feb-26 3:00:00 AM ICT,0.4
24-Feb-26 3:30:00 AM ICT,0.4
24-Feb-26 4:00:00 AM ICT,0.4
24-Feb-26 4:30:00 AM ICT,0.4
24-Feb-26 5:00:00 AM ICT,0.4
24-Feb-26 5:30:00 AM ICT,0.4
24-Feb-26 6:00:00 AM ICT,0.4
24-Feb-26 6:30:00 AM ICT,0.4
24-Feb-26 7:00:00 AM ICT,0.4
24-Feb-26 7:30:00 AM ICT,0.4
24-Feb-26 8:00:00 AM ICT,0.4
24-Feb-26 8:30:00 AM ICT,0.4
24-Feb-26 9:00:00 AM ICT,0.4
24-Feb-26 9:30:00 AM ICT,0.5
24-Feb-26 10:00:00 AM ICT,0.4
24-Feb-26 10:30:00 AM ICT,0.4
24-Feb-26 11:00:00 AM ICT,0.4
24-Feb-26 11:30:00 AM ICT,0.3
24-Feb-26 12:00:00 PM ICT,0.3
24-Feb-26 12:30:00 PM ICT,0.5
24-Feb-26 1:00:00 PM ICT,0.1
24-Feb-26 1:30:00 PM ICT,0.1
24-Feb-26 2:00:00 PM ICT,0.4
24-Feb-26 2:30:00 PM ICT,0.4
24-Feb-26 3:00:00 PM ICT,0.2
24-Feb-26 3:30:00 PM ICT,0.5
24-Feb-26 4:00:00 PM ICT,0.1
24-Feb-26 4:30:00 PM ICT,0.4
24-Feb-26 5:00:00 PM ICT,0.2
24-Feb-26 5:30:00 PM ICT,0.1
24-Feb-26 6:00:00 PM ICT,0.1
24-Feb-26 6:30:00 PM ICT,0.1
24-Feb-26 7:00:00 PM ICT,0.1
24-Feb-26 7:30:00 PM ICT,0.1
24-Feb-26 8:00:00 PM ICT,0.1
24-Feb-26 8:30:00 PM ICT,0.1
24-Feb-26 9:00:00 PM ICT,0.1
24-Feb-26 9:30:00 PM ICT,0.1
24-Feb-26 10:00:00 PM ICT,0.1
24-Feb-26 10:30:00 PM ICT,0.1
24-Feb-26 11:00:00 PM ICT,0.1
24-Feb-26 11:30:00 PM ICT,0.1
25-Feb-26 12:00:00 AM ICT,0.1
25-Feb-26 12:30:00 AM ICT,0.1
25-Feb-26 1:00:00 AM ICT,0.1
25-Feb-26 1:30:00 AM ICT,0.1
25-Feb-26 2:00:00 AM ICT,0.1
25-Feb-26 2:30:00 AM ICT,0.1
25-Feb-26 3:00:00 AM ICT,0.1
25-Feb-26 3:30:00 AM ICT,0.1
25-Feb-26 4:00:00 AM ICT,0.1
25-Feb-26 4:30:00 AM ICT,0.1
25-Feb-26 5:00:00 AM ICT,0.1
25-Feb-26 5:30:00 AM ICT,0.1
25-Feb-26 6:00:00 AM ICT,0.1
25-Feb-26 6:30:00 AM ICT,0.1
25-Feb-26 7:00:00 AM ICT,0.1
25-Feb-26 7:30:00 AM ICT,0.1
25-Feb-26 8:00:00 AM ICT,0.1
25-Feb-26 8:30:00 AM ICT,0.1
25-Feb-26 9:00:00 AM ICT,0.1
25-Feb-26 9:30:00 AM ICT,0.1
25-Feb-26 10:00:00 AM ICT,0.1
25-Feb-26 10:30:00 AM ICT,0.1
25-Feb-26 11:00:00 AM ICT,0.1
25-Feb-26 11:30:00 AM ICT,0.1
25-Feb-26 12:00:00 PM ICT,0.1
25-Feb-26 12:30:00 PM ICT,0.0
25-Feb-26 1:00:00 PM ICT,0.0
25-Feb-26 1:30:00 PM ICT,0.0
25-Feb-26 2:00:00 PM ICT,0.0
25-Feb-26 2:30:00 PM ICT,0.0
25-Feb-26 3:00:00 PM ICT,0.0
25-Feb-26 3:30:00 PM ICT,0.0
25-Feb-26 4:00:00 PM ICT,0.0
25-Feb-26 4:30:00 PM ICT,0.0
25-Feb-26 5:00:00 PM ICT,0.0
25-Feb-26 5:30:00 PM ICT,0.0
25-Feb-26 6:00:00 PM ICT,0.1
25-Feb-26 6:30:00 PM ICT,0.0
25-Feb-26 7:00:00 PM ICT,0.0
25-Feb-26 7:30:00 PM ICT,0.0
25-Feb-26 8:00:00 PM ICT,0.0
25-Feb-26 8:30:00 PM ICT,0.0
25-Feb-26 9:00:00 PM ICT,0.0
25-Feb-26 9:30:00 PM ICT,0.0
25-Feb-26 10:00:00 PM ICT,0.0
25-Feb-26 10:30:00 PM ICT,0.0
25-Feb-26 11:00:00 PM ICT,0.0
25-Feb-26 11:30:00 PM ICT,0.0
26-Feb-26 12:00:00 AM ICT,0.0
26-Feb-26 12:30:00 AM ICT,0.0
26-Feb-26 1:00:00 AM ICT,0.0
26-Feb-26 1:30:00 AM ICT,0.0
26-Feb-26 2:00:00 AM ICT,0.0
26-Feb-26 2:30:00 AM ICT,0.0
26-Feb-26 3:00:00 AM ICT,0.0
26-Feb-26 3:30:00 AM ICT,0.0
26-Feb-26 4:00:00 AM ICT,0.0
26-Feb-26 4:30:00 AM ICT,0.0
26-Feb-26 5:00:00 AM ICT,0.0
26-Feb-26 5:30:00 AM ICT,0.0
26-Feb-26 6:00:00 AM ICT,0.0
26-Feb-26 6:30:00 AM ICT,0.0
26-Feb-26 7:00:00 AM ICT,0.0
26-Feb-26 7:30:00 AM ICT,0.0
26-Feb-26 8:00:00 AM ICT,0.0
26-Feb-26 8:30:00 AM ICT,0.0
26-Feb-26 9:00:00 AM ICT,0.0
26-Feb-26 9:30:00 AM ICT,0.0
26-Feb-26 10:00:00 AM ICT,0.0
26-Feb-26 10:30:00 AM ICT,0.0
26-Feb-26 11:00:00 AM ICT,0.0
26-Feb-26 11:30:00 AM ICT,0.0
26-Feb-26 12:00:00 PM ICT,0.0
26-Feb-26 12:30:00 PM ICT,0.0
26-Feb-26 1:00:00 PM ICT,0.0
26-Feb-26 1:30:00 PM ICT,0.0
26-Feb-26 2:00:00 PM ICT,0.0
26-Feb-26 2:30:00 PM ICT,0.0
26-Feb-26 3:00:00 PM ICT,0.0
26-Feb-26 3:30:00 PM ICT,0.0
26-Feb-26 4:00:00 PM ICT,0.0
26-Feb-26 4:30:00 PM ICT,0.0
26-Feb-26 5:00:00 PM ICT,0.0
26-Feb-26 5:30:00 PM ICT,0.0
26-Feb-26 6:00:00 PM ICT,0.0
26-Feb-26 6:30:00 PM ICT,0.0
26-Feb-26 7:00:00 PM ICT,0.0
26-Feb-26 7:30:00 PM ICT,0.0
26-Feb-26 8:00:00 PM ICT,0.0
26-Feb-26 8:30:00 PM ICT,0.0
26-Feb-26 9:00:00 PM ICT,0.0
26-Feb-26 9:30:00 PM ICT,0.0
26-Feb-26 10:00:00 PM ICT,0.0
26-Feb-26 10:30:00 PM ICT,0.0
26-Feb-26 11:00:00 PM ICT,0.0
26-Feb-26 11:30:00 PM ICT,0.0
27-Feb-26 12:00:00 AM ICT,0.0
27-Feb-26 12:30:00 AM ICT,0.0
27-Feb-26 1:00:00 AM ICT,0.0
27-Feb-26 1:30:00 AM ICT,0.0
27-Feb-26 2:30:00 AM ICT,0.0
27-Feb-26 3:00:00 AM ICT,0.0
27-Feb-26 3:30:00 AM ICT,0.0
27-Feb-26 4:00:00 AM ICT,0.0
27-Feb-26 4:30:00 AM ICT,0.0
27-Feb-26 5:00:00 AM ICT,0.0
27-Feb-26 5:30:00 AM ICT,0.0
27-Feb-26 6:00:00 AM ICT,0.0
27-Feb-26 6:30:00 AM ICT,0.0
27-Feb-26 7:00:00 AM ICT,0.0
27-Feb-26 7:30:00 AM ICT,0.0
27-Feb-26 8:00:00 AM ICT,0.0
27-Feb-26 8:30:00 AM ICT,0.0
27-Feb-26 9:00:00 AM ICT,0.0
27-Feb-26 9:30:00 AM ICT,0.0
27-Feb-26 10:00:00 AM ICT,0.0
27-Feb-26 10:30:00 AM ICT,0.2
27-Feb-26 11:00:00 AM ICT,0.4
27-Feb-26 11:30:00 AM ICT,0.4
27-Feb-26 12:00:00 PM ICT,0.4
27-Feb-26 12:30:00 PM ICT,0.4
27-Feb-26 1:00:00 PM ICT,0.4
27-Feb-26 1:30:00 PM ICT,0.4
27-Feb-26 2:00:00 PM ICT,0.4
27-Feb-26 2:30:00 PM ICT,0.4
27-Feb-26 3:00:00 PM ICT,0.4
27-Feb-26 3:30:00 PM ICT,0.4
27-Feb-26 4:00:00 PM ICT,0.4
27-Feb-26 4:30:00 PM ICT,0.4
27-Feb-26 5:00:00 PM ICT,0.4
27-Feb-26 5:30:00 PM ICT,0.4
27-Feb-26 6:00:00 PM ICT,0.4
27-Feb-26 6:30:00 PM ICT,0.4
27-Feb-26 7:00:00 PM ICT,0.4
27-Feb-26 7:30:00 PM ICT,0.4
27-Feb-26 8:00:00 PM ICT,0.4
27-Feb-26 8:30:00 PM ICT,0.4
27-Feb-26 9:00:00 PM ICT,0.4
27-Feb-26 9:30:00 PM ICT,0.4
27-Feb-26 10:00:00 PM ICT,0.4
27-Feb-26 10:30:00 PM ICT,0.3
27-Feb-26 11:00:00 PM ICT,0.3
27-Feb-26 11:30:00 PM ICT,0.3
28-Feb-26 12:00:00 AM ICT,0.2
28-Feb-26 12:30:00 AM ICT,0.2
28-Feb-26 1:00:00 AM ICT,0.2
28-Feb-26 1:30:00 AM ICT,0.2
28-Feb-26 2:00:00 AM ICT,0.1
28-Feb-26 2:30:00 AM ICT,0.1
28-Feb-26 3:00:00 AM ICT,0.1
28-Feb-26 3:30:00 AM ICT,0.1
28-Feb-26 4:00:00 AM ICT,0.1
28-Feb-26 4:30:00 AM ICT,0.1
28-Feb-26 5:00:00 AM ICT,0.1
28-Feb-26 5:30:00 AM ICT,0.1
28-Feb-26 6:00:00 AM ICT,0.1
28-Feb-26 6:30:00 AM ICT,0.1
28-Feb-26 7:00:00 AM ICT,0.0
28-Feb-26 7:30:00 AM ICT,0.0
28-Feb-26 8:00:00 AM ICT,0.0
28-Feb-26 8:30:00 AM ICT,0.0
28-Feb-26 9:00:00 AM ICT,0.0
28-Feb-26 9:30:00 AM ICT,0.1
28-Feb-26 10:00:00 AM ICT,0.0
28-Feb-26 10:30:00 AM ICT,0.0
28-Feb-26 11:00:00 AM ICT,0.0
28-Feb-26 11:30:00 AM ICT,0.0
28-Feb-26 12:00:00 PM ICT,0.0
28-Feb-26 12:30:00 PM ICT,0.0
28-Feb-26 1:00:00 PM ICT,0.0
28-Feb-26 1:30:00 PM ICT,0.0
28-Feb-26 2:00:00 PM ICT,0.0
28-Feb-26 2:30:00 PM ICT,0.0
28-Feb-26 3:00:00 PM ICT,0.0
28-Feb-26 3:30:00 PM ICT,0.0
28-Feb-26 4:00:00 PM ICT,0.0
28-Feb-26 4:30:00 PM ICT,0.0
28-Feb-26 5:00:00 PM ICT,0.0
28-Feb-26 5:30:00 PM ICT,0.0
28-Feb-26 6:00:00 PM ICT,0.0
28-Feb-26 6:30:00 PM ICT,0.0
28-Feb-26 7:00:00 PM ICT,0.0
28-Feb-26 7:30:00 PM ICT,0.0
28-Feb-26 8:00:00 PM ICT,0.0
28-Feb-26 8:30:00 PM ICT,0.0
28-Feb-26 9:00:00 PM ICT,0.0
28-Feb-26 9:30:00 PM ICT,0.0
28-Feb-26 10:00:00 PM ICT,0.0
28-Feb-26 10:30:00 PM ICT,0.0
28-Feb-26 11:00:00 PM ICT,0.0
28-Feb-26 11:30:00 PM ICT,0.0
01-Mar-26 12:00:00 AM ICT,0.0
01-Mar-26 12:30:00 AM ICT,0.0
01-Mar-26 1:00:00 AM ICT,0.0
01-Mar-26 1:30:00 AM ICT,0.0
01-Mar-26 2:00:00 AM ICT,0.0
01-Mar-26 2:30:00 AM ICT,0.0
01-Mar-26 3:00:00 AM ICT,0.0
01-Mar-26 3:30:00 AM ICT,0.0
01-Mar-26 4:00:00 AM ICT,0.0
01-Mar-26 4:30:00 AM ICT,0.0
01-Mar-26 5:00:00 AM ICT,0.0
01-Mar-26 5:30:00 AM ICT,0.0
01-Mar-26 6:00:00 AM ICT,0.0
01-Mar-26 6:30:00 AM ICT,0.0
01-Mar-26 7:00:00 AM ICT,0.0
01-Mar-26 7:30:00 AM ICT,0.0
01-Mar-26 8:00:00 AM ICT,0.0
01-Mar-26 8:30:00 AM ICT,0.0
01-Mar-26 9:00:00 AM ICT,0.0
01-Mar-26 9:30:00 AM ICT,0.0
01-Mar-26 10:00:00 AM ICT,0.0
01-Mar-26 10:30:00 AM ICT,0.0
01-Mar-26 11:00:00 AM ICT,0.0
01-Mar-26 11:30:00 AM ICT,0.0
01-Mar-26 12:00:00 PM ICT,0.0
01-Mar-26 12:30:00 PM ICT,0.0
01-Mar-26 1:00:00 PM ICT,0.0
01-Mar-26 1:30:00 PM ICT,0.0
01-Mar-26 2:00:00 PM ICT,0.0
01-Mar-26 2:30:00 PM ICT,0.0
01-Mar-26 3:00:00 PM ICT,0.0
01-Mar-26 3:30:00 PM ICT,0.0
01-Mar-26 4:00:00 PM ICT,0.0
01-Mar-26 4:30:00 PM ICT,0.0
01-Mar-26 5:00:00 PM ICT,0.0
01-Mar-26 5:30:00 PM ICT,0.0
01-Mar-26 6:00:00 PM ICT,0.0
01-Mar-26 6:30:00 PM ICT,0.0
01-Mar-26 7:00:00 PM ICT,0.0
01-Mar-26 7:30:00 PM ICT,0.0
01-Mar-26 8:00:00 PM ICT,0.0
01-Mar-26 8:30:00 PM ICT,0.0
01-Mar-26 9:00:00 PM ICT,0.0
01-Mar-26 9:30:00 PM ICT,0.0
01-Mar-26 10:00:00 PM ICT,0.0
01-Mar-26 10:30:00 PM ICT,0.0
01-Mar-26 11:00:00 PM ICT,0.0
01-Mar-26 11:30:00 PM ICT,0.0
02-Mar-26 12:00:00 AM ICT,0.0
02-Mar-26 12:30:00 AM ICT,0.0
02-Mar-26 1:00:00 AM ICT,0.0
02-Mar-26 1:30:00 AM ICT,0.0
02-Mar-26 2:00:00 AM ICT,0.0
02-Mar-26 2:30:00 AM ICT,0.0
02-Mar-26 3:00:00 AM ICT,0.0
02-Mar-26 3:30:00 AM ICT,0.0
02-Mar-26 4:00:00 AM ICT,0.0
02-Mar-26 4:30:00 AM ICT,0.0
02-Mar-26 5:00:00 AM ICT,0.0
02-Mar-26 5:30:00 AM ICT,0.0
02-Mar-26 6:00:00 AM ICT,0.0
02-Mar-26 6:30:00 AM ICT,0.0
02-Mar-26 7:00:00 AM ICT,0.0
02-Mar-26 7:30:00 AM ICT,0.0
02-Mar-26 8:00:00 AM ICT,0.0
02-Mar-26 8:30:00 AM ICT,0.0
02-Mar-26 9:00:00 AM ICT,0.0
02-Mar-26 9:30:00 AM ICT,0.0
02-Mar-26 10:00:00 AM ICT,0.0
02-Mar-26 10:30:00 AM ICT,0.0
02-Mar-26 11:00:00 AM ICT,0.0
02-Mar-26 11:30:00 AM ICT,0.0
02-Mar-26 12:00:00 PM ICT,0.0
02-Mar-26 12:30:00 PM ICT,0.0
02-Mar-26 1:00:00 PM ICT,0.0
02-Mar-26 1:30:00 PM ICT,0.0
02-Mar-26 2:00:00 PM ICT,0.0
02-Mar-26 2:30:00 PM ICT,0.0
02-Mar-26 3:00:00 PM ICT,0.0
02-Mar-26 3:30:00 PM ICT,0.0
02-Mar-26 4:00:00 PM ICT,0.0
02-Mar-26 4:30:00 PM ICT,0.0
02-Mar-26 5:00:00 PM ICT,0.0
02-Mar-26 5:30:00 PM ICT,0.0
02-Mar-26 6:00:00 PM ICT,0.0
02-Mar-26 6:30:00 PM ICT,0.0
02-Mar-26 7:00:00 PM ICT,0.0
02-Mar-26 7:30:00 PM ICT,0.0
02-Mar-26 8:00:00 PM ICT,0.0
02-Mar-26 8:30:00 PM ICT,0.0
02-Mar-26 9:00:00 PM ICT,0.0
02-Mar-26 9:30:00 PM ICT,0.0
02-Mar-26 10:00:00 PM ICT,0.0
02-Mar-26 10:30:00 PM ICT,0.0
02-Mar-26 11:00:00 PM ICT,0.0
02-Mar-26 11:30:00 PM ICT,0.0
03-Mar-26 12:00:00 AM ICT,0.0
03-Mar-26 12:30:00 AM ICT,0.0
03-Mar-26 1:00:00 AM ICT,0.0
03-Mar-26 1:30:00 AM ICT,0.0
03-Mar-26 2:00:00 AM ICT,0.0
03-Mar-26 2:30:00 AM ICT,0.0
03-Mar-26 3:00:00 AM ICT,0.0
03-Mar-26 3:30:00 AM ICT,0.0
03-Mar-26 4:00:00 AM ICT,0.0
03-Mar-26 4:30:00 AM ICT,0.0
03-Mar-26 5:00:00 AM ICT,0.0
03-Mar-26 5:30:00 AM ICT,0.0
03-Mar-26 6:00:00 AM ICT,0.0
03-Mar-26 6:30:00 AM ICT,0.0
03-Mar-26 7:00:00 AM ICT,0.0
03-Mar-26 7:30:00 AM ICT,0.0
03-Mar-26 8:00:00 AM ICT,0.0
03-Mar-26 8:30:00 AM ICT,0.0
03-Mar-26 9:00:00 AM ICT,0.0
03-Mar-26 9:30:00 AM ICT,0.0
03-Mar-26 10:00:00 AM ICT,0.0
03-Mar-26 10:30:00 AM ICT,0.0
03-Mar-26 11:00:00 AM ICT,0.0
03-Mar-26 11:30:00 AM ICT,0.0
03-Mar-26 12:00:00 PM ICT,0.0
03-Mar-26 12:30:00 PM ICT,0.0
03-Mar-26 1:00:00 PM ICT,0.0
03-Mar-26 1:30:00 PM ICT,0.0
03-Mar-26 2:00:00 PM ICT,0.0
03-Mar-26 2:30:00 PM ICT,0.0
03-Mar-26 3:00:00 PM ICT,0.0
03-Mar-26 3:30:00 PM ICT,0.0
03-Mar-26 4:00:00 PM ICT,0.0
03-Mar-26 4:30:00 PM ICT,0.0
03-Mar-26 5:00:00 PM ICT,0.0
03-Mar-26 5:30:00 PM ICT,0.0
03-Mar-26 6:00:00 PM ICT,0.0
03-Mar-26 6:30:00 PM ICT,0.0
03-Mar-26 7:00:00 PM ICT,0.0
03-Mar-26 7:30:00 PM ICT,0.0
03-Mar-26 8:00:00 PM ICT,0.0
03-Mar-26 8:30:00 PM ICT,0.0
03-Mar-26 9:00:00 PM ICT,0.0
03-Mar-26 9:30:00 PM ICT,0.0
03-Mar-26 10:00:00 PM ICT,0.0
03-Mar-26 10:30:00 PM ICT,0.0
03-Mar-26 11:00:00 PM ICT,0.0
03-Mar-26 11:30:00 PM ICT,0.0
04-Mar-26 12:00:00 AM ICT,0.0
04-Mar-26 12:30:00 AM ICT,0.0
04-Mar-26 1:00:00 AM ICT,0.0
04-Mar-26 1:30:00 AM ICT,0.0
04-Mar-26 2:00:00 AM ICT,0.0
04-Mar-26 2:30:00 AM ICT,0.0
04-Mar-26 3:00:00 AM ICT,0.0
04-Mar-26 3:30:00 AM ICT,0.0
04-Mar-26 4:00:00 AM ICT,0.0
04-Mar-26 4:30:00 AM ICT,0.0
04-Mar-26 5:00:00 AM ICT,0.0
04-Mar-26 5:30:00 AM ICT,0.0
04-Mar-26 6:00:00 AM ICT,0.0
04-Mar-26 6:30:00 AM ICT,0.0
04-Mar-26 7:00:00 AM ICT,0.0
04-Mar-26 7:30:00 AM ICT,0.0
04-Mar-26 8:00:00 AM ICT,0.0
04-Mar-26 8:30:00 AM ICT,0.0
04-Mar-26 9:00:00 AM ICT,0.0
04-Mar-26 9:30:00 AM ICT,0.0
04-Mar-26 10:00:00 AM ICT,0.0
04-Mar-26 10:30:00 AM ICT,0.0
04-Mar-26 11:00:00 AM ICT,0.0
04-Mar-26 11:30:00 AM ICT,0.0
04-Mar-26 12:00:00 PM ICT,0.0
04-Mar-26 12:30:00 PM ICT,0.0
04-Mar-26 1:00:00 PM ICT,0.0
04-Mar-26 1:30:00 PM ICT,0.0
04-Mar-26 2:00:00 PM ICT,0.0
04-Mar-26 2:30:00 PM ICT,0.0
04-Mar-26 3:00:00 PM ICT,0.0
04-Mar-26 3:30:00 PM ICT,0.0
04-Mar-26 4:00:00 PM ICT,0.0
04-Mar-26 4:30:00 PM ICT,0.0
04-Mar-26 5:00:00 PM ICT,0.0
04-Mar-26 5:30:00 PM ICT,0.7
04-Mar-26 6:00:00 PM ICT,0.2
04-Mar-26 6:30:00 PM ICT,0.0
04-Mar-26 7:00:00 PM ICT,1.1
04-Mar-26 7:30:00 PM ICT,1.1
04-Mar-26 8:00:00 PM ICT,0.7
04-Mar-26 8:30:00 PM ICT,1.7
04-Mar-26 9:00:00 PM ICT,1.2
04-Mar-26 9:30:00 PM ICT,0.8
04-Mar-26 10:00:00 PM ICT,1.6
04-Mar-26 10:30:00 PM ICT,1.6
04-Mar-26 11:00:00 PM ICT,1.0
04-Mar-26 11:30:00 PM ICT,0.8
05-Mar-26 12:00:00 AM ICT,2.3
05-Mar-26 12:30:00 AM ICT,1.4
05-Mar-26 1:00:00 AM ICT,1.0
05-Mar-26 1:30:00 AM ICT,0.8
05-Mar-26 2:00:00 AM ICT,2.0
05-Mar-26 2:30:00 AM ICT,1.3
05-Mar-26 3:00:00 AM ICT,1.0
05-Mar-26 3:30:00 AM ICT,0.6
05-Mar-26 4:00:00 AM ICT,1.2
05-Mar-26 4:30:00 AM ICT,0.8
05-Mar-26 5:00:00 AM ICT,1.3
05-Mar-26 5:30:00 AM ICT,3.2
05-Mar-26 6:00:00 AM ICT,1.7
05-Mar-26 6:30:00 AM ICT,1.8
05-Mar-26 7:00:00 AM ICT,1.7
05-Mar-26 7:30:00 AM ICT,3.3
05-Mar-26 8:00:00 AM ICT,0.8
05-Mar-26 8:30:00 AM ICT,6.0
05-Mar-26 9:00:00 AM ICT,1.5
05-Mar-26 9:30:00 AM ICT,2.2
05-Mar-26 10:00:00 AM ICT,1.8
05-Mar-26 10:30:00 AM ICT,1.6
05-Mar-26 11:00:00 AM ICT,1.0
05-Mar-26 11:30:00 AM ICT,1.5
05-Mar-26 12:00:00 PM ICT,1.9
05-Mar-26 12:30:00 PM ICT,1.8
05-Mar-26 1:00:00 PM ICT,1.8
05-Mar-26 1:30:00 PM ICT,1.8
05-Mar-26 2:00:00 PM ICT,1.9
05-Mar-26 2:30:00 PM ICT,1.8
05-Mar-26 3:00:00 PM ICT,1.8
05-Mar-26 3:30:00 PM ICT,1.8
05-Mar-26 4:00:00 PM ICT,1.9
05-Mar-26 4:30:00 PM ICT,1.8
05-Mar-26 5:00:00 PM ICT,1.8
05-Mar-26 5:30:00 PM ICT,1.8
05-Mar-26 6:00:00 PM ICT,1.7
05-Mar-26 6:30:00 PM ICT,1.7
05-Mar-26 7:00:00 PM ICT,1.6
05-Mar-26 7:30:00 PM ICT,1.7
05-Mar-26 8:00:00 PM ICT,1.7
05-Mar-26 8:30:00 PM ICT,1.5
05-Mar-26 9:00:00 PM ICT,1.4
05-Mar-26 9:30:00 PM ICT,1.5
05-Mar-26 10:00:00 PM ICT,1.3
05-Mar-26 10:30:00 PM ICT,1.3
05-Mar-26 11:00:00 PM ICT,1.2
05-Mar-26 11:30:00 PM ICT,1.2
06-Mar-26 12:00:00 AM ICT,1.2
06-Mar-26 12:30:00 AM ICT,1.2
06-Mar-26 1:00:00 AM ICT,1.1
06-Mar-26 1:30:00 AM ICT,1.1
06-Mar-26 2:00:00 AM ICT,1.0
06-Mar-26 2:30:00 AM ICT,1.0
06-Mar-26 3:00:00 AM ICT,1.0
06-Mar-26 3:30:00 AM ICT,0.9
06-Mar-26 4:00:00 AM ICT,0.9
06-Mar-26 4:30:00 AM ICT,0.9
06-Mar-26 5:00:00 AM ICT,0.9
06-Mar-26 5:30:00 AM ICT,0.9
06-Mar-26 6:00:00 AM ICT,0.8
06-Mar-26 6:30:00 AM ICT,0.7
06-Mar-26 7:00:00 AM ICT,0.7
06-Mar-26 7:30:00 AM ICT,0.4
06-Mar-26 8:00:00 AM ICT,0.9
06-Mar-26 8:30:00 AM ICT,0.4
06-Mar-26 9:00:00 AM ICT,0.5
06-Mar-26 9:30:00 AM ICT,1.0
06-Mar-26 10:00:00 AM ICT,2.1
06-Mar-26 10:30:00 AM ICT,0.7
06-Mar-26 11:00:00 AM ICT,1.8
06-Mar-26 11:30:00 AM ICT,0.6
06-Mar-26 12:00:00 PM ICT,0.5
06-Mar-26 12:30:00 PM ICT,0.5
06-Mar-26 1:00:00 PM ICT,0.5
06-Mar-26 1:30:00 PM ICT,0.5
06-Mar-26 2:00:00 PM ICT,0.4
06-Mar-26 2:30:00 PM ICT,0.4
06-Mar-26 3:00:00 PM ICT,0.4
06-Mar-26 3:30:00 PM ICT,0.4
06-Mar-26 4:00:00 PM ICT,0.4
06-Mar-26 4:30:00 PM ICT,0.4
06-Mar-26 5:00:00 PM ICT,0.4
06-Mar-26 5:30:00 PM ICT,0.4
06-Mar-26 6:00:00 PM ICT,0.4
06-Mar-26 6:30:00 PM ICT,0.4
06-Mar-26 7:00:00 PM ICT,0.3
06-Mar-26 7:30:00 PM ICT,0.3
06-Mar-26 8:00:00 PM ICT,0.3
06-Mar-26 8:30:00 PM ICT,0.3
06-Mar-26 9:00:00 PM ICT,0.3
06-Mar-26 9:30:00 PM ICT,0.3
06-Mar-26 10:00:00 PM ICT,0.3
06-Mar-26 10:30:00 PM ICT,0.3
06-Mar-26 11:00:00 PM ICT,0.3
06-Mar-26 11:30:00 PM ICT,0.3
07-Mar-26 12:00:00 AM ICT,0.3
07-Mar-26 12:30:00 AM ICT,0.3
07-Mar-26 1:00:00 AM ICT,0.3
07-Mar-26 1:30:00 AM ICT,0.3
07-Mar-26 2:00:00 AM ICT,0.3
07-Mar-26 2:30:00 AM ICT,0.3
07-Mar-26 3:00:00 AM ICT,0.3
07-Mar-26 3:30:00 AM ICT,0.3
07-Mar-26 4:00:00 AM ICT,0.2
07-Mar-26 4:30:00 AM ICT,0.2
07-Mar-26 5:00:00 AM ICT,0.2
07-Mar-26 5:30:00 AM ICT,0.2
07-Mar-26 6:00:00 AM ICT,0.2
07-Mar-26 6:30:00 AM ICT,0.2
07-Mar-26 7:00:00 AM ICT,0.2
07-Mar-26 7:30:00 AM ICT,0.2
07-Mar-26 8:00:00 AM ICT,0.2
07-Mar-26 8:30:00 AM ICT,0.2
07-Mar-26 9:00:00 AM ICT,0.2
07-Mar-26 9:30:00 AM ICT,0.2
07-Mar-26 10:00:00 AM ICT,0.2
07-Mar-26 10:30:00 AM ICT,0.2
07-Mar-26 11:00:00 AM ICT,0.2
07-Mar-26 11:30:00 AM ICT,0.2
07-Mar-26 12:00:00 PM ICT,0.2
07-Mar-26 12:30:00 PM ICT,0.1
07-Mar-26 1:00:00 PM ICT,0.3
07-Mar-26 1:30:00 PM ICT,0.2
07-Mar-26 2:00:00 PM ICT,0.1
07-Mar-26 2:30:00 PM ICT,0.1
07-Mar-26 3:00:00 PM ICT,0.1
07-Mar-26 3:30:00 PM ICT,0.1
07-Mar-26 4:00:00 PM ICT,0.1
07-Mar-26 4:30:00 PM ICT,0.1
07-Mar-26 5:00:00 PM ICT,0.1
07-Mar-26 5:30:00 PM ICT,0.1
07-Mar-26 6:00:00 PM ICT,0.1
07-Mar-26 6:30:00 PM ICT,0.1
07-Mar-26 7:00:00 PM ICT,0.1
07-Mar-26 7:30:00 PM ICT,0.1
07-Mar-26 8:00:00 PM ICT,0.1
07-Mar-26 8:30:00 PM ICT,0.1
07-Mar-26 9:00:00 PM ICT,0.1
07-Mar-26 9:30:00 PM ICT,0.1
07-Mar-26 10:00:00 PM ICT,0.1
07-Mar-26 10:30:00 PM ICT,0.1
07-Mar-26 11:00:00 PM ICT,0.1
07-Mar-26 11:30:00 PM ICT,0.1
08-Mar-26 12:00:00 AM ICT,0.1
08-Mar-26 12:30:00 AM ICT,0.1
08-Mar-26 1:00:00 AM ICT,0.3
08-Mar-26 1:30:00 AM ICT,0.1
08-Mar-26 2:00:00 AM ICT,0.1
08-Mar-26 2:30:00 AM ICT,0.1
08-Mar-26 3:00:00 AM ICT,0.1
08-Mar-26 3:30:00 AM ICT,0.1
08-Mar-26 4:00:00 AM ICT,0.0
08-Mar-26 4:30:00 AM ICT,0.0
08-Mar-26 5:00:00 AM ICT,0.0
08-Mar-26 5:30:00 AM ICT,0.0
08-Mar-26 6:00:00 AM ICT,0.0
08-Mar-26 6:30:00 AM ICT,0.0
08-Mar-26 7:00:00 AM ICT,0.0
08-Mar-26 7:30:00 AM ICT,0.0
08-Mar-26 8:00:00 AM ICT,0.0
08-Mar-26 8:30:00 AM ICT,0.0
08-Mar-26 9:00:00 AM ICT,0.0
08-Mar-26 9:30:00 AM ICT,0.0
08-Mar-26 10:00:00 AM ICT,0.0
08-Mar-26 10:30:00 AM ICT,0.0
08-Mar-26 11:00:00 AM ICT,0.0
08-Mar-26 11:30:00 AM ICT,0.0
08-Mar-26 12:00:00 PM ICT,0.0
08-Mar-26 12:30:00 PM ICT,0.0
08-Mar-26 1:00:00 PM ICT,0.3
08-Mar-26 1:30:00 PM ICT,0.1
08-Mar-26 2:00:00 PM ICT,0.0
08-Mar-26 2:30:00 PM ICT,0.0
08-Mar-26 3:00:00 PM ICT,0.0
08-Mar-26 3:30:00 PM ICT,0.0
08-Mar-26 4:00:00 PM ICT,0.1
08-Mar-26 4:30:00 PM ICT,0.1
08-Mar-26 5:00:00 PM ICT,0.4
08-Mar-26 5:30:00 PM ICT,0.1
08-Mar-26 6:00:00 PM ICT,0.0
08-Mar-26 6:30:00 PM ICT,0.0
08-Mar-26 7:00:00 PM ICT,0.0
08-Mar-26 7:30:00 PM ICT,0.0
08-Mar-26 8:00:00 PM ICT,0.0
08-Mar-26 8:30:00 PM ICT,0.0
08-Mar-26 9:00:00 PM ICT,0.0
08-Mar-26 9:30:00 PM ICT,0.0
08-Mar-26 10:00:00 PM ICT,0.0
08-Mar-26 10:30:00 PM ICT,0.0
08-Mar-26 11:00:00 PM ICT,0.0
08-Mar-26 11:30:00 PM ICT,0.0
09-Mar-26 12:00:00 AM ICT,0.0
09-Mar-26 12:30:00 AM ICT,0.0
09-Mar-26 1:00:00 AM ICT,0.2
09-Mar-26 1:30:00 AM ICT,0.0
09-Mar-26 2:00:00 AM ICT,0.0
09-Mar-26 2:30:00 AM ICT,0.0
09-Mar-26 3:00:00 AM ICT,0.0
09-Mar-26 3:30:00 AM ICT,0.0
09-Mar-26 4:00:00 AM ICT,0.0
09-Mar-26 4:30:00 AM ICT,0.0
09-Mar-26 5:00:00 AM ICT,0.0
09-Mar-26 5:30:00 AM ICT,0.0
09-Mar-26 6:00:00 AM ICT,0.0
09-Mar-26 6:30:00 AM ICT,0.0
09-Mar-26 7:00:00 AM ICT,0.0
09-Mar-26 7:30:00 AM ICT,0.0
09-Mar-26 8:00:00 AM ICT,0.0
09-Mar-26 8:30:00 AM ICT,5.0
09-Mar-26 9:00:00 AM ICT,0.0
09-Mar-26 9:30:00 AM ICT,0.0
09-Mar-26 10:00:00 AM ICT,0.0
09-Mar-26 10:30:00 AM ICT,0.0
09-Mar-26 11:00:00 AM ICT,0.0
09-Mar-26 11:30:00 AM ICT,0.0
09-Mar-26 12:00:00 PM ICT,0.0
09-Mar-26 12:30:00 PM ICT,0.0
09-Mar-26 1:00:00 PM ICT,0.0
09-Mar-26 1:30:00 PM ICT,0.0
09-Mar-26 2:00:00 PM ICT,0.0
09-Mar-26 2:30:00 PM ICT,0.0
09-Mar-26 3:00:00 PM ICT,0.0
09-Mar-26 3:30:00 PM ICT,0.0
09-Mar-26 4:00:00 PM ICT,0.0
09-Mar-26 4:30:00 PM ICT,0.0
09-Mar-26 5:00:00 PM ICT,0.0
09-Mar-26 5:30:00 PM ICT,0.0
09-Mar-26 6:00:00 PM ICT,0.0
09-Mar-26 6:30:00 PM ICT,0.0
09-Mar-26 7:00:00 PM ICT,0.0
09-Mar-26 7:30:00 PM ICT,0.0
09-Mar-26 8:00:00 PM ICT,0.0
09-Mar-26 8:30:00 PM ICT,0.0
09-Mar-26 9:00:00 PM ICT,0.0
09-Mar-26 9:30:00 PM ICT,0.0
09-Mar-26 10:00:00 PM ICT,0.0
09-Mar-26 10:30:00 PM ICT,0.0
09-Mar-26 11:00:00 PM ICT,0.0
09-Mar-26 11:30:00 PM ICT,0.0
10-Mar-26 12:00:00 AM ICT,0.0
10-Mar-26 12:30:00 AM ICT,0.0
10-Mar-26 1:00:00 AM ICT,0.0
10-Mar-26 1:30:00 AM ICT,0.0
10-Mar-26 2:00:00 AM ICT,0.0
10-Mar-26 2:30:00 AM ICT,0.0
10-Mar-26 3:00:00 AM ICT,0.0
10-Mar-26 3:30:00 AM ICT,0.0
10-Mar-26 4:00:00 AM ICT,0.0
10-Mar-26 4:30:00 AM ICT,0.0
10-Mar-26 5:00:00 AM ICT,0.0
10-Mar-26 5:30:00 AM ICT,0.0
10-Mar-26 6:00:00 AM ICT,0.0
10-Mar-26 6:30:00 AM ICT,0.0
10-Mar-26 7:00:00 AM ICT,0.0
10-Mar-26 7:30:00 AM ICT,0.0
10-Mar-26 8:00:00 AM ICT,0.0
10-Mar-26 8:30:00 AM ICT,0.0
10-Mar-26 9:00:00 AM ICT,0.0
10-Mar-26 9:30:00 AM ICT,0.0
10-Mar-26 10:00:00 AM ICT,0.0
10-Mar-26 10:30:00 AM ICT,0.0
10-Mar-26 11:00:00 AM ICT,0.0
10-Mar-26 11:30:00 AM ICT,0.0
10-Mar-26 12:00:00 PM ICT,0.0
10-Mar-26 12:30:00 PM ICT,0.0
10-Mar-26 1:00:00 PM ICT,0.0
10-Mar-26 1:30:00 PM ICT,0.0
10-Mar-26 2:00:00 PM ICT,0.0
10-Mar-26 2:30:00 PM ICT,0.0
10-Mar-26 3:00:00 PM ICT,0.0
10-Mar-26 3:30:00 PM ICT,0.0
10-Mar-26 4:00:00 PM ICT,0.0
10-Mar-26 4:30:00 PM ICT,0.0
10-Mar-26 5:00:00 PM ICT,0.0
10-Mar-26 5:30:00 PM ICT,0.0
10-Mar-26 6:00:00 PM ICT,0.0
10-Mar-26 6:30:00 PM ICT,0.0
10-Mar-26 7:00:00 PM ICT,0.0
10-Mar-26 7:30:00 PM ICT,0.0
10-Mar-26 8:00:00 PM ICT,0.0
10-Mar-26 8:30:00 PM ICT,0.0
10-Mar-26 9:00:00 PM ICT,0.0
10-Mar-26 9:30:00 PM ICT,0.0
10-Mar-26 10:00:00 PM ICT,0.0
10-Mar-26 10:30:00 PM ICT,0.0
10-Mar-26 11:00:00 PM ICT,0.0
10-Mar-26 11:30:00 PM ICT,0.0
11-Mar-26 12:00:00 AM ICT,0.0
11-Mar-26 12:30:00 AM ICT,0.0
11-Mar-26 1:00:00 AM ICT,0.0
11-Mar-26 1:30:00 AM ICT,0.0
11-Mar-26 2:00:00 AM ICT,0.0
11-Mar-26 2:30:00 AM ICT,0.0
11-Mar-26 3:00:00 AM ICT,0.0
11-Mar-26 3:30:00 AM ICT,0.0
11-Mar-26 4:00:00 AM ICT,0.0
11-Mar-26 4:30:00 AM ICT,0.0
11-Mar-26 5:00:00 AM ICT,0.0
11-Mar-26 5:30:00 AM ICT,0.0
11-Mar-26 6:00:00 AM ICT,0.0
11-Mar-26 6:30:00 AM ICT,0.0
11-Mar-26 7:00:00 AM ICT,0.0
11-Mar-26 7:30:00 AM ICT,0.0
11-Mar-26 8:00:00 AM ICT,0.0
11-Mar-26 8:30:00 AM ICT,0.0
11-Mar-26 9:00:00 AM ICT,0.0
11-Mar-26 9:30:00 AM ICT,0.0
11-Mar-26 10:00:00 AM ICT,0.0
11-Mar-26 10:30:00 AM ICT,0.0
11-Mar-26 11:00:00 AM ICT,0.2
11-Mar-26 11:30:00 AM ICT,0.1
11-Mar-26 12:00:00 PM ICT,0.0
11-Mar-26 12:30:00 PM ICT,0.0
11-Mar-26 1:00:00 PM ICT,0.1
11-Mar-26 1:30:00 PM ICT,0.0
11-Mar-26 2:00:00 PM ICT,0.0
11-Mar-26 2:30:00 PM ICT,0.0
11-Mar-26 3:00:00 PM ICT,0.0
11-Mar-26 3:30:00 PM ICT,0.0
11-Mar-26 4:00:00 PM ICT,0.0
11-Mar-26 4:30:00 PM ICT,0.0
11-Mar-26 5:00:00 PM ICT,0.0
11-Mar-26 5:30:00 PM ICT,0.0
11-Mar-26 6:00:00 PM ICT,0.0
11-Mar-26 6:30:00 PM ICT,0.0
11-Mar-26 7:00:00 PM ICT,0.0
11-Mar-26 7:30:00 PM ICT,0.0
11-Mar-26 8:00:00 PM ICT,0.0
11-Mar-26 8:30:00 PM ICT,0.0
11-Mar-26 9:00:00 PM ICT,0.0
11-Mar-26 9:30:00 PM ICT,0.0
11-Mar-26 10:00:00 PM ICT,0.0
11-Mar-26 10:30:00 PM ICT,0.0
11-Mar-26 11:00:00 PM ICT,0.0
11-Mar-26 11:30:00 PM ICT,0.0
12-Mar-26 12:00:00 AM ICT,0.0
12-Mar-26 12:30:00 AM ICT,0.0
12-Mar-26 1:00:00 AM ICT,0.1
12-Mar-26 1:30:00 AM ICT,0.0
12-Mar-26 2:00:00 AM ICT,0.0
12-Mar-26 2:30:00 AM ICT,0.0
12-Mar-26 3:00:00 AM ICT,0.0
12-Mar-26 3:30:00 AM ICT,0.0
12-Mar-26 4:00:00 AM ICT,0.0
12-Mar-26 4:30:00 AM ICT,0.0
12-Mar-26 5:00:00 AM ICT,0.0
12-Mar-26 5:30:00 AM ICT,0.0
12-Mar-26 6:00:00 AM ICT,0.0
12-Mar-26 6:30:00 AM ICT,0.0
12-Mar-26 7:00:00 AM ICT,0.0
12-Mar-26 7:30:00 AM ICT,0.0
12-Mar-26 8:00:00 AM ICT,0.0
12-Mar-26 8:30:00 AM ICT,0.0
12-Mar-26 9:00:00 AM ICT,0.0
12-Mar-26 9:30:00 AM ICT,0.0
12-Mar-26 10:00:00 AM ICT,0.0
12-Mar-26 10:30:00 AM ICT,0.0
12-Mar-26 11:00:00 AM ICT,0.0
12-Mar-26 11:30:00 AM ICT,0.0
12-Mar-26 12:00:00 PM ICT,0.0
12-Mar-26 12:30:00 PM ICT,0.0
12-Mar-26 1:00:00 PM ICT,0.1
12-Mar-26 1:30:00 PM ICT,0.0
12-Mar-26 2:00:00 PM ICT,0.0
12-Mar-26 2:30:00 PM ICT,0.0
12-Mar-26 3:00:00 PM ICT,0.0
12-Mar-26 3:30:00 PM ICT,0.0
12-Mar-26 4:00:00 PM ICT,0.0
12-Mar-26 4:30:00 PM ICT,0.0
12-Mar-26 5:00:00 PM ICT,0.0
12-Mar-26 5:30:00 PM ICT,0.0
12-Mar-26 6:00:00 PM ICT,0.1
12-Mar-26 6:30:00 PM ICT,0.0
12-Mar-26 7:00:00 PM ICT,0.0
12-Mar-26 7:30:00 PM ICT,0.0
12-Mar-26 8:00:00 PM ICT,0.0
12-Mar-26 8:30:00 PM ICT,0.0
12-Mar-26 9:00:00 PM ICT,0.0
12-Mar-26 9:30:00 PM ICT,0.0
12-Mar-26 10:00:00 PM ICT,0.0
12-Mar-26 10:30:00 PM ICT,0.0
12-Mar-26 11:00:00 PM ICT,0.0
12-Mar-26 11:30:00 PM ICT,0.0
13-Mar-26 12:00:00 AM ICT,0.0
13-Mar-26 12:30:00 AM ICT,0.0
13-Mar-26 1:00:00 AM ICT,0.1
13-Mar-26 1:30:00 AM ICT,0.0
13-Mar-26 2:00:00 AM ICT,0.0
13-Mar-26 2:30:00 AM ICT,0.0
13-Mar-26 3:00:00 AM ICT,0.0
13-Mar-26 3:30:00 AM ICT,0.0
13-Mar-26 4:00:00 AM ICT,0.0
13-Mar-26 4:30:00 AM ICT,0.0
13-Mar-26 5:00:00 AM ICT,0.0
13-Mar-26 5:30:00 AM ICT,0.0
13-Mar-26 6:00:00 AM ICT,0.0
13-Mar-26 6:30:00 AM ICT,0.0
13-Mar-26 7:00:00 AM ICT,0.0
13-Mar-26 7:30:00 AM ICT,0.0
13-Mar-26 8:00:00 AM ICT,0.0
13-Mar-26 8:30:00 AM ICT,0.0
13-Mar-26 9:00:00 AM ICT,0.0
13-Mar-26 9:30:00 AM ICT,0.0
13-Mar-26 10:00:00 AM ICT,0.0
13-Mar-26 10:30:00 AM ICT,0.0
13-Mar-26 11:00:00 AM ICT,0.0
13-Mar-26 11:30:00 AM ICT,0.0
13-Mar-26 12:00:00 PM ICT,0.0
13-Mar-26 12:30:00 PM ICT,0.0
13-Mar-26 1:00:00 PM ICT,0.0
13-Mar-26 1:30:00 PM ICT,0.0
13-Mar-26 2:00:00 PM ICT,0.0
13-Mar-26 2:30:00 PM ICT,0.0
13-Mar-26 3:00:00 PM ICT,0.0
13-Mar-26 3:30:00 PM ICT,0.0
13-Mar-26 4:00:00 PM ICT,0.0
13-Mar-26 4:30:00 PM ICT,0.0
13-Mar-26 5:00:00 PM ICT,0.0
13-Mar-26 5:30:00 PM ICT,0.0
13-Mar-26 6:00:00 PM ICT,0.0
13-Mar-26 6:30:00 PM ICT,0.0
13-Mar-26 7:00:00 PM ICT,0.0
13-Mar-26 7:30:00 PM ICT,0.0
13-Mar-26 8:00:00 PM ICT,0.0
13-Mar-26 8:30:00 PM ICT,0.0
13-Mar-26 9:00:00 PM ICT,0.0
13-Mar-26 9:30:00 PM ICT,0.0
13-Mar-26 10:00:00 PM ICT,0.0
13-Mar-26 10:30:00 PM ICT,0.0
13-Mar-26 11:00:00 PM ICT,0.0
13-Mar-26 11:30:00 PM ICT,0.0
14-Mar-26 12:00:00 AM ICT,0.0
14-Mar-26 12:30:00 AM ICT,0.0
14-Mar-26 1:00:00 AM ICT,0.0
14-Mar-26 1:30:00 AM ICT,0.0
14-Mar-26 2:00:00 AM ICT,0.0
14-Mar-26 2:30:00 AM ICT,0.0
14-Mar-26 3:00:00 AM ICT,0.0
14-Mar-26 3:30:00 AM ICT,0.0
14-Mar-26 4:00:00 AM ICT,0.0
14-Mar-26 4:30:00 AM ICT,0.0
14-Mar-26 5:00:00 AM ICT,0.0
14-Mar-26 5:30:00 AM ICT,0.0
14-Mar-26 6:00:00 AM ICT,0.0
14-Mar-26 6:30:00 AM ICT,0.0
14-Mar-26 7:00:00 AM ICT,0.0
14-Mar-26 7:30:00 AM ICT,0.0
14-Mar-26 8:00:00 AM ICT,0.0
14-Mar-26 8:30:00 AM ICT,0.0
14-Mar-26 9:00:00 AM ICT,0.0
14-Mar-26 9:30:00 AM ICT,0.0
14-Mar-26 10:00:00 AM ICT,0.1
14-Mar-26 10:30:00 AM ICT,0.2
14-Mar-26 11:00:00 AM ICT,0.4
14-Mar-26 11:30:00 AM ICT,0.4
14-Mar-26 12:00:00 PM ICT,0.4
14-Mar-26 12:30:00 PM ICT,0.4
14-Mar-26 1:00:00 PM ICT,0.5
14-Mar-26 1:30:00 PM ICT,0.0
14-Mar-26 2:00:00 PM ICT,0.0
14-Mar-26 2:30:00 PM ICT,0.0
14-Mar-26 3:00:00 PM ICT,0.0
14-Mar-26 3:30:00 PM ICT,0.0
14-Mar-26 4:00:00 PM ICT,0.1
14-Mar-26 4:30:00 PM ICT,0.0
14-Mar-26 5:00:00 PM ICT,0.0
14-Mar-26 5:30:00 PM ICT,0.0
14-Mar-26 6:00:00 PM ICT,0.0
14-Mar-26 6:30:00 PM ICT,0.0
14-Mar-26 7:00:00 PM ICT,0.0
14-Mar-26 7:30:00 PM ICT,0.0
14-Mar-26 8:00:00 PM ICT,0.0
14-Mar-26 8:30:00 PM ICT,0.0
14-Mar-26 9:00:00 PM ICT,0.0
14-Mar-26 9:30:00 PM ICT,0.0
14-Mar-26 10:00:00 PM ICT,0.0
14-Mar-26 10:30:00 PM ICT,0.0
14-Mar-26 11:00:00 PM ICT,0.0
14-Mar-26 11:30:00 PM ICT,0.0
15-Mar-26 12:00:00 AM ICT,0.0
15-Mar-26 12:30:00 AM ICT,0.0
15-Mar-26 1:00:00 AM ICT,0.0
15-Mar-26 1:30:00 AM ICT,0.0
15-Mar-26 2:00:00 AM ICT,0.0
15-Mar-26 2:30:00 AM ICT,0.0
15-Mar-26 3:00:00 AM ICT,0.0
15-Mar-26 3:30:00 AM ICT,0.0
15-Mar-26 4:00:00 AM ICT,0.0
15-Mar-26 4:30:00 AM ICT,0.0
15-Mar-26 5:00:00 AM ICT,0.0
15-Mar-26 5:30:00 AM ICT,0.0
15-Mar-26 6:00:00 AM ICT,0.0
15-Mar-26 6:30:00 AM ICT,0.0
15-Mar-26 7:00:00 AM ICT,0.0
15-Mar-26 7:30:00 AM ICT,0.0
15-Mar-26 8:00:00 AM ICT,0.0
15-Mar-26 8:30:00 AM ICT,0.0
15-Mar-26 9:00:00 AM ICT,0.0
15-Mar-26 9:30:00 AM ICT,0.0
15-Mar-26 10:00:00 AM ICT,0.0
15-Mar-26 10:30:00 AM ICT,0.0
15-Mar-26 11:00:00 AM ICT,0.0
15-Mar-26 11:30:00 AM ICT,0.0
15-Mar-26 12:00:00 PM ICT,0.0
15-Mar-26 12:30:00 PM ICT,0.0
15-Mar-26 1:00:00 PM ICT,0.0
15-Mar-26 1:30:00 PM ICT,0.0
15-Mar-26 2:00:00 PM ICT,0.0
15-Mar-26 2:30:00 PM ICT,0.0
15-Mar-26 3:00:00 PM ICT,0.0
15-Mar-26 3:30:00 PM ICT,0.0
15-Mar-26 4:00:00 PM ICT,0.0
15-Mar-26 4:30:00 PM ICT,0.0
15-Mar-26 5:00:00 PM ICT,0.0
15-Mar-26 5:30:00 PM ICT,0.0
15-Mar-26 6:00:00 PM ICT,0.0
15-Mar-26 6:30:00 PM ICT,0.0
15-Mar-26 7:00:00 PM ICT,0.0
15-Mar-26 7:30:00 PM ICT,0.0
15-Mar-26 8:00:00 PM ICT,0.0
15-Mar-26 8:30:00 PM ICT,0.0
15-Mar-26 9:00:00 PM ICT,0.0
15-Mar-26 9:30:00 PM ICT,0.0
15-Mar-26 10:00:00 PM ICT,0.0
15-Mar-26 10:30:00 PM ICT,0.0
15-Mar-26 11:00:00 PM ICT,0.0
15-Mar-26 11:30:00 PM ICT,0.0
16-Mar-26 12:00:00 AM ICT,0.0
16-Mar-26 12:30:00 AM ICT,0.0
16-Mar-26 1:00:00 AM ICT,0.0
16-Mar-26 1:30:00 AM ICT,0.0
16-Mar-26 2:00:00 AM ICT,0.0
16-Mar-26 2:30:00 AM ICT,0.0
16-Mar-26 3:00:00 AM ICT,0.0
16-Mar-26 3:30:00 AM ICT,0.0
16-Mar-26 4:00:00 AM ICT,0.0
16-Mar-26 4:30:00 AM ICT,0.0
16-Mar-26 5:00:00 AM ICT,0.0
16-Mar-26 5:30:00 AM ICT,0.0
16-Mar-26 6:00:00 AM ICT,0.0
16-Mar-26 6:30:00 AM ICT,0.0
16-Mar-26 7:00:00 AM ICT,0.0
16-Mar-26 7:30:00 AM ICT,0.0
16-Mar-26 8:00:00 AM ICT,0.0
16-Mar-26 8:30:00 AM ICT,0.0
16-Mar-26 9:00:00 AM ICT,0.0
16-Mar-26 9:30:00 AM ICT,0.0
16-Mar-26 10:00:00 AM ICT,0.0
16-Mar-26 10:30:00 AM ICT,0.0
16-Mar-26 11:00:00 AM ICT,0.0
16-Mar-26 11:30:00 AM ICT,0.0
16-Mar-26 12:00:00 PM ICT,0.0
16-Mar-26 12:30:00 PM ICT,0.0
16-Mar-26 1:00:00 PM ICT,0.0
16-Mar-26 1:30:00 PM ICT,0.0
16-Mar-26 2:00:00 PM ICT,0.0
16-Mar-26 2:30:00 PM ICT,0.3
16-Mar-26 3:00:00 PM ICT,0.3
16-Mar-26 3:30:00 PM ICT,0.0
16-Mar-26 4:00:00 PM ICT,0.0
16-Mar-26 4:30:00 PM ICT,0.0
16-Mar-26 5:00:00 PM ICT,0.0
16-Mar-26 5:30:00 PM ICT,0.0
16-Mar-26 6:00:00 PM ICT,0.0
16-Mar-26 6:30:00 PM ICT,0.4
16-Mar-26 7:00:00 PM ICT,0.0
16-Mar-26 7:30:00 PM ICT,0.0
16-Mar-26 8:00:00 PM ICT,0.0
16-Mar-26 8:30:00 PM ICT,0.0
16-Mar-26 9:00:00 PM ICT,0.0
16-Mar-26 9:30:00 PM ICT,0.0
16-Mar-26 10:00:00 PM ICT,0.0
16-Mar-26 10:30:00 PM ICT,0.0
16-Mar-26 11:00:00 PM ICT,0.0
16-Mar-26 11:30:00 PM ICT,0.0
17-Mar-26 12:00:00 AM ICT,0.0
17-Mar-26 12:30:00 AM ICT,0.0
17-Mar-26 1:00:00 AM ICT,0.0
17-Mar-26 1:30:00 AM ICT,0.0
17-Mar-26 2:00:00 AM ICT,0.0
17-Mar-26 2:30:00 AM ICT,0.0
17-Mar-26 3:00:00 AM ICT,0.0
17-Mar-26 3:30:00 AM ICT,0.0
17-Mar-26 4:00:00 AM ICT,0.0
17-Mar-26 4:30:00 AM ICT,0.0
17-Mar-26 5:00:00 AM ICT,0.0
17-Mar-26 5:30:00 AM ICT,0.0
17-Mar-26 6:00:00 AM ICT,0.0
17-Mar-26 6:30:00 AM ICT,0.2
17-Mar-26 7:00:00 AM ICT,0.0
17-Mar-26 7:30:00 AM ICT,0.0
17-Mar-26 8:00:00 AM ICT,0.0
17-Mar-26 8:30:00 AM ICT,0.0
17-Mar-26 9:00:00 AM ICT,0.0
17-Mar-26 9:30:00 AM ICT,0.0
17-Mar-26 10:00:00 AM ICT,0.0
17-Mar-26 10:30:00 AM ICT,0.0
17-Mar-26 11:00:00 AM ICT,0.0
17-Mar-26 11:30:00 AM ICT,0.0
17-Mar-26 12:00:00 PM ICT,0.0
17-Mar-26 12:30:00 PM ICT,0.0
17-Mar-26 1:00:00 PM ICT,0.0
17-Mar-26 1:30:00 PM ICT,0.0
17-Mar-26 2:00:00 PM ICT,0.0
17-Mar-26 2:30:00 PM ICT,0.0
17-Mar-26 3:00:00 PM ICT,0.0
17-Mar-26 3:30:00 PM ICT,0.0
17-Mar-26 4:00:00 PM ICT,0.0
17-Mar-26 4:30:00 PM ICT,0.0
17-Mar-26 5:00:00 PM ICT,0.0
17-Mar-26 5:30:00 PM ICT,0.0
17-Mar-26 6:00:00 PM ICT,0.0
17-Mar-26 6:30:00 PM ICT,0.1
17-Mar-26 7:00:00 PM ICT,0.0
17-Mar-26 7:30:00 PM ICT,0.0
17-Mar-26 8:00:00 PM ICT,0.0
17-Mar-26 8:30:00 PM ICT,0.0
17-Mar-26 9:00:00 PM ICT,0.0
17-Mar-26 9:30:00 PM ICT,0.0
17-Mar-26 10:00:00 PM ICT,0.0
17-Mar-26 10:30:00 PM ICT,0.0
17-Mar-26 11:00:00 PM ICT,0.0
17-Mar-26 11:30:00 PM ICT,0.0
18-Mar-26 12:00:00 AM ICT,0.0
18-Mar-26 12:30:00 AM ICT,0.0
18-Mar-26 1:00:00 AM ICT,0.0
18-Mar-26 1:30:00 AM ICT,0.0
18-Mar-26 2:00:00 AM ICT,0.0
18-Mar-26 2:30:00 AM ICT,0.0
18-Mar-26 3:00:00 AM ICT,0.0
18-Mar-26 3:30:00 AM ICT,0.0
18-Mar-26 4:00:00 AM ICT,0.0
18-Mar-26 4:30:00 AM ICT,0.0
18-Mar-26 5:00:00 AM ICT,0.0
18-Mar-26 5:30:00 AM ICT,0.0
18-Mar-26 6:00:00 AM ICT,0.0
18-Mar-26 6:30:00 AM ICT,0.1
18-Mar-26 7:00:00 AM ICT,0.0
18-Mar-26 7:30:00 AM ICT,0.0
18-Mar-26 8:00:00 AM ICT,0.0
18-Mar-26 8:30:00 AM ICT,0.0
18-Mar-26 9:00:00 AM ICT,0.0
18-Mar-26 9:30:00 AM ICT,0.0
18-Mar-26 10:00:00 AM ICT,0.0
18-Mar-26 10:30:00 AM ICT,0.0
18-Mar-26 11:00:00 AM ICT,0.0
18-Mar-26 11:30:00 AM ICT,0.0
18-Mar-26 12:00:00 PM ICT,0.0
18-Mar-26 12:30:00 PM ICT,0.0
18-Mar-26 1:00:00 PM ICT,0.0
18-Mar-26 1:30:00 PM ICT,0.0
18-Mar-26 2:00:00 PM ICT,0.0
18-Mar-26 2:30:00 PM ICT,0.0
18-Mar-26 3:00:00 PM ICT,0.0
18-Mar-26 3:30:00 PM ICT,0.0
18-Mar-26 4:00:00 PM ICT,0.0
18-Mar-26 4:30:00 PM ICT,0.0
18-Mar-26 5:00:00 PM ICT,0.0
18-Mar-26 5:30:00 PM ICT,0.0
18-Mar-26 6:00:00 PM ICT,0.0
18-Mar-26 6:30:00 PM ICT,0.1
18-Mar-26 7:00:00 PM ICT,0.0
18-Mar-26 7:30:00 PM ICT,0.0
18-Mar-26 8:00:00 PM ICT,0.0
18-Mar-26 8:30:00 PM ICT,0.0
18-Mar-26 9:00:00 PM ICT,0.0
18-Mar-26 9:30:00 PM ICT,0.0
18-Mar-26 10:00:00 PM ICT,0.0
18-Mar-26 10:30:00 PM ICT,0.0
18-Mar-26 11:00:00 PM ICT,0.0
18-Mar-26 11:30:00 PM ICT,0.0
19-Mar-26 12:00:00 AM ICT,0.0
19-Mar-26 12:30:00 AM ICT,0.0
19-Mar-26 1:00:00 AM ICT,0.0
19-Mar-26 1:30:00 AM ICT,0.0
19-Mar-26 2:00:00 AM ICT,0.0
19-Mar-26 2:30:00 AM ICT,0.0
19-Mar-26 3:00:00 AM ICT,0.0
19-Mar-26 3:30:00 AM ICT,0.0
19-Mar-26 4:00:00 AM ICT,0.0
19-Mar-26 4:30:00 AM ICT,0.0
19-Mar-26 5:00:00 AM ICT,0.0
19-Mar-26 5:30:00 AM ICT,0.0
19-Mar-26 6:00:00 AM ICT,0.0
19-Mar-26 6:30:00 AM ICT,0.1
19-Mar-26 7:00:00 AM ICT,0.0
19-Mar-26 7:30:00 AM ICT,0.0
19-Mar-26 8:00:00 AM ICT,0.0
19-Mar-26 8:30:00 AM ICT,0.0
19-Mar-26 9:00:00 AM ICT,0.0
19-Mar-26 9:30:00 AM ICT,0.0
19-Mar-26 10:00:00 AM ICT,0.0
19-Mar-26 10:30:00 AM ICT,0.0
19-Mar-26 11:00:00 AM ICT,0.0
19-Mar-26 11:30:00 AM ICT,0.0
19-Mar-26 12:00:00 PM ICT,0.0
19-Mar-26 12:30:00 PM ICT,0.0
19-Mar-26 1:00:00 PM ICT,0.0
19-Mar-26 1:30:00 PM ICT,0.0
19-Mar-26 2:00:00 PM ICT,0.0
19-Mar-26 2:30:00 PM ICT,0.0
19-Mar-26 3:00:00 PM ICT,0.0
19-Mar-26 3:30:00 PM ICT,0.0
19-Mar-26 4:00:00 PM ICT,0.0
19-Mar-26 4:30:00 PM ICT,0.0
19-Mar-26 5:00:00 PM ICT,0.0
19-Mar-26 5:30:00 PM ICT,0.0
19-Mar-26 6:00:00 PM ICT,0.0
19-Mar-26 6:30:00 PM ICT,0.1
19-Mar-26 7:00:00 PM ICT,0.0
19-Mar-26 7:30:00 PM ICT,0.0
19-Mar-26 8:00:00 PM ICT,0.0
19-Mar-26 8:30:00 PM ICT,0.0
19-Mar-26 9:00:00 PM ICT,0.0
19-Mar-26 9:30:00 PM ICT,0.0
19-Mar-26 10:00:00 PM ICT,0.0
19-Mar-26 10:30:00 PM ICT,0.0
19-Mar-26 11:00:00 PM ICT,0.0
19-Mar-26 11:30:00 PM ICT,0.0
20-Mar-26 12:00:00 AM ICT,0.0
20-Mar-26 12:30:00 AM ICT,0.0
20-Mar-26 1:00:00 AM ICT,0.0
20-Mar-26 1:30:00 AM ICT,0.0
20-Mar-26 2:00:00 AM ICT,0.0
20-Mar-26 2:30:00 AM ICT,0.0
20-Mar-26 3:00:00 AM ICT,0.0
20-Mar-26 3:30:00 AM ICT,0.0
20-Mar-26 4:00:00 AM ICT,0.0
20-Mar-26 4:30:00 AM ICT,0.0
20-Mar-26 5:00:00 AM ICT,0.0
20-Mar-26 5:30:00 AM ICT,0.0
20-Mar-26 6:00:00 AM ICT,0.0
20-Mar-26 6:30:00 AM ICT,0.1
20-Mar-26 7:00:00 AM ICT,0.0
20-Mar-26 7:30:00 AM ICT,0.0
20-Mar-26 8:00:00 AM ICT,0.0