TIME,Capacity (Pcs/Min),,,Accumulate (Pcs/Day),,,,,,,,,,,,,,,,,
(hh:mm:ss),ALL,LINE 4,LINE 5,ALL,LINE 4,LINE 5,,,,,,,,,,,,,,,
0:00:00,7,7,0,157,156,1,,,,,,,,,,,,,,,
0:01:00,7,7,0,157,156,1,,,,,,,,,,,,,,,
0:02:00,7,7,0,157,156,1,,,,,,,,,,,,,,,
0:03:00,7,7,0,157,156,1,,,,,,,,,,,,,,,
0:04:00,7,7,0,157,156,1,,,,,,,,,,,,,,,
0:05:00,7,7,0,157,156,1,,,,,,,,,,,,,,,
0:06:00,7,7,0,157,156,1,,,,,,,,,,,,,,,
0:07:00,7,7,0,157,156,1,,,,,,,,,,,,,,,
0:08:00,7,7,0,157,156,1,,,,,,,,,,,,,,,
0:09:00,7,7,0,157,156,1,,,,,,,,,,,,,,,
0:10:00,7,7,0,157,156,1,,,,,,,,,,,,,,,
0:11:00,7,7,0,157,156,1,,,,,,,,,,,,,,,
0:12:00,7,7,0,157,156,1,,,,,,,,,,,,,,,
0:13:00,7,7,0,157,156,1,,,,,,,,,,,,,,,
0:14:00,7,7,0,157,156,1,,,,,,,,,,,,,,,
0:15:00,7,7,0,157,156,1,,,,,,,,,,,,,,,
0:16:00,7,7,0,157,156,1,,,,,,,,,,,,,,,
0:17:00,7,7,0,157,156,1,,,,,,,,,,,,,,,
0:18:00,7,7,0,157,156,1,,,,,,,,,,,,,,,
0:19:00,7,7,0,157,156,1,,,,,,,,,,,,,,,
0:20:00,7,7,0,157,156,1,,,,,,,,,,,,,,,
0:21:00,7,7,0,157,156,1,,,,,,,,,,,,,,,
0:22:00,7,7,0,157,156,1,,,,,,,,,,,,,,,
0:23:00,7,7,0,157,156,1,,,,,,,,,,,,,,,
0:24:00,7,7,0,157,156,1,,,,,,,,,,,,,,,
0:25:00,7,7,0,157,156,1,,,,,,,,,,,,,,,
0:26:00,7,7,0,157,156,1,,,,,,,,,,,,,,,
0:27:00,7,7,0,157,156,1,,,,,,,,,,,,,,,
0:28:00,7,7,0,157,156,1,,,,,,,,,,,,,,,
0:29:00,7,7,0,157,156,1,,,,,,,,,,,,,,,
0:30:00,7,7,0,157,156,1,,,,,,,,,,,,,,,
0:31:00,7,7,0,157,156,1,,,,,,,,,,,,,,,
0:32:00,7,7,0,157,156,1,,,,,,,,,,,,,,,
0:33:00,7,7,0,157,156,1,,,,,,,,,,,,,,,
0:34:00,7,7,0,157,156,1,,,,,,,,,,,,,,,
0:35:00,7,7,0,157,156,1,,,,,,,,,,,,,,,
0:36:00,7,7,0,157,156,1,,,,,,,,,,,,,,,
0:37:00,7,7,0,157,156,1,,,,,,,,,,,,,,,
0:38:00,7,7,0,157,156,1,,,,,,,,,,,,,,,
0:39:00,7,7,0,157,156,1,,,,,,,,,,,,,,,
0:40:00,7,7,0,157,156,1,,,,,,,,,,,,,,,
0:41:00,7,7,0,157,156,1,,,,,,,,,,,,,,,
0:42:00,7,7,0,157,156,1,,,,,,,,,,,,,,,
0:43:00,7,7,0,157,156,1,,,,,,,,,,,,,,,
0:44:00,7,7,0,157,156,1,,,,,,,,,,,,,,,
0:45:00,7,7,0,157,156,1,,,,,,,,,,,,,,,
0:46:00,7,7,0,157,156,1,,,,,,,,,,,,,,,
0:47:00,7,7,0,157,156,1,,,,,,,,,,,,,,,
0:48:00,7,7,0,157,156,1,,,,,,,,,,,,,,,
0:49:00,7,7,0,157,156,1,,,,,,,,,,,,,,,
0:50:00,7,7,0,157,156,1,,,,,,,,,,,,,,,
0:51:00,7,7,0,157,156,1,,,,,,,,,,,,,,,
0:52:00,7,7,0,157,156,1,,,,,,,,,,,,,,,
0:53:00,7,7,0,157,156,1,,,,,,,,,,,,,,,
0:54:00,7,7,0,157,156,1,,,,,,,,,,,,,,,
0:55:00,7,7,0,157,156,1,,,,,,,,,,,,,,,
0:56:00,7,7,0,157,156,1,,,,,,,,,,,,,,,
0:57:00,7,7,0,157,156,1,,,,,,,,,,,,,,,
0:58:00,7,7,0,157,156,1,,,,,,,,,,,,,,,
0:59:00,7,7,0,157,156,1,,,,,,,,,,,,,,,
1:00:00,7,7,0,157,156,1,,,,,,,,,,,,,,,
1:01:00,7,7,0,157,156,1,,,,,,,,,,,,,,,
1:02:00,7,7,0,157,156,1,,,,,,,,,,,,,,,
1:03:00,7,7,0,157,156,1,,,,,,,,,,,,,,,
1:04:00,7,7,0,157,156,1,,,,,,,,,,,,,,,
1:05:00,7,7,0,157,156,1,,,,,,,,,,,,,,,
1:06:00,7,7,0,157,156,1,,,,,,,,,,,,,,,
1:07:00,7,7,0,157,156,1,,,,,,,,,,,,,,,
1:08:00,7,7,0,157,156,1,,,,,,,,,,,,,,,
1:09:00,7,7,0,157,156,1,,,,,,,,,,,,,,,
1:10:00,7,7,0,157,156,1,,,,,,,,,,,,,,,
1:11:00,7,7,0,157,156,1,,,,,,,,,,,,,,,
1:12:00,7,7,0,157,156,1,,,,,,,,,,,,,,,
1:13:00,7,7,0,157,156,1,,,,,,,,,,,,,,,
1:14:00,7,7,0,157,156,1,,,,,,,,,,,,,,,
1:15:00,7,7,0,157,156,1,,,,,,,,,,,,,,,
1:16:00,7,7,0,157,156,1,,,,,,,,,,,,,,,
1:17:00,7,7,0,157,156,1,,,,,,,,,,,,,,,
1:18:00,7,7,0,157,156,1,,,,,,,,,,,,,,,
1:19:00,7,7,0,157,156,1,,,,,,,,,,,,,,,
1:20:00,7,7,0,157,156,1,,,,,,,,,,,,,,,
1:21:00,7,7,0,157,156,1,,,,,,,,,,,,,,,
1:22:00,7,7,0,157,156,1,,,,,,,,,,,,,,,
1:23:00,7,7,0,157,156,1,,,,,,,,,,,,,,,
1:24:00,7,7,0,157,156,1,,,,,,,,,,,,,,,
1:25:00,7,7,0,157,156,1,,,,,,,,,,,,,,,
1:26:00,7,7,0,157,156,1,,,,,,,,,,,,,,,
1:27:00,7,7,0,157,156,1,,,,,,,,,,,,,,,
1:28:00,7,7,0,157,156,1,,,,,,,,,,,,,,,
1:29:00,7,7,0,157,156,1,,,,,,,,,,,,,,,
1:30:00,7,7,0,157,156,1,,,,,,,,,,,,,,,
1:31:00,7,7,0,157,156,1,,,,,,,,,,,,,,,
1:32:00,7,7,0,157,156,1,,,,,,,,,,,,,,,
1:33:00,7,7,0,157,156,1,,,,,,,,,,,,,,,
1:34:00,7,7,0,157,156,1,,,,,,,,,,,,,,,
1:35:00,7,7,0,157,156,1,,,,,,,,,,,,,,,
1:36:00,7,7,0,157,156,1,,,,,,,,,,,,,,,
1:37:00,7,7,0,157,156,1,,,,,,,,,,,,,,,
1:38:00,7,7,0,157,156,1,,,,,,,,,,,,,,,
1:39:00,7,7,0,157,156,1,,,,,,,,,,,,,,,
1:40:00,7,7,0,157,156,1,,,,,,,,,,,,,,,
1:41:00,7,7,0,157,156,1,,,,,,,,,,,,,,,
1:42:00,7,7,0,157,156,1,,,,,,,,,,,,,,,
1:43:00,7,7,0,157,156,1,,,,,,,,,,,,,,,
1:44:00,7,7,0,157,156,1,,,,,,,,,,,,,,,
1:45:00,7,7,0,157,156,1,,,,,,,,,,,,,,,
1:46:00,7,7,0,157,156,1,,,,,,,,,,,,,,,
1:47:00,7,7,0,157,156,1,,,,,,,,,,,,,,,
1:48:00,7,7,0,157,156,1,,,,,,,,,,,,,,,
1:49:00,7,7,0,157,156,1,,,,,,,,,,,,,,,
1:50:00,7,7,0,157,156,1,,,,,,,,,,,,,,,
1:51:00,7,7,0,157,156,1,,,,,,,,,,,,,,,
1:52:00,7,7,0,157,156,1,,,,,,,,,,,,,,,
1:53:00,7,7,0,157,156,1,,,,,,,,,,,,,,,
1:54:00,7,7,0,157,156,1,,,,,,,,,,,,,,,
1:55:00,7,7,0,157,156,1,,,,,,,,,,,,,,,
1:56:00,7,7,0,157,156,1,,,,,,,,,,,,,,,
1:57:00,7,7,0,157,156,1,,,,,,,,,,,,,,,
1:58:00,7,7,0,157,156,1,,,,,,,,,,,,,,,
1:59:00,7,7,0,157,156,1,,,,,,,,,,,,,,,
2:00:00,7,7,0,157,156,1,,,,,,,,,,,,,,,
2:01:00,7,7,0,157,156,1,,,,,,,,,,,,,,,
2:02:00,7,7,0,157,156,1,,,,,,,,,,,,,,,
2:03:00,7,7,0,157,156,1,,,,,,,,,,,,,,,
2:04:00,7,7,0,157,156,1,,,,,,,,,,,,,,,
2:05:00,7,7,0,157,156,1,,,,,,,,,,,,,,,
2:06:00,7,7,0,157,156,1,,,,,,,,,,,,,,,
2:07:00,7,7,0,157,156,1,,,,,,,,,,,,,,,
2:08:00,7,7,0,157,156,1,,,,,,,,,,,,,,,
2:09:00,7,7,0,157,156,1,,,,,,,,,,,,,,,
2:10:00,7,7,0,157,156,1,,,,,,,,,,,,,,,
2:11:00,7,7,0,157,156,1,,,,,,,,,,,,,,,
2:12:00,7,7,0,157,156,1,,,,,,,,,,,,,,,
2:13:00,7,7,0,157,156,1,,,,,,,,,,,,,,,
2:14:00,7,7,0,157,156,1,,,,,,,,,,,,,,,
2:15:00,7,7,0,157,156,1,,,,,,,,,,,,,,,
2:16:00,7,7,0,157,156,1,,,,,,,,,,,,,,,
2:17:00,7,7,0,157,156,1,,,,,,,,,,,,,,,
2:18:00,7,7,0,157,156,1,,,,,,,,,,,,,,,
2:19:00,7,7,0,157,156,1,,,,,,,,,,,,,,,
2:20:00,7,7,0,157,156,1,,,,,,,,,,,,,,,
2:21:00,7,7,0,157,156,1,,,,,,,,,,,,,,,
2:22:00,7,7,0,157,156,1,,,,,,,,,,,,,,,
2:23:00,7,7,0,157,156,1,,,,,,,,,,,,,,,
2:24:00,7,7,0,157,156,1,,,,,,,,,,,,,,,
2:25:00,7,7,0,157,156,1,,,,,,,,,,,,,,,
2:26:00,7,7,0,157,156,1,,,,,,,,,,,,,,,
2:27:00,7,7,0,157,156,1,,,,,,,,,,,,,,,
2:28:00,7,7,0,157,156,1,,,,,,,,,,,,,,,
2:29:00,7,7,0,157,156,1,,,,,,,,,,,,,,,
2:30:00,7,7,0,157,156,1,,,,,,,,,,,,,,,
2:31:00,7,7,0,157,156,1,,,,,,,,,,,,,,,
2:32:00,7,7,0,157,156,1,,,,,,,,,,,,,,,
2:33:00,7,7,0,157,156,1,,,,,,,,,,,,,,,
2:34:00,7,7,0,157,156,1,,,,,,,,,,,,,,,
2:35:00,7,7,0,157,156,1,,,,,,,,,,,,,,,
2:36:00,7,7,0,157,156,1,,,,,,,,,,,,,,,
2:37:00,7,7,0,157,156,1,,,,,,,,,,,,,,,
2:38:00,7,7,0,157,156,1,,,,,,,,,,,,,,,
2:39:00,7,7,0,157,156,1,,,,,,,,,,,,,,,
2:40:00,7,7,0,157,156,1,,,,,,,,,,,,,,,
2:41:00,7,7,0,157,156,1,,,,,,,,,,,,,,,
2:42:00,7,7,0,157,156,1,,,,,,,,,,,,,,,
2:43:00,7,7,0,157,156,1,,,,,,,,,,,,,,,
2:44:00,7,7,0,157,156,1,,,,,,,,,,,,,,,
2:45:00,7,7,0,157,156,1,,,,,,,,,,,,,,,
2:46:00,7,7,0,157,156,1,,,,,,,,,,,,,,,
2:47:00,7,7,0,157,156,1,,,,,,,,,,,,,,,
2:48:00,7,7,0,157,156,1,,,,,,,,,,,,,,,
2:49:00,7,7,0,157,156,1,,,,,,,,,,,,,,,
2:50:00,7,7,0,157,156,1,,,,,,,,,,,,,,,
2:51:00,7,7,0,157,156,1,,,,,,,,,,,,,,,
2:52:00,7,7,0,157,156,1,,,,,,,,,,,,,,,
2:53:00,7,7,0,157,156,1,,,,,,,,,,,,,,,
2:54:00,7,7,0,157,156,1,,,,,,,,,,,,,,,
2:55:00,7,7,0,157,156,1,,,,,,,,,,,,,,,
2:56:00,7,7,0,157,156,1,,,,,,,,,,,,,,,
2:57:00,7,7,0,157,156,1,,,,,,,,,,,,,,,
2:58:00,7,7,0,157,156,1,,,,,,,,,,,,,,,
2:59:00,7,7,0,157,156,1,,,,,,,,,,,,,,,
3:00:00,7,7,0,157,156,1,,,,,,,,,,,,,,,
3:01:00,7,7,0,157,156,1,,,,,,,,,,,,,,,
3:02:00,7,7,0,157,156,1,,,,,,,,,,,,,,,
3:03:00,7,7,0,157,156,1,,,,,,,,,,,,,,,
3:04:00,7,7,0,157,156,1,,,,,,,,,,,,,,,
3:05:00,7,7,0,157,156,1,,,,,,,,,,,,,,,
3:06:00,7,7,0,157,156,1,,,,,,,,,,,,,,,
3:07:00,7,7,0,157,156,1,,,,,,,,,,,,,,,
3:08:00,7,7,0,157,156,1,,,,,,,,,,,,,,,
3:09:00,7,7,0,157,156,1,,,,,,,,,,,,,,,
3:10:00,7,7,0,157,156,1,,,,,,,,,,,,,,,
3:11:00,7,7,0,157,156,1,,,,,,,,,,,,,,,
3:12:00,7,7,0,157,156,1,,,,,,,,,,,,,,,
3:13:00,7,7,0,157,156,1,,,,,,,,,,,,,,,
3:14:00,7,7,0,157,156,1,,,,,,,,,,,,,,,
3:15:00,7,7,0,157,156,1,,,,,,,,,,,,,,,
3:16:00,7,7,0,157,156,1,,,,,,,,,,,,,,,
3:17:00,7,7,0,157,156,1,,,,,,,,,,,,,,,
3:18:00,7,7,0,157,156,1,,,,,,,,,,,,,,,
3:19:00,7,7,0,157,156,1,,,,,,,,,,,,,,,
3:20:00,7,7,0,157,156,1,,,,,,,,,,,,,,,
3:21:00,7,7,0,157,156,1,,,,,,,,,,,,,,,
3:22:00,7,7,0,157,156,1,,,,,,,,,,,,,,,
3:23:00,7,7,0,157,156,1,,,,,,,,,,,,,,,
3:24:00,7,7,0,157,156,1,,,,,,,,,,,,,,,
3:25:00,7,7,0,157,156,1,,,,,,,,,,,,,,,
3:26:00,7,7,0,157,156,1,,,,,,,,,,,,,,,
3:27:00,7,7,0,157,156,1,,,,,,,,,,,,,,,
3:28:00,7,7,0,157,156,1,,,,,,,,,,,,,,,
3:29:00,7,7,0,157,156,1,,,,,,,,,,,,,,,
3:30:00,7,7,0,157,156,1,,,,,,,,,,,,,,,
3:31:00,7,7,0,157,156,1,,,,,,,,,,,,,,,
3:32:00,7,7,0,157,156,1,,,,,,,,,,,,,,,
3:33:00,7,7,0,157,156,1,,,,,,,,,,,,,,,
3:34:00,7,7,0,157,156,1,,,,,,,,,,,,,,,
3:35:00,7,7,0,157,156,1,,,,,,,,,,,,,,,
3:36:00,7,7,0,157,156,1,,,,,,,,,,,,,,,
3:37:00,7,7,0,157,156,1,,,,,,,,,,,,,,,
3:38:00,7,7,0,157,156,1,,,,,,,,,,,,,,,
3:39:00,7,7,0,157,156,1,,,,,,,,,,,,,,,
3:40:00,7,7,0,157,156,1,,,,,,,,,,,,,,,
3:41:00,7,7,0,157,156,1,,,,,,,,,,,,,,,
3:42:00,7,7,0,157,156,1,,,,,,,,,,,,,,,
3:43:00,7,7,0,157,156,1,,,,,,,,,,,,,,,
3:44:00,7,7,0,157,156,1,,,,,,,,,,,,,,,
3:45:00,7,7,0,157,156,1,,,,,,,,,,,,,,,
3:46:00,7,7,0,157,156,1,,,,,,,,,,,,,,,
3:47:00,7,7,0,157,156,1,,,,,,,,,,,,,,,
3:48:00,7,7,0,157,156,1,,,,,,,,,,,,,,,
3:49:00,7,7,0,157,156,1,,,,,,,,,,,,,,,
3:50:00,7,7,0,157,156,1,,,,,,,,,,,,,,,
3:51:00,7,7,0,157,156,1,,,,,,,,,,,,,,,
3:52:00,7,7,0,157,156,1,,,,,,,,,,,,,,,
3:53:00,7,7,0,157,156,1,,,,,,,,,,,,,,,
3:54:00,7,7,0,157,156,1,,,,,,,,,,,,,,,
3:55:00,7,7,0,157,156,1,,,,,,,,,,,,,,,
3:56:00,7,7,0,157,156,1,,,,,,,,,,,,,,,
3:57:00,7,7,0,157,156,1,,,,,,,,,,,,,,,
3:58:00,7,7,0,157,156,1,,,,,,,,,,,,,,,
3:59:00,7,7,0,157,156,1,,,,,,,,,,,,,,,
4:00:00,7,7,0,157,156,1,,,,,,,,,,,,,,,
4:01:00,7,7,0,157,156,1,,,,,,,,,,,,,,,
4:02:00,7,7,0,157,156,1,,,,,,,,,,,,,,,
4:03:00,7,7,0,157,156,1,,,,,,,,,,,,,,,
4:04:00,7,7,0,157,156,1,,,,,,,,,,,,,,,
4:05:00,7,7,0,157,156,1,,,,,,,,,,,,,,,
4:06:00,7,7,0,157,156,1,,,,,,,,,,,,,,,
4:07:00,7,7,0,157,156,1,,,,,,,,,,,,,,,
4:08:00,7,7,0,157,156,1,,,,,,,,,,,,,,,
4:09:00,7,7,0,157,156,1,,,,,,,,,,,,,,,
4:10:00,7,7,0,157,156,1,,,,,,,,,,,,,,,
4:11:00,7,7,0,157,156,1,,,,,,,,,,,,,,,
4:12:00,7,7,0,157,156,1,,,,,,,,,,,,,,,
4:13:00,7,7,0,157,156,1,,,,,,,,,,,,,,,
4:14:00,7,7,0,157,156,1,,,,,,,,,,,,,,,
4:15:00,7,7,0,157,156,1,,,,,,,,,,,,,,,
4:16:00,7,7,0,157,156,1,,,,,,,,,,,,,,,
4:17:00,7,7,0,157,156,1,,,,,,,,,,,,,,,
4:18:00,7,7,0,157,156,1,,,,,,,,,,,,,,,
4:19:00,7,7,0,157,156,1,,,,,,,,,,,,,,,
4:20:00,7,7,0,157,156,1,,,,,,,,,,,,,,,
4:21:00,7,7,0,157,156,1,,,,,,,,,,,,,,,
4:22:00,7,7,0,157,156,1,,,,,,,,,,,,,,,
4:23:00,7,7,0,157,156,1,,,,,,,,,,,,,,,
4:24:00,7,7,0,157,156,1,,,,,,,,,,,,,,,
4:25:00,7,7,0,157,156,1,,,,,,,,,,,,,,,
4:26:00,7,7,0,157,156,1,,,,,,,,,,,,,,,
4:27:00,7,7,0,157,156,1,,,,,,,,,,,,,,,
4:28:00,7,7,0,157,156,1,,,,,,,,,,,,,,,
4:29:00,7,7,0,157,156,1,,,,,,,,,,,,,,,
4:30:00,7,7,0,157,156,1,,,,,,,,,,,,,,,
4:31:00,7,7,0,157,156,1,,,,,,,,,,,,,,,
4:32:00,7,7,0,157,156,1,,,,,,,,,,,,,,,
4:33:00,7,7,0,157,156,1,,,,,,,,,,,,,,,
4:34:00,7,7,0,157,156,1,,,,,,,,,,,,,,,
4:35:00,7,7,0,157,156,1,,,,,,,,,,,,,,,
4:36:00,7,7,0,157,156,1,,,,,,,,,,,,,,,
4:37:00,7,7,0,157,156,1,,,,,,,,,,,,,,,
4:38:00,7,7,0,157,156,1,,,,,,,,,,,,,,,
4:39:00,7,7,0,157,156,1,,,,,,,,,,,,,,,
4:40:00,7,7,0,157,156,1,,,,,,,,,,,,,,,
4:41:00,7,7,0,157,156,1,,,,,,,,,,,,,,,
4:42:00,7,7,0,157,156,1,,,,,,,,,,,,,,,
4:43:00,7,7,0,157,156,1,,,,,,,,,,,,,,,
4:44:00,7,7,0,157,156,1,,,,,,,,,,,,,,,
4:45:00,7,7,0,157,156,1,,,,,,,,,,,,,,,
4:46:00,7,7,0,157,156,1,,,,,,,,,,,,,,,
4:47:00,7,7,0,157,156,1,,,,,,,,,,,,,,,
4:48:00,7,7,0,157,156,1,,,,,,,,,,,,,,,
4:49:00,7,7,0,157,156,1,,,,,,,,,,,,,,,
4:50:00,7,7,0,157,156,1,,,,,,,,,,,,,,,
4:51:00,7,7,0,157,156,1,,,,,,,,,,,,,,,
4:52:00,7,7,0,157,156,1,,,,,,,,,,,,,,,
4:53:00,7,7,0,157,156,1,,,,,,,,,,,,,,,
4:54:00,7,7,0,157,156,1,,,,,,,,,,,,,,,
4:55:00,7,7,0,157,156,1,,,,,,,,,,,,,,,
4:56:00,7,7,0,157,156,1,,,,,,,,,,,,,,,
4:57:00,7,7,0,157,156,1,,,,,,,,,,,,,,,
4:58:00,7,7,0,157,156,1,,,,,,,,,,,,,,,
4:59:00,7,7,0,157,156,1,,,,,,,,,,,,,,,
5:00:00,7,7,0,157,156,1,,,,,,,,,,,,,,,
5:01:00,7,7,0,157,156,1,,,,,,,,,,,,,,,
5:02:00,7,7,0,157,156,1,,,,,,,,,,,,,,,
5:03:00,7,7,0,157,156,1,,,,,,,,,,,,,,,
5:04:00,7,7,0,157,156,1,,,,,,,,,,,,,,,
5:05:00,7,7,0,157,156,1,,,,,,,,,,,,,,,
5:06:00,7,7,0,157,156,1,,,,,,,,,,,,,,,
5:07:00,7,7,0,157,156,1,,,,,,,,,,,,,,,
5:08:00,7,7,0,157,156,1,,,,,,,,,,,,,,,
5:09:00,7,7,0,157,156,1,,,,,,,,,,,,,,,
5:10:00,7,7,0,157,156,1,,,,,,,,,,,,,,,
5:11:00,7,7,0,157,156,1,,,,,,,,,,,,,,,
5:12:00,7,7,0,157,156,1,,,,,,,,,,,,,,,
5:13:00,7,7,0,157,156,1,,,,,,,,,,,,,,,
5:14:00,7,7,0,157,156,1,,,,,,,,,,,,,,,
5:15:00,7,7,0,157,156,1,,,,,,,,,,,,,,,
5:16:00,7,7,0,157,156,1,,,,,,,,,,,,,,,
5:17:00,7,7,0,157,156,1,,,,,,,,,,,,,,,
5:18:00,7,7,0,157,156,1,,,,,,,,,,,,,,,
5:19:00,7,7,0,157,156,1,,,,,,,,,,,,,,,
5:20:00,7,7,0,157,156,1,,,,,,,,,,,,,,,
5:21:00,7,7,0,157,156,1,,,,,,,,,,,,,,,
5:22:00,7,7,0,157,156,1,,,,,,,,,,,,,,,
5:23:00,7,7,0,157,156,1,,,,,,,,,,,,,,,
5:24:00,7,7,0,157,156,1,,,,,,,,,,,,,,,
5:25:00,7,7,0,157,156,1,,,,,,,,,,,,,,,
5:26:00,7,7,0,157,156,1,,,,,,,,,,,,,,,
5:27:00,7,7,0,157,156,1,,,,,,,,,,,,,,,
5:28:00,7,7,0,157,156,1,,,,,,,,,,,,,,,
5:29:00,7,7,0,157,156,1,,,,,,,,,,,,,,,
5:30:00,7,7,0,157,156,1,,,,,,,,,,,,,,,
5:31:00,7,7,0,157,156,1,,,,,,,,,,,,,,,
5:32:00,7,7,0,157,156,1,,,,,,,,,,,,,,,
5:33:00,7,7,0,157,156,1,,,,,,,,,,,,,,,
5:34:00,7,7,0,157,156,1,,,,,,,,,,,,,,,
5:35:00,7,7,0,157,156,1,,,,,,,,,,,,,,,
5:36:00,7,7,0,157,156,1,,,,,,,,,,,,,,,
5:37:00,7,7,0,157,156,1,,,,,,,,,,,,,,,
5:38:00,7,7,0,157,156,1,,,,,,,,,,,,,,,
5:39:00,7,7,0,157,156,1,,,,,,,,,,,,,,,
5:40:00,7,7,0,157,156,1,,,,,,,,,,,,,,,
5:41:00,7,7,0,157,156,1,,,,,,,,,,,,,,,
5:42:00,7,7,0,157,156,1,,,,,,,,,,,,,,,
5:43:00,7,7,0,157,156,1,,,,,,,,,,,,,,,
5:44:00,7,7,0,157,156,1,,,,,,,,,,,,,,,
5:45:00,7,7,0,157,156,1,,,,,,,,,,,,,,,
5:46:00,7,7,0,157,156,1,,,,,,,,,,,,,,,
5:47:00,7,7,0,157,156,1,,,,,,,,,,,,,,,
5:48:00,7,7,0,157,156,1,,,,,,,,,,,,,,,
5:49:00,7,7,0,157,156,1,,,,,,,,,,,,,,,
5:50:00,7,7,0,157,156,1,,,,,,,,,,,,,,,
5:51:00,7,7,0,157,156,1,,,,,,,,,,,,,,,
5:52:00,7,7,0,157,156,1,,,,,,,,,,,,,,,
5:53:00,7,7,0,157,156,1,,,,,,,,,,,,,,,
5:54:00,7,7,0,157,156,1,,,,,,,,,,,,,,,
5:55:00,7,7,0,157,156,1,,,,,,,,,,,,,,,
5:56:00,7,7,0,157,156,1,,,,,,,,,,,,,,,
5:57:00,7,7,0,157,156,1,,,,,,,,,,,,,,,
5:58:00,7,7,0,157,156,1,,,,,,,,,,,,,,,
5:59:00,7,7,0,157,156,1,,,,,,,,,,,,,,,
6:00:00,7,7,0,157,156,1,,,,,,,,,,,,,,,
6:01:00,7,7,0,157,156,1,,,,,,,,,,,,,,,
6:02:00,7,7,0,157,156,1,,,,,,,,,,,,,,,
6:03:00,7,7,0,157,156,1,,,,,,,,,,,,,,,
6:04:00,7,7,0,157,156,1,,,,,,,,,,,,,,,
6:05:00,7,7,0,157,156,1,,,,,,,,,,,,,,,
6:06:00,7,7,0,157,156,1,,,,,,,,,,,,,,,
6:07:00,7,7,0,157,156,1,,,,,,,,,,,,,,,
6:08:00,7,7,0,157,156,1,,,,,,,,,,,,,,,
6:09:00,7,7,0,157,156,1,,,,,,,,,,,,,,,
6:10:00,7,7,0,157,156,1,,,,,,,,,,,,,,,
6:11:00,7,7,0,157,156,1,,,,,,,,,,,,,,,
6:12:00,7,7,0,157,156,1,,,,,,,,,,,,,,,
6:13:00,7,7,0,157,156,1,,,,,,,,,,,,,,,
6:14:00,7,7,0,157,156,1,,,,,,,,,,,,,,,
6:15:00,7,7,0,157,156,1,,,,,,,,,,,,,,,
6:16:00,7,7,0,157,156,1,,,,,,,,,,,,,,,
6:17:00,7,7,0,157,156,1,,,,,,,,,,,,,,,
6:18:00,7,7,0,157,156,1,,,,,,,,,,,,,,,
6:19:00,7,7,0,157,156,1,,,,,,,,,,,,,,,
6:20:00,7,7,0,157,156,1,,,,,,,,,,,,,,,
6:21:00,7,7,0,157,156,1,,,,,,,,,,,,,,,
6:22:00,7,7,0,157,156,1,,,,,,,,,,,,,,,
6:23:00,7,7,0,157,156,1,,,,,,,,,,,,,,,
6:24:00,7,7,0,157,156,1,,,,,,,,,,,,,,,
6:25:00,7,7,0,157,156,1,,,,,,,,,,,,,,,
6:26:00,7,7,0,157,156,1,,,,,,,,,,,,,,,
6:27:00,7,7,0,157,156,1,,,,,,,,,,,,,,,
6:28:00,7,7,0,157,156,1,,,,,,,,,,,,,,,
6:29:00,7,7,0,157,156,1,,,,,,,,,,,,,,,
6:30:00,7,7,0,157,156,1,,,,,,,,,,,,,,,
6:31:00,7,7,0,157,156,1,,,,,,,,,,,,,,,
6:32:00,7,7,0,157,156,1,,,,,,,,,,,,,,,
6:33:00,7,7,0,157,156,1,,,,,,,,,,,,,,,
6:34:00,7,7,0,157,156,1,,,,,,,,,,,,,,,
6:35:00,7,7,0,157,156,1,,,,,,,,,,,,,,,
6:36:00,7,7,0,157,156,1,,,,,,,,,,,,,,,
6:37:00,7,7,0,157,156,1,,,,,,,,,,,,,,,
6:38:00,7,7,0,157,156,1,,,,,,,,,,,,,,,
6:39:00,7,7,0,157,156,1,,,,,,,,,,,,,,,
6:40:00,7,7,0,157,156,1,,,,,,,,,,,,,,,
6:41:00,7,7,0,157,156,1,,,,,,,,,,,,,,,
6:42:00,7,7,0,157,156,1,,,,,,,,,,,,,,,
6:43:00,7,7,0,157,156,1,,,,,,,,,,,,,,,
6:44:00,7,7,0,157,156,1,,,,,,,,,,,,,,,
6:45:00,7,7,0,157,156,1,,,,,,,,,,,,,,,
6:46:00,7,7,0,157,156,1,,,,,,,,,,,,,,,
6:47:00,7,7,0,157,156,1,,,,,,,,,,,,,,,
6:48:00,7,7,0,157,156,1,,,,,,,,,,,,,,,
6:49:00,7,7,0,157,156,1,,,,,,,,,,,,,,,
6:50:00,7,7,0,157,156,1,,,,,,,,,,,,,,,
6:51:00,7,7,0,157,156,1,,,,,,,,,,,,,,,
6:52:00,7,7,0,157,156,1,,,,,,,,,,,,,,,
6:53:00,7,7,0,157,156,1,,,,,,,,,,,,,,,
6:54:00,7,7,0,157,156,1,,,,,,,,,,,,,,,
6:55:00,7,7,0,157,156,1,,,,,,,,,,,,,,,
6:56:00,7,7,0,157,156,1,,,,,,,,,,,,,,,
6:57:00,7,7,0,157,156,1,,,,,,,,,,,,,,,
6:58:00,7,7,0,157,156,1,,,,,,,,,,,,,,,
6:59:00,7,7,0,157,156,1,,,,,,,,,,,,,,,
7:00:00,7,7,0,157,156,1,,,,,,,,,,,,,,,
7:01:00,7,7,0,157,156,1,,,,,,,,,,,,,,,
7:02:00,7,7,0,157,156,1,,,,,,,,,,,,,,,
7:03:00,7,7,0,157,156,1,,,,,,,,,,,,,,,
7:04:00,7,7,0,157,156,1,,,,,,,,,,,,,,,
7:05:00,7,7,0,157,156,1,,,,,,,,,,,,,,,
7:06:00,7,7,0,157,156,1,,,,,,,,,,,,,,,
7:07:00,7,7,0,157,156,1,,,,,,,,,,,,,,,
7:08:00,7,7,0,157,156,1,,,,,,,,,,,,,,,
7:09:00,7,7,0,157,156,1,,,,,,,,,,,,,,,
7:10:00,7,7,0,157,156,1,,,,,,,,,,,,,,,
7:11:00,7,7,0,157,156,1,,,,,,,,,,,,,,,
7:12:00,7,7,0,157,156,1,,,,,,,,,,,,,,,
7:13:00,7,7,0,157,156,1,,,,,,,,,,,,,,,
7:14:00,7,7,0,157,156,1,,,,,,,,,,,,,,,
7:15:00,7,7,0,157,156,1,,,,,,,,,,,,,,,
7:16:00,7,7,0,157,156,1,,,,,,,,,,,,,,,
7:17:00,7,7,0,157,156,1,,,,,,,,,,,,,,,
7:18:00,7,7,0,157,156,1,,,,,,,,,,,,,,,
7:19:00,7,7,0,157,156,1,,,,,,,,,,,,,,,
7:20:00,7,7,0,157,156,1,,,,,,,,,,,,,,,
7:21:00,7,7,0,157,156,1,,,,,,,,,,,,,,,
7:22:00,7,7,0,157,156,1,,,,,,,,,,,,,,,
7:23:00,7,7,0,157,156,1,,,,,,,,,,,,,,,
7:24:00,7,7,0,157,156,1,,,,,,,,,,,,,,,
7:25:00,7,7,0,157,156,1,,,,,,,,,,,,,,,
7:26:00,7,7,0,157,156,1,,,,,,,,,,,,,,,
7:27:00,7,7,0,157,156,1,,,,,,,,,,,,,,,
7:28:00,7,7,0,157,156,1,,,,,,,,,,,,,,,
7:29:00,7,7,0,157,156,1,,,,,,,,,,,,,,,
7:30:00,7,7,0,157,156,1,,,,,,,,,,,,,,,
7:31:00,7,7,0,157,156,1,,,,,,,,,,,,,,,
7:32:00,7,7,0,157,156,1,,,,,,,,,,,,,,,
7:33:00,7,7,0,157,156,1,,,,,,,,,,,,,,,
7:34:00,7,7,0,157,156,1,,,,,,,,,,,,,,,
7:35:00,7,7,0,157,156,1,,,,,,,,,,,,,,,
7:36:00,7,7,0,157,156,1,,,,,,,,,,,,,,,
7:37:00,7,7,0,157,156,1,,,,,,,,,,,,,,,
7:38:00,7,7,0,157,156,1,,,,,,,,,,,,,,,
7:39:00,7,7,0,157,156,1,,,,,,,,,,,,,,,
7:40:00,7,7,0,157,156,1,,,,,,,,,,,,,,,
7:41:00,7,7,0,157,156,1,,,,,,,,,,,,,,,
7:42:00,7,7,0,157,156,1,,,,,,,,,,,,,,,
7:43:00,7,7,0,157,156,1,,,,,,,,,,,,,,,
7:44:00,7,7,0,157,156,1,,,,,,,,,,,,,,,
7:45:00,7,7,0,157,156,1,,,,,,,,,,,,,,,
7:46:00,7,7,0,157,156,1,,,,,,,,,,,,,,,
7:47:00,7,7,0,157,156,1,,,,,,,,,,,,,,,
7:48:00,7,7,0,157,156,1,,,,,,,,,,,,,,,
7:49:00,7,7,0,157,156,1,,,,,,,,,,,,,,,
7:50:00,7,7,0,157,156,1,,,,,,,,,,,,,,,
7:51:00,7,7,0,157,156,1,,,,,,,,,,,,,,,
7:52:00,7,7,0,157,156,1,,,,,,,,,,,,,,,
7:53:00,7,7,0,157,156,1,,,,,,,,,,,,,,,
7:54:00,7,7,0,157,156,1,,,,,,,,,,,,,,,
7:55:00,7,7,0,157,156,1,,,,,,,,,,,,,,,
7:56:00,7,7,0,157,156,1,,,,,,,,,,,,,,,
7:57:00,7,7,0,157,156,1,,,,,,,,,,,,,,,
7:58:00,7,7,0,157,156,1,,,,,,,,,,,,,,,
7:59:00,7,7,0,157,156,1,,,,,,,,,,,,,,,
8:00:00,7,7,0,157,156,1,,,,,,,,,,,,,,,
8:01:00,7,7,0,157,156,1,,,,,,,,,,,,,,,
8:02:00,7,7,0,157,156,1,,,,,,,,,,,,,,,
8:03:00,7,7,0,157,156,1,,,,,,,,,,,,,,,
8:04:00,7,7,0,157,156,1,,,,,,,,,,,,,,,
8:05:00,7,7,0,157,156,1,,,,,,,,,,,,,,,
8:06:00,7,7,0,157,156,1,,,,,,,,,,,,,,,
8:07:00,7,7,0,157,156,1,,,,,,,,,,,,,,,
8:08:00,7,7,0,157,156,1,,,,,,,,,,,,,,,
8:09:00,7,7,0,157,156,1,,,,,,,,,,,,,,,
8:10:00,7,7,0,157,156,1,,,,,,,,,,,,,,,
8:11:00,7,7,0,157,156,1,,,,,,,,,,,,,,,
8:12:00,7,7,0,157,156,1,,,,,,,,,,,,,,,
8:13:00,7,7,0,157,156,1,,,,,,,,,,,,,,,
8:14:00,7,7,0,157,156,1,,,,,,,,,,,,,,,
8:15:00,7,7,0,157,156,1,,,,,,,,,,,,,,,
8:16:00,7,7,0,157,156,1,,,,,,,,,,,,,,,
8:17:00,7,7,0,157,156,1,,,,,,,,,,,,,,,
8:18:00,7,7,0,157,156,1,,,,,,,,,,,,,,,
8:19:00,7,7,0,157,156,1,,,,,,,,,,,,,,,
8:20:00,7,7,0,157,156,1,,,,,,,,,,,,,,,
8:21:00,7,7,0,157,156,1,,,,,,,,,,,,,,,
8:22:00,7,7,0,157,156,1,,,,,,,,,,,,,,,
8:23:00,7,7,0,157,156,1,,,,,,,,,,,,,,,
8:24:00,7,7,0,157,156,1,,,,,,,,,,,,,,,
8:25:00,7,7,0,157,156,1,,,,,,,,,,,,,,,
8:26:00,7,7,0,157,156,1,,,,,,,,,,,,,,,
8:27:00,7,7,0,157,156,1,,,,,,,,,,,,,,,
8:28:00,7,7,0,157,156,1,,,,,,,,,,,,,,,
8:29:00,7,7,0,157,156,1,,,,,,,,,,,,,,,
8:30:00,7,7,0,157,156,1,,,,,,,,,,,,,,,
8:31:00,7,7,0,157,156,1,,,,,,,,,,,,,,,
8:32:00,7,7,0,157,156,1,,,,,,,,,,,,,,,
8:33:00,7,7,0,157,156,1,,,,,,,,,,,,,,,
8:34:00,7,7,0,157,156,1,,,,,,,,,,,,,,,
8:35:00,7,7,0,157,156,1,,,,,,,,,,,,,,,
8:36:00,7,7,0,157,156,1,,,,,,,,,,,,,,,
8:37:00,7,7,0,157,156,1,,,,,,,,,,,,,,,
8:38:00,7,7,0,157,156,1,,,,,,,,,,,,,,,
8:39:00,7,7,0,157,156,1,,,,,,,,,,,,,,,
8:40:00,7,7,0,157,156,1,,,,,,,,,,,,,,,
8:41:00,7,7,0,157,156,1,,,,,,,,,,,,,,,
8:42:00,7,7,0,157,156,1,,,,,,,,,,,,,,,
8:43:00,7,7,0,157,156,1,,,,,,,,,,,,,,,
8:44:00,7,7,0,157,156,1,,,,,,,,,,,,,,,
8:45:00,7,7,0,157,156,1,,,,,,,,,,,,,,,
8:46:00,7,7,0,157,156,1,,,,,,,,,,,,,,,
8:47:00,7,7,0,157,156,1,,,,,,,,,,,,,,,
8:48:00,7,7,0,157,156,1,,,,,,,,,,,,,,,
8:49:00,7,7,0,157,156,1,,,,,,,,,,,,,,,
8:50:00,7,7,0,157,156,1,,,,,,,,,,,,,,,
8:51:00,7,7,0,157,156,1,,,,,,,,,,,,,,,
8:52:00,7,7,0,157,156,1,,,,,,,,,,,,,,,
8:53:00,7,7,0,157,156,1,,,,,,,,,,,,,,,
8:54:00,7,7,0,157,156,1,,,,,,,,,,,,,,,
8:55:00,9,9,0,159,158,1,,,,,,,,,,,,,,,
8:56:00,4,4,0,164,163,1,,,,,,,,,,,,,,,
8:57:00,1,1,0,165,164,1,,,,,,,,,,,,,,,
8:58:00,3,3,0,170,169,1,,,,,,,,,,,,,,,
9:02:00,5,5,0,196,195,1,,,,,,,,,,,,,,,
9:03:00,6,6,0,205,204,1,,,,,,,,,,,,,,,
9:04:00,4,4,0,211,210,1,,,,,,,,,,,,,,,
9:05:00,6,6,0,217,216,1,,,,,,,,,,,,,,,
9:06:00,5,5,0,224,223,1,,,,,,,,,,,,,,,
9:07:00,0,0,0,224,223,1,,,,,,,,,,,,,,,
9:08:00,0,0,0,224,223,1,,,,,,,,,,,,,,,
9:09:00,0,0,0,225,224,1,,,,,,,,,,,,,,,
9:10:00,0,0,0,225,224,1,,,,,,,,,,,,,,,
9:11:00,2,2,0,227,226,1,,,,,,,,,,,,,,,
9:12:00,1,1,0,228,227,1,,,,,,,,,,,,,,,
9:13:00,1,1,0,229,228,1,,,,,,,,,,,,,,,
9:14:00,1,1,0,230,229,1,,,,,,,,,,,,,,,
9:15:00,0,0,0,230,229,1,,,,,,,,,,,,,,,
9:16:00,2,2,0,232,231,1,,,,,,,,,,,,,,,
9:17:00,0,0,0,232,231,1,,,,,,,,,,,,,,,
9:18:00,0,0,0,232,231,1,,,,,,,,,,,,,,,
9:19:00,0,0,0,232,231,1,,,,,,,,,,,,,,,
9:20:00,0,0,0,232,231,1,,,,,,,,,,,,,,,
9:21:00,0,0,0,232,231,1,,,,,,,,,,,,,,,
9:22:00,0,0,0,232,231,1,,,,,,,,,,,,,,,
9:23:00,0,0,0,232,231,1,,,,,,,,,,,,,,,
9:24:00,0,0,0,232,231,1,,,,,,,,,,,,,,,
9:25:00,0,0,0,232,231,1,,,,,,,,,,,,,,,
9:26:00,0,0,0,232,231,1,,,,,,,,,,,,,,,
9:27:00,0,0,0,232,231,1,,,,,,,,,,,,,,,
9:28:00,0,0,0,232,231,1,,,,,,,,,,,,,,,
9:29:00,0,0,0,232,231,1,,,,,,,,,,,,,,,
9:30:00,0,0,0,232,231,1,,,,,,,,,,,,,,,
9:31:00,0,0,0,232,231,1,,,,,,,,,,,,,,,
9:32:00,0,0,0,232,231,1,,,,,,,,,,,,,,,
9:33:00,0,0,0,232,231,1,,,,,,,,,,,,,,,
9:34:00,0,0,0,232,231,1,,,,,,,,,,,,,,,
9:35:00,0,0,0,232,231,1,,,,,,,,,,,,,,,
9:36:00,0,0,0,232,231,1,,,,,,,,,,,,,,,
9:37:00,0,0,0,232,231,1,,,,,,,,,,,,,,,
9:38:00,0,0,0,232,231,1,,,,,,,,,,,,,,,
9:39:00,0,0,0,232,231,1,,,,,,,,,,,,,,,
9:40:00,0,0,0,232,231,1,,,,,,,,,,,,,,,
9:41:00,0,0,0,232,231,1,,,,,,,,,,,,,,,
9:42:00,0,0,0,232,231,1,,,,,,,,,,,,,,,
9:43:00,0,0,0,232,231,1,,,,,,,,,,,,,,,
9:44:00,0,0,0,232,231,1,,,,,,,,,,,,,,,
9:45:00,0,0,0,232,231,1,,,,,,,,,,,,,,,
9:46:00,0,0,0,232,231,1,,,,,,,,,,,,,,,
9:47:00,0,0,0,232,231,1,,,,,,,,,,,,,,,
9:48:00,0,0,0,232,231,1,,,,,,,,,,,,,,,
9:49:00,0,0,0,232,231,1,,,,,,,,,,,,,,,
9:50:00,0,0,0,232,231,1,,,,,,,,,,,,,,,
9:51:00,0,0,0,232,231,1,,,,,,,,,,,,,,,
9:52:00,0,0,0,232,231,1,,,,,,,,,,,,,,,
9:53:00,0,0,0,232,231,1,,,,,,,,,,,,,,,
9:54:00,0,0,0,232,231,1,,,,,,,,,,,,,,,
9:55:00,0,0,0,232,231,1,,,,,,,,,,,,,,,
9:56:00,0,0,0,232,231,1,,,,,,,,,,,,,,,
9:57:00,0,0,0,232,231,1,,,,,,,,,,,,,,,
9:58:00,0,0,0,232,231,1,,,,,,,,,,,,,,,
9:59:00,0,0,0,232,231,1,,,,,,,,,,,,,,,
10:00:00,0,0,0,232,231,1,,,,,,,,,,,,,,,
10:01:00,0,0,0,232,231,1,,,,,,,,,,,,,,,
10:02:00,0,0,0,232,231,1,,,,,,,,,,,,,,,
10:03:00,0,0,0,232,231,1,,,,,,,,,,,,,,,
10:04:00,0,0,0,232,231,1,,,,,,,,,,,,,,,
10:05:00,0,0,0,232,231,1,,,,,,,,,,,,,,,
10:06:00,0,0,0,232,231,1,,,,,,,,,,,,,,,
10:07:00,0,0,0,232,231,1,,,,,,,,,,,,,,,
10:08:00,0,0,0,232,231,1,,,,,,,,,,,,,,,
10:09:00,0,0,0,232,231,1,,,,,,,,,,,,,,,
10:10:00,0,0,0,232,231,1,,,,,,,,,,,,,,,
10:11:00,0,0,0,232,231,1,,,,,,,,,,,,,,,
10:12:00,0,0,0,232,231,1,,,,,,,,,,,,,,,
10:13:00,0,0,0,232,231,1,,,,,,,,,,,,,,,
10:14:00,0,0,0,232,231,1,,,,,,,,,,,,,,,
10:15:00,0,0,0,232,231,1,,,,,,,,,,,,,,,
10:16:00,0,0,0,232,231,1,,,,,,,,,,,,,,,
10:17:00,0,0,0,232,231,1,,,,,,,,,,,,,,,
10:18:00,0,0,0,232,231,1,,,,,,,,,,,,,,,
10:19:00,0,0,0,232,231,1,,,,,,,,,,,,,,,
10:20:00,0,0,0,232,231,1,,,,,,,,,,,,,,,
10:21:00,0,0,0,232,231,1,,,,,,,,,,,,,,,
10:22:00,0,0,0,232,231,1,,,,,,,,,,,,,,,
10:23:00,0,0,0,232,231,1,,,,,,,,,,,,,,,
10:24:00,0,0,0,232,231,1,,,,,,,,,,,,,,,
10:25:00,0,0,0,232,231,1,,,,,,,,,,,,,,,
10:26:00,0,0,0,232,231,1,,,,,,,,,,,,,,,
10:27:00,0,0,0,232,231,1,,,,,,,,,,,,,,,
10:28:00,0,0,0,232,231,1,,,,,,,,,,,,,,,
10:29:00,0,0,0,232,231,1,,,,,,,,,,,,,,,
10:30:00,0,0,0,232,231,1,,,,,,,,,,,,,,,
10:31:00,0,0,0,232,231,1,,,,,,,,,,,,,,,
10:32:00,0,0,0,232,231,1,,,,,,,,,,,,,,,
10:33:00,0,0,0,232,231,1,,,,,,,,,,,,,,,
10:34:00,0,0,0,232,231,1,,,,,,,,,,,,,,,
10:35:00,0,0,0,232,231,1,,,,,,,,,,,,,,,
10:36:00,0,0,0,232,231,1,,,,,,,,,,,,,,,
10:37:00,0,0,0,232,231,1,,,,,,,,,,,,,,,
10:38:00,0,0,0,232,231,1,,,,,,,,,,,,,,,
10:39:00,0,0,0,232,231,1,,,,,,,,,,,,,,,
10:40:00,0,0,0,232,231,1,,,,,,,,,,,,,,,
10:41:00,3,0,3,235,231,4,,,,,,,,,,,,,,,
10:42:00,3,0,3,235,231,4,,,,,,,,,,,,,,,
10:43:00,9,3,6,279,253,26,,,,,,,,,,,,,,,
10:44:00,9,3,6,279,253,26,,,,,,,,,,,,,,,
10:45:00,0,0,0,301,264,37,,,,,,,,,,,,,,,
10:46:00,0,0,0,301,264,37,,,,,,,,,,,,,,,
10:47:00,1,1,0,327,275,52,,,,,,,,,,,,,,,
10:48:00,1,1,0,327,275,52,,,,,,,,,,,,,,,
10:49:00,1,1,0,327,275,52,,,,,,,,,,,,,,,
10:50:00,15,15,0,344,292,52,,,,,,,,,,,,,,,
10:51:00,9,9,0,366,314,52,,,,,,,,,,,,,,,
10:52:00,9,9,0,366,314,52,,,,,,,,,,,,,,,
10:53:00,0,0,0,366,314,52,,,,,,,,,,,,,,,
10:54:00,0,0,0,366,314,52,,,,,,,,,,,,,,,
10:55:00,0,0,0,370,318,52,,,,,,,,,,,,,,,
10:56:00,0,0,0,370,318,52,,,,,,,,,,,,,,,
10:57:00,0,0,0,370,318,52,,,,,,,,,,,,,,,
10:58:00,0,0,0,370,318,52,,,,,,,,,,,,,,,
10:59:00,0,0,0,370,318,52,,,,,,,,,,,,,,,
11:00:00,0,0,0,373,321,52,,,,,,,,,,,,,,,
11:01:00,0,0,0,373,321,52,,,,,,,,,,,,,,,
11:02:00,0,0,0,390,337,53,,,,,,,,,,,,,,,
11:03:00,0,0,0,390,337,53,,,,,,,,,,,,,,,
11:04:00,0,0,0,390,337,53,,,,,,,,,,,,,,,
11:05:00,0,0,0,390,337,53,,,,,,,,,,,,,,,
11:06:00,0,0,0,390,337,53,,,,,,,,,,,,,,,
11:07:00,0,0,0,392,339,53,,,,,,,,,,,,,,,
11:08:00,0,0,0,392,339,53,,,,,,,,,,,,,,,
11:09:00,0,0,0,395,342,53,,,,,,,,,,,,,,,
11:10:00,0,0,0,395,342,53,,,,,,,,,,,,,,,
11:11:00,0,0,0,395,342,53,,,,,,,,,,,,,,,
11:12:00,0,0,0,395,342,53,,,,,,,,,,,,,,,
11:13:00,0,0,0,395,342,53,,,,,,,,,,,,,,,
11:14:00,0,0,0,405,352,53,,,,,,,,,,,,,,,
11:15:00,0,0,0,405,352,53,,,,,,,,,,,,,,,
11:16:00,0,0,0,405,352,53,,,,,,,,,,,,,,,
11:17:00,0,0,0,405,352,53,,,,,,,,,,,,,,,
11:18:00,4,2,2,14,9,5,,,,,,,,,,,,,,,
11:19:00,4,2,2,14,9,5,,,,,,,,,,,,,,,
11:20:00,0,0,0,20,9,11,,,,,,,,,,,,,,,
11:21:00,1,1,0,21,10,11,,,,,,,,,,,,,,,
11:22:00,1,1,0,21,10,11,,,,,,,,,,,,,,,
11:23:00,1,1,0,21,10,11,,,,,,,,,,,,,,,
11:24:00,1,1,0,21,10,11,,,,,,,,,,,,,,,
11:25:00,1,1,0,21,10,11,,,,,,,,,,,,,,,
11:26:00,0,0,0,21,10,11,,,,,,,,,,,,,,,
11:27:00,0,0,0,21,10,11,,,,,,,,,,,,,,,
11:28:00,0,0,0,41,20,21,,,,,,,,,,,,,,,
11:29:00,0,0,0,41,20,21,,,,,,,,,,,,,,,
11:30:00,1,0,1,61,30,31,,,,,,,,,,,,,,,
11:31:00,0,0,0,61,30,31,,,,,,,,,,,,,,,
11:32:00,2,0,1,1,0,1,,,,,,,,,,,,,,,
11:33:00,9,6,3,10,6,4,,,,,,,,,,,,,,,
11:34:00,9,6,3,10,6,4,,,,,,,,,,,,,,,
11:35:00,23,10,13,41,20,21,,,,,,,,,,,,,,,
11:36:00,0,0,0,5,5,0,,,,,,,,,,,,,,,
11:37:00,0,0,0,5,5,0,,,,,,,,,,,,,,,
11:38:00,0,0,0,0,0,0,,,,,,,,,,,,,,,
11:39:00,0,0,0,0,0,0,,,,,,,,,,,,,,,
11:40:00,0,0,0,0,0,0,,,,,,,,,,,,,,,
11:41:00,0,0,0,0,0,0,,,,,,,,,,,,,,,
11:42:00,0,0,0,0,0,0,,,,,,,,,,,,,,,
11:43:00,0,0,0,0,0,0,,,,,,,,,,,,,,,
11:44:00,0,0,0,0,0,0,,,,,,,,,,,,,,,
11:45:00,0,0,0,0,0,0,,,,,,,,,,,,,,,
11:46:00,0,0,0,0,0,0,,,,,,,,,,,,,,,
11:47:00,0,0,0,0,0,0,,,,,,,,,,,,,,,
11:48:00,0,0,0,0,0,0,,,,,,,,,,,,,,,
11:49:00,0,0,0,0,0,0,,,,,,,,,,,,,,,
11:50:00,0,0,0,0,0,0,,,,,,,,,,,,,,,
11:51:00,0,0,0,0,0,0,,,,,,,,,,,,,,,
11:52:00,0,0,0,0,0,0,,,,,,,,,,,,,,,
11:53:00,0,0,0,0,0,0,,,,,,,,,,,,,,,
11:54:00,0,0,0,0,0,0,,,,,,,,,,,,,,,
11:55:00,0,0,0,0,0,0,,,,,,,,,,,,,,,
11:56:00,0,0,0,0,0,0,,,,,,,,,,,,,,,
11:57:00,0,0,0,0,0,0,,,,,,,,,,,,,,,
11:58:00,0,0,0,0,0,0,,,,,,,,,,,,,,,
11:59:00,0,0,0,0,0,0,,,,,,,,,,,,,,,
12:00:00,0,0,0,0,0,0,,,,,,,,,,,,,,,
12:01:00,0,0,0,0,0,0,,,,,,,,,,,,,,,
12:02:00,0,0,0,0,0,0,,,,,,,,,,,,,,,
12:03:00,0,0,0,0,0,0,,,,,,,,,,,,,,,
12:04:00,0,0,0,0,0,0,,,,,,,,,,,,,,,
12:05:00,0,0,0,0,0,0,,,,,,,,,,,,,,,
12:06:00,0,0,0,0,0,0,,,,,,,,,,,,,,,
12:07:00,0,0,0,0,0,0,,,,,,,,,,,,,,,
12:08:00,0,0,0,0,0,0,,,,,,,,,,,,,,,
12:09:00,0,0,0,0,0,0,,,,,,,,,,,,,,,
12:10:00,0,0,0,0,0,0,,,,,,,,,,,,,,,
12:11:00,0,0,0,0,0,0,,,,,,,,,,,,,,,
12:12:00,0,0,0,0,0,0,,,,,,,,,,,,,,,
12:13:00,0,0,0,0,0,0,,,,,,,,,,,,,,,
12:14:00,0,0,0,0,0,0,,,,,,,,,,,,,,,
12:15:00,0,0,0,0,0,0,,,,,,,,,,,,,,,
12:16:00,0,0,0,0,0,0,,,,,,,,,,,,,,,
12:17:00,0,0,0,0,0,0,,,,,,,,,,,,,,,
12:18:00,0,0,0,0,0,0,,,,,,,,,,,,,,,
12:19:00,0,0,0,0,0,0,,,,,,,,,,,,,,,
12:20:00,0,0,0,0,0,0,,,,,,,,,,,,,,,
12:21:00,0,0,0,0,0,0,,,,,,,,,,,,,,,
12:22:00,0,0,0,0,0,0,,,,,,,,,,,,,,,
12:23:00,0,0,0,0,0,0,,,,,,,,,,,,,,,
12:24:00,0,0,0,0,0,0,,,,,,,,,,,,,,,
12:25:00,0,0,0,0,0,0,,,,,,,,,,,,,,,
12:26:00,0,0,0,0,0,0,,,,,,,,,,,,,,,
12:27:00,0,0,0,0,0,0,,,,,,,,,,,,,,,
12:28:00,0,0,0,0,0,0,,,,,,,,,,,,,,,
12:29:00,0,0,0,0,0,0,,,,,,,,,,,,,,,
12:30:00,0,0,0,0,0,0,,,,,,,,,,,,,,,
12:31:00,0,0,0,0,0,0,,,,,,,,,,,,,,,
12:32:06,0,0,0,0,0,0,,,,,,,,,,,,,,,
12:33:00,0,0,0,0,0,0,,,,,,,,,,,,,,,
12:34:00,0,0,0,0,0,0,,,,,,,,,,,,,,,
12:35:00,0,0,0,0,0,0,,,,,,,,,,,,,,,
12:36:00,0,0,0,0,0,0,,,,,,,,,,,,,,,
12:37:00,0,0,0,0,0,0,,,,,,,,,,,,,,,
12:38:00,0,0,0,0,0,0,,,,,,,,,,,,,,,
12:39:00,0,0,0,0,0,0,,,,,,,,,,,,,,,
12:40:00,0,0,0,0,0,0,,,,,,,,,,,,,,,
12:41:00,0,0,0,0,0,0,,,,,,,,,,,,,,,
12:42:00,0,0,0,0,0,0,,,,,,,,,,,,,,,
12:43:00,0,0,0,0,0,0,,,,,,,,,,,,,,,
12:44:00,0,0,0,0,0,0,,,,,,,,,,,,,,,
12:45:00,0,0,0,0,0,0,,,,,,,,,,,,,,,
12:46:00,0,0,0,0,0,0,,,,,,,,,,,,,,,
12:47:00,0,0,0,0,0,0,,,,,,,,,,,,,,,
12:48:00,0,0,0,0,0,0,,,,,,,,,,,,,,,
12:49:00,0,0,0,0,0,0,,,,,,,,,,,,,,,
12:50:00,0,0,0,0,0,0,,,,,,,,,,,,,,,
12:51:00,0,0,0,0,0,0,,,,,,,,,,,,,,,
12:52:00,0,0,0,0,0,0,,,,,,,,,,,,,,,
12:53:00,0,0,0,0,0,0,,,,,,,,,,,,,,,
12:54:00,0,0,0,0,0,0,,,,,,,,,,,,,,,
12:55:00,0,0,0,0,0,0,,,,,,,,,,,,,,,
12:56:00,0,0,0,0,0,0,,,,,,,,,,,,,,,
12:57:00,0,0,0,0,0,0,,,,,,,,,,,,,,,
12:58:00,0,0,0,0,0,0,,,,,,,,,,,,,,,
12:59:00,0,0,0,0,0,0,,,,,,,,,,,,,,,
13:00:00,0,0,0,0,0,0,,,,,,,,,,,,,,,
13:01:00,0,0,0,0,0,0,,,,,,,,,,,,,,,
13:02:00,0,0,0,0,0,0,,,,,,,,,,,,,,,
13:03:00,0,0,0,0,0,0,,,,,,,,,,,,,,,
13:04:00,0,0,0,0,0,0,,,,,,,,,,,,,,,
13:05:00,0,0,0,0,0,0,,,,,,,,,,,,,,,
13:06:00,0,0,0,0,0,0,,,,,,,,,,,,,,,
13:07:00,0,0,0,0,0,0,,,,,,,,,,,,,,,
13:08:00,0,0,0,0,0,0,,,,,,,,,,,,,,,
13:09:00,0,0,0,0,0,0,,,,,,,,,,,,,,,
13:10:00,0,0,0,0,0,0,,,,,,,,,,,,,,,
13:11:00,0,0,0,0,0,0,,,,,,,,,,,,,,,
13:12:00,0,0,0,0,0,0,,,,,,,,,,,,,,,
13:13:00,0,0,0,0,0,0,,,,,,,,,,,,,,,
13:14:00,0,0,0,0,0,0,,,,,,,,,,,,,,,
13:15:00,0,0,0,0,0,0,,,,,,,,,,,,,,,
13:16:00,0,0,0,0,0,0,,,,,,,,,,,,,,,
13:17:00,0,0,0,0,0,0,,,,,,,,,,,,,,,
13:18:00,0,0,0,0,0,0,,,,,,,,,,,,,,,
13:19:00,0,0,0,0,0,0,,,,,,,,,,,,,,,
13:20:00,0,0,0,0,0,0,,,,,,,,,,,,,,,
13:21:00,0,0,0,0,0,0,,,,,,,,,,,,,,,
13:22:00,0,0,0,0,0,0,,,,,,,,,,,,,,,
13:23:00,0,0,0,1,1,0,,,,,,,,,,,,,,,
13:24:00,0,0,0,1,1,0,,,,,,,,,,,,,,,
13:25:00,0,0,0,2,2,0,,,,,,,,,,,,,,,
13:26:00,2,2,0,6,6,0,,,,,,,,,,,,,,,
13:27:00,4,0,4,10,6,4,,,,,,,,,,,,,,,
13:28:00,0,0,0,14,6,8,,,,,,,,,,,,,,,
13:29:00,0,0,0,14,6,8,,,,,,,,,,,,,,,
13:30:00,0,0,0,14,6,8,,,,,,,,,,,,,,,
13:31:00,3,0,3,17,6,11,,,,,,,,,,,,,,,
13:32:00,2,0,2,19,6,13,,,,,,,,,,,,,,,
13:33:00,0,0,0,19,6,13,,,,,,,,,,,,,,,
13:34:00,0,0,0,19,6,13,,,,,,,,,,,,,,,
13:35:00,0,0,0,27,6,21,,,,,,,,,,,,,,,
13:36:00,0,0,0,27,6,21,,,,,,,,,,,,,,,
13:37:00,0,0,0,27,6,21,,,,,,,,,,,,,,,
13:38:00,0,0,0,27,6,21,,,,,,,,,,,,,,,
13:39:00,0,0,0,0,0,0,,,,,,,,,,,,,,,
13:40:00,0,0,0,0,0,0,,,,,,,,,,,,,,,
13:41:00,0,0,0,0,0,0,,,,,,,,,,,,,,,
13:42:00,0,0,0,20,10,10,,,,,,,,,,,,,,,
13:43:00,0,0,0,20,10,10,,,,,,,,,,,,,,,
13:44:00,0,0,0,20,10,10,,,,,,,,,,,,,,,
13:45:00,0,0,0,20,10,10,,,,,,,,,,,,,,,
13:46:00,0,0,0,20,10,10,,,,,,,,,,,,,,,
13:47:00,0,0,0,20,10,10,,,,,,,,,,,,,,,
13:48:00,0,0,0,20,10,10,,,,,,,,,,,,,,,
13:49:00,0,0,0,22,10,12,,,,,,,,,,,,,,,
13:50:00,2,0,2,24,10,14,,,,,,,,,,,,,,,
13:51:00,0,0,0,24,10,14,,,,,,,,,,,,,,,
13:52:00,0,0,0,24,10,14,,,,,,,,,,,,,,,
13:53:00,0,0,0,24,10,14,,,,,,,,,,,,,,,
13:54:00,0,0,0,24,10,14,,,,,,,,,,,,,,,
13:55:00,0,0,0,24,10,14,,,,,,,,,,,,,,,
13:56:00,0,0,0,24,10,14,,,,,,,,,,,,,,,
13:57:00,6,3,3,39,18,21,,,,,,,,,,,,,,,
13:58:00,6,3,3,39,18,21,,,,,,,,,,,,,,,
13:59:00,0,0,0,43,20,23,,,,,,,,,,,,,,,
14:00:00,0,0,0,43,20,23,,,,,,,,,,,,,,,
14:01:00,0,0,0,5,3,2,,,,,,,,,,,,,,,
14:02:00,0,0,0,39,19,20,,,,,,,,,,,,,,,
14:03:00,0,0,0,39,19,20,,,,,,,,,,,,,,,
14:04:00,0,0,0,39,19,20,,,,,,,,,,,,,,,
14:05:00,8,5,3,57,29,28,,,,,,,,,,,,,,,
14:06:00,15,8,7,97,51,46,,,,,,,,,,,,,,,
14:07:00,0,0,0,105,53,52,,,,,,,,,,,,,,,
14:08:00,0,0,0,105,53,52,,,,,,,,,,,,,,,
14:09:00,0,0,0,105,53,52,,,,,,,,,,,,,,,
14:10:00,0,0,0,105,53,52,,,,,,,,,,,,,,,
14:11:00,0,0,0,105,53,52,,,,,,,,,,,,,,,
14:12:00,0,0,0,105,53,52,,,,,,,,,,,,,,,
14:13:00,0,0,0,105,53,52,,,,,,,,,,,,,,,
14:14:00,0,0,0,105,53,52,,,,,,,,,,,,,,,
14:15:00,0,0,0,105,53,52,,,,,,,,,,,,,,,
14:16:00,31,18,13,136,71,65,,,,,,,,,,,,,,,
14:17:00,7,3,4,178,91,87,,,,,,,,,,,,,,,
14:18:00,12,7,5,216,111,105,,,,,,,,,,,,,,,
14:19:00,13,7,6,249,127,122,,,,,,,,,,,,,,,
14:20:00,10,4,6,281,143,138,,,,,,,,,,,,,,,
14:21:00,2,1,1,307,156,151,,,,,,,,,,,,,,,
14:22:00,7,2,5,345,174,171,,,,,,,,,,,,,,,
14:23:00,7,2,5,379,191,188,,,,,,,,,,,,,,,
14:24:00,3,1,2,407,205,202,,,,,,,,,,,,,,,
14:25:00,8,4,4,448,226,222,,,,,,,,,,,,,,,
14:26:00,5,2,2,477,240,236,,,,,,,,,,,,,,,
14:27:00,4,2,2,510,257,253,,,,,,,,,,,,,,,
14:28:00,32,16,16,538,271,267,,,,,,,,,,,,,,,
14:29:00,3,2,1,575,290,285,,,,,,,,,,,,,,,
14:30:00,0,0,0,577,290,287,,,,,,,,,,,,,,,
14:31:00,0,0,0,577,290,287,,,,,,,,,,,,,,,
14:32:00,0,0,0,577,290,287,,,,,,,,,,,,,,,
14:33:00,0,0,0,577,290,287,,,,,,,,,,,,,,,
14:34:00,0,0,0,577,290,287,,,,,,,,,,,,,,,
14:35:00,0,0,0,577,290,287,,,,,,,,,,,,,,,
14:36:00,0,0,0,577,290,287,,,,,,,,,,,,,,,
14:37:00,0,0,0,577,290,287,,,,,,,,,,,,,,,
14:38:00,0,0,0,577,290,287,,,,,,,,,,,,,,,
14:39:00,0,0,0,577,290,287,,,,,,,,,,,,,,,
14:40:00,0,0,0,577,290,287,,,,,,,,,,,,,,,
14:41:00,0,0,0,577,290,287,,,,,,,,,,,,,,,
14:42:00,0,0,0,577,290,287,,,,,,,,,,,,,,,
14:43:00,0,0,0,577,290,287,,,,,,,,,,,,,,,
14:44:00,0,0,0,577,290,287,,,,,,,,,,,,,,,
14:45:00,7,3,4,584,293,291,,,,,,,,,,,,,,,
14:46:00,29,14,15,622,312,310,,,,,,,,,,,,,,,
14:47:00,25,12,13,654,328,326,,,,,,,,,,,,,,,
14:48:00,26,13,13,688,345,343,,,,,,,,,,,,,,,
14:49:00,18,9,9,714,358,356,,,,,,,,,,,,,,,
14:50:00,18,9,9,714,358,356,,,,,,,,,,,,,,,
14:51:00,18,9,9,714,358,356,,,,,,,,,,,,,,,
14:52:00,25,12,13,822,412,410,,,,,,,,,,,,,,,
14:53:00,17,8,9,848,425,423,,,,,,,,,,,,,,,
15:22:00,0,0,0,0,0,0,,,,,,,,,,,,,,,
15:23:00,0,0,0,0,0,0,,,,,,,,,,,,,,,
15:24:00,0,0,0,0,0,0,,,,,,,,,,,,,,,
15:25:00,0,0,0,0,0,0,,,,,,,,,,,,,,,
15:26:00,0,0,0,0,0,0,,,,,,,,,,,,,,,
15:27:00,0,0,0,0,0,0,,,,,,,,,,,,,,,
15:28:00,0,0,0,0,0,0,,,,,,,,,,,,,,,
15:29:00,0,0,0,0,0,0,,,,,,,,,,,,,,,
15:30:00,0,0,0,0,0,0,,,,,,,,,,,,,,,
15:31:00,0,0,0,0,0,0,,,,,,,,,,,,,,,
15:32:00,0,0,0,0,0,0,,,,,,,,,,,,,,,
15:33:00,0,0,0,0,0,0,,,,,,,,,,,,,,,
15:34:00,0,0,0,0,0,0,,,,,,,,,,,,,,,
15:35:00,0,0,0,0,0,0,,,,,,,,,,,,,,,
15:36:00,0,0,0,0,0,0,,,,,,,,,,,,,,,
15:37:00,0,0,0,0,0,0,,,,,,,,,,,,,,,
15:38:00,0,0,0,0,0,0,,,,,,,,,,,,,,,
15:39:00,0,0,0,0,0,0,,,,,,,,,,,,,,,
15:40:00,0,0,0,0,0,0,,,,,,,,,,,,,,,
15:41:00,0,0,0,0,0,0,,,,,,,,,,,,,,,
15:42:00,0,0,0,0,0,0,,,,,,,,,,,,,,,
15:43:00,0,0,0,0,0,0,,,,,,,,,,,,,,,
15:44:00,0,0,0,0,0,0,,,,,,,,,,,,,,,
15:45:00,0,0,0,0,0,0,,,,,,,,,,,,,,,
15:46:00,0,0,0,0,0,0,,,,,,,,,,,,,,,
15:47:00,0,0,0,0,0,0,,,,,,,,,,,,,,,
15:48:00,0,0,0,0,0,0,,,,,,,,,,,,,,,
15:49:00,0,0,0,0,0,0,,,,,,,,,,,,,,,
15:50:00,0,0,0,0,0,0,,,,,,,,,,,,,,,
15:51:00,0,0,0,0,0,0,,,,,,,,,,,,,,,
15:52:00,0,0,0,0,0,0,,,,,,,,,,,,,,,
15:53:00,0,0,0,0,0,0,,,,,,,,,,,,,,,
15:54:00,0,0,0,0,0,0,,,,,,,,,,,,,,,
15:55:00,0,0,0,0,0,0,,,,,,,,,,,,,,,
15:56:00,0,0,0,0,0,0,,,,,,,,,,,,,,,
15:57:00,0,0,0,0,0,0,,,,,,,,,,,,,,,
15:58:00,0,0,0,0,0,0,,,,,,,,,,,,,,,
15:59:00,0,0,0,0,0,0,,,,,,,,,,,,,,,
16:00:00,0,0,0,0,0,0,,,,,,,,,,,,,,,
16:01:00,0,0,0,0,0,0,,,,,,,,,,,,,,,
16:02:00,0,0,0,0,0,0,,,,,,,,,,,,,,,
16:03:00,0,0,0,0,0,0,,,,,,,,,,,,,,,
16:04:00,0,0,0,0,0,0,,,,,,,,,,,,,,,
16:05:00,0,0,0,0,0,0,,,,,,,,,,,,,,,
16:06:00,0,0,0,0,0,0,,,,,,,,,,,,,,,
16:07:02,0,0,0,0,0,0,,,,,,,,,,,,,,,
16:08:00,0,0,0,0,0,0,,,,,,,,,,,,,,,
16:09:00,0,0,0,0,0,0,,,,,,,,,,,,,,,
16:10:00,0,0,0,0,0,0,,,,,,,,,,,,,,,
16:11:00,0,0,0,0,0,0,,,,,,,,,,,,,,,
16:12:00,0,0,0,0,0,0,,,,,,,,,,,,,,,
16:13:00,0,0,0,0,0,0,,,,,,,,,,,,,,,
16:14:00,0,0,0,0,0,0,,,,,,,,,,,,,,,
16:15:00,0,0,0,0,0,0,,,,,,,,,,,,,,,
16:16:00,0,0,0,0,0,0,,,,,,,,,,,,,,,
16:17:00,0,0,0,0,0,0,,,,,,,,,,,,,,,
16:18:00,0,0,0,0,0,0,,,,,,,,,,,,,,,
16:19:00,0,0,0,0,0,0,,,,,,,,,,,,,,,
16:20:00,0,0,0,0,0,0,,,,,,,,,,,,,,,
16:21:00,0,0,0,0,0,0,,,,,,,,,,,,,,,
16:22:00,0,0,0,0,0,0,,,,,,,,,,,,,,,
16:23:00,0,0,0,0,0,0,,,,,,,,,,,,,,,
16:24:00,0,0,0,0,0,0,,,,,,,,,,,,,,,
16:25:00,0,0,0,0,0,0,,,,,,,,,,,,,,,
16:26:00,0,0,0,0,0,0,,,,,,,,,,,,,,,
16:27:00,0,0,0,0,0,0,,,,,,,,,,,,,,,
16:28:00,0,0,0,0,0,0,,,,,,,,,,,,,,,
16:29:00,0,0,0,0,0,0,,,,,,,,,,,,,,,
16:30:00,0,0,0,0,0,0,,,,,,,,,,,,,,,
16:31:00,0,0,0,0,0,0,,,,,,,,,,,,,,,
16:32:00,0,0,0,0,0,0,,,,,,,,,,,,,,,
16:33:00,0,0,0,0,0,0,,,,,,,,,,,,,,,
16:34:00,0,0,0,0,0,0,,,,,,,,,,,,,,,
16:35:00,0,0,0,0,0,0,,,,,,,,,,,,,,,
16:36:00,0,0,0,0,0,0,,,,,,,,,,,,,,,
16:37:00,0,0,0,0,0,0,,,,,,,,,,,,,,,
16:38:00,0,0,0,0,0,0,,,,,,,,,,,,,,,
16:39:00,0,0,0,0,0,0,,,,,,,,,,,,,,,
16:40:00,0,0,0,0,0,0,,,,,,,,,,,,,,,
16:41:00,0,0,0,0,0,0,,,,,,,,,,,,,,,
16:42:00,0,0,0,0,0,0,,,,,,,,,,,,,,,
16:43:00,0,0,0,0,0,0,,,,,,,,,,,,,,,
16:44:00,0,0,0,0,0,0,,,,,,,,,,,,,,,
16:45:00,0,0,0,0,0,0,,,,,,,,,,,,,,,
16:46:00,0,0,0,0,0,0,,,,,,,,,,,,,,,
16:47:00,0,0,0,0,0,0,,,,,,,,,,,,,,,
16:48:00,0,0,0,0,0,0,,,,,,,,,,,,,,,
16:49:00,0,0,0,0,0,0,,,,,,,,,,,,,,,
16:50:00,0,0,0,0,0,0,,,,,,,,,,,,,,,
16:51:00,0,0,0,0,0,0,,,,,,,,,,,,,,,
